db,category,subcategory,ID,Description,GeneRatio,BgRatio,RichFactor,FoldEnrichment,zScore,pvalue,p.adjust,qvalue,geneID,Count
KEGG,Environmental Information Processing,Signaling molecules and interaction,hsa04519,Cadherin signaling,72/555,404/9382,0.178217821782178,3.01268397109981,10.369097692027,7.26004900954573e-18,2.13445440880645e-15,1.71184313488236e-15,25984/1501/3880/3855/79838/2562/54361/5156/11187/56134/144501/3872/3852/147798/84152/7477/1015/5603/56137/2568/1674/3892/57216/26167/28513/56138/3854/7472/1009/56139/56128/5099/56133/56145/56135/3866/56144/5101/3887/57717/56125/1004/144165/1001/56123/5317/11211/8324/5602/3480/154810/56129/56127/166336/56122/6300/120114/2535/56130/342184/2260/56126/54798/8325/56121/7004/56131/126374/56124/55800/54510/79905,72
KEGG,Cellular Processes,Cell motility,hsa04820,Cytoskeleton in muscle cells,51/555,233/9382,0.218884120171674,3.70012759540657,10.4650168112288,1.10031311892977e-16,1.61746028482676e-14,1.29721125600141e-14,1311/1634/2318/3696/1301/3908/10529/27063/7058/1462/2199/2006/84033/284217/3694/1674/6444/1277/6442/1285/2192/4629/288/1289/1281/1278/9172/8082/8572/8735/22801/1286/633/7057/3675/3680/2274/482/2200/1293/3691/4634/1297/70/6443/114793/27295/1292/2201/171024/127294,51
KEGG,Environmental Information Processing,Signaling molecules and interaction,hsa04512,ECM-receptor interaction,28/555,89/9382,0.314606741573034,5.31827108006883,10.2634041962251,7.54424006874974e-14,7.39335526737474e-12,5.92950798385944e-12,341640/1311/80144/3918/3696/3908/7058/284217/3694/158326/1277/1285/10319/3371/255743/1278/22801/1286/7057/3675/3680/63923/1293/9900/3691/1297/7148/1292,28
KEGG,Environmental Information Processing,Signaling molecules and interaction,hsa04518,Integrin signaling,35/555,154/9382,0.227272727272727,3.84193284193284,8.91630415038884,2.62022202431273e-12,1.92586318786986e-10,1.54455193012119e-10,341640/1311/80144/5156/3918/3696/3908/7058/284217/3694/158326/3082/1277/1285/10319/3371/255743/1278/22801/1286/7057/3480/3675/3680/63923/2200/1293/3691/1297/7148/1292/5154/8440/80310/7040,35
KEGG,Organismal Systems,Digestive system,hsa04974,Protein digestion and absorption,27/555,103/9382,0.262135922330097,4.43127787982157,8.77987659556796,2.60493105397888e-11,1.53169945973958e-09,1.22843064440267e-09,486/169044/1301/1300/6550/1307/2006/7373/1277/1285/8645/1289/1281/1296/1295/1278/1286/1303/91522/482/1293/1305/1306/1297/1308/1292/3784,27
KEGG,Human Diseases,Cardiovascular disease,hsa05410,Hypertrophic cardiomyopathy,23/555,99/9382,0.232323232323232,3.92730912730913,7.34186687010488,1.00220358365461e-08,4.91079755990761e-07,3.93848425857252e-07,3696/3908/284217/6262/3694/1674/6444/6442/3569/8082/776/22801/7042/3675/3680/3691/4634/70/6443/775/9254/1906/7040,23
KEGG,Human Diseases,Cardiovascular disease,hsa05414,Dilated cardiomyopathy,23/555,105/9382,0.219047619047619,3.70289146289146,6.98367425509056,3.29306984406378e-08,1.38308933450679e-06,1.10924457905306e-06,3696/3908/284217/6262/3694/1674/6444/111/6442/8082/776/22801/5350/7042/3675/3680/3691/4634/70/6443/775/9254/7040,23
KEGG,Environmental Information Processing,Signal transduction,hsa04024,cAMP signaling pathway,35/555,226/9382,0.154867256637168,2.61795423742326,6.17350860163419,1.29019782372424e-07,4.74147700218657e-06,3.80268832255565e-06,486/1080/84152/6755/2903/6662/134/90993/6262/64399/111/10257/3776/776/4886/5350/2353/5602/10021/7434/2550/2696/5021/5733/482/2735/2906/775/1258/10846/5141/51196/1906/627/2737,35
KEGG,Environmental Information Processing,Signal transduction,hsa04151,PI3K-Akt signaling pathway,47/555,362/9382,0.129834254143646,2.19478373401025,5.81306011471306,2.37096664929976e-07,7.74515772104587e-06,6.21165531512451e-06,2263/5522/1311/5156/3918/3696/3908/7058/4915/2069/284217/90993/3694/5979/3082/1277/1902/1285/10319/7039/4804/3371/1278/3569/22801/1286/7010/7057/3480/3675/3680/2246/63923/284/2252/4908/1293/3691/1297/2260/7148/3815/1292/5154/3164/80310/627,47
KEGG,Environmental Information Processing,Signal transduction,hsa04020,Calcium signaling pathway,36/555,254/9382,0.141732283464567,2.39591402426048,5.65525522062514,7.96658698107332e-07,2.34217657243556e-05,1.87843735132676e-05,2263/5156/8912/4915/2903/3710/6262/4486/5979/3082/7039/5136/776/5731/5350/624/623/89832/5021/2246/5733/2252/57172/5332/2260/3274/4923/2906/775/4916/6865/9630/5154/51196/80310/4776,36
KEGG,Environmental Information Processing,Signal transduction,hsa04310,Wnt signaling pathway,28/555,178/9382,0.157303370786517,2.65913554003442,5.60361202738741,1.72878649829037e-06,4.62057482270336e-05,3.70572416858415e-05,1501/4316/6425/54361/147495/2239/7477/6423/59352/6424/85409/84870/57216/7472/4920/6422/27123/144165/11211/8324/5602/166336/5332/2535/8325/2487/8061/4776,28
KEGG,Cellular Processes,Cellular community - eukaryotes,hsa04510,Focal adhesion,29/555,203/9382,0.142857142857143,2.41492921492922,5.11033704208821,8.12659929408098e-06,0.000199101682704984,0.000159680547532819,1311/5156/3918/3696/3908/7058/284217/3694/3082/1277/1285/10319/3371/1278/22801/1286/5602/7057/3480/3675/3680/63923/1293/3691/1297/7148/1292/5154/80310,29
KEGG,Human Diseases,Cardiovascular disease,hsa05412,Arrhythmogenic right ventricular cardiomyopathy,17/555,86/9382,0.197674418604651,3.34158809972763,5.46985944383358,9.0593100789519e-06,0.000204879781785528,0.000164314611958318,3696/3908/284217/6262/3694/1674/6444/6442/8082/776/22801/3675/3680/3691/6443/775/9254,17
KEGG,Environmental Information Processing,Signal transduction,hsa04350,TGF-beta signaling pathway,19/555,110/9382,0.172727272727273,2.91986895986896,5.07861995079941,2.101827195363e-05,0.000436483650116749,0.000350062075281603,57817/1634/26585/655/10637/2331/658/3400/653/7042/7057/392255/4052/2200/4093/4681/3397/353500/7040,19
KEGG,Human Diseases,Endocrine and metabolic disease,hsa04933,AGE-RAGE signaling pathway in diabetic complications,18/555,101/9382,0.178217821782178,3.01268397109981,5.09921571683822,2.22695739855484e-05,0.000436483650116749,0.000350062075281603,5603/1277/1285/1281/4313/1278/3569/1286/2152/7042/5602/6347/1958/6300/5332/51196/1906/7040,18
KEGG,Environmental Information Processing,Signal transduction,hsa04390,Hippo signaling pathway,23/555,157/9382,0.146496815286624,2.4764560739083,4.67790788685991,4.67393786972358e-05,0.000858836083561708,0.000688790843959265,5522/54361/7477/655/85409/7472/2736/658/166824/1741/653/7042/11211/8324/392255/2246/2535/8325/7004/3397/353500/126374/7040,23
KEGG,Human Diseases,Cancer: overview,hsa05205,Proteoglycans in cancer,27/555,204/9382,0.132352941176471,2.23736089030207,4.48024679973319,6.57467760157182e-05,0.00110815093032587,0.000888742600762603,4060/1634/54361/7477/5603/3710/3082/1277/7472/288/4313/1278/117581/7042/11211/2817/8324/7057/3480/7291/6300/2535/2260/8325/3316/51196/7040,27
KEGG,Human Diseases,Infectious disease: viral,hsa05165,Human papillomavirus infection,38/555,333/9382,0.114114114114114,1.92904255606958,4.32834556759117,6.78459753260737e-05,0.00110815093032587,0.000888742600762603,5522/1311/54361/3918/3696/3908/7058/7477/284217/90993/3694/1277/1285/10319/7472/3371/54626/1278/1741/22801/1286/525/11211/8324/5743/7057/3675/3680/63923/26508/1293/3691/2535/1297/7148/8325/57801/1292,38
KEGG,Organismal Systems,Development and regeneration,hsa04360,Axon guidance,25/555,184/9382,0.135869565217391,2.29680767724246,4.45453399940241,7.92214704718455e-05,0.00122584801677487,0.000983136254055035,54361/655/5365/10512/91584/2051/2049/2042/6387/658/57556/90249/57689/84448/6586/285220/1949/9037/2242/55558/7223/2047/80031/8440/4776,25
KEGG,Organismal Systems,Immune system,hsa04657,IL-17 signaling pathway,16/555,94/9382,0.170212765957447,2.87736246885183,4.5868596443246,0.00011172983587178,0.00164242858731516,0.00131723595975151,727897/6372/6374/2919/5603/2354/3569/2921/6356/2353/225689/5602/5743/6347/6300/8061,16
KEGG,Environmental Information Processing,Signaling molecules and interaction,hsa04514,Cell adhesion molecule (CAM) interaction,22/555,160/9382,0.1375,2.32436936936937,4.23663506387711,0.000176337234646786,0.002468721285055,0.00197992684515689,1364/9071/79679/3696/5802/1462/1272/9369/4685/4684/6403/5010/1001/57689/3680/139065/58494/23114/22871/257194/7122/152404,22
KEGG,Organismal Systems,Development and regeneration,hsa04382,Cornified envelope formation,27/555,217/9382,0.124423963133641,2.10332544526093,4.12317494969163,0.000188751434285484,0.00252240553090601,0.00202298187942336,25984/3880/5652/3855/1364/5522/9071/11187/3918/144501/3872/3852/3892/3854/1285/3866/6768/5010/3887/1286/5317/1041/3691/26154/79852/1308/7122,27
KEGG,Cellular Processes,Cellular community - eukaryotes,hsa04550,Signaling pathways regulating pluripotency of stem cells,20/555,144/9382,0.138888888888889,2.34784784784785,4.08693408024502,0.000300001856078447,0.00382209972203881,0.00306534313546972,2263/54361/7477/5603/10637/7472/3231/658/3400/11211/8324/3480/3977/6300/2535/4093/9314/2260/8325/3397,20
KEGG,Environmental Information Processing,Signaling molecules and interaction,hsa04080,Neuroactive ligand-receptor interaction,39/555,371/9382,0.105121293800539,1.77702338457055,3.82912060399715,0.000312008140574597,0.00382209972203881,0.00306534313546972,2562/2743/6344/2894/6755/130576/2903/2859/2150/2918/134/150/2568/1902/2151/51083/5745/4886/9002/5731/2831/624/187/623/7434/89832/2550/2696/5021/5733/1138/1903/5739/3274/4889/4923/2906/6865/1906,39
KEGG,Human Diseases,Infectious disease: parasitic,hsa05146,Amoebiasis,16/555,103/9382,0.155339805825243,2.62594244730167,4.16042493170118,0.000333448751923458,0.00392135732261986,0.00314494822866756,2919/3918/3908/284217/1277/1285/10319/1281/1278/3569/2921/1286/7042/5332/9630/7040,16
KEGG,Environmental Information Processing,Signaling molecules and interaction,hsa04060,Cytokine-cytokine receptor interaction,33/555,298/9382,0.110738255033557,1.87197533103573,3.83564375370089,0.000354361903900681,0.00400701537487693,0.0032136464159414,6372/1271/6366/6374/2919/9547/655/3623/2658/4804/5197/1896/6387/3569/658/9173/2921/6356/10344/653/7042/392255/6347/3977/90865/146433/9966/1489/353500/27242/3589/8794/7040,33
KEGG,Environmental Information Processing,Signal transduction,hsa04010,MAPK signaling pathway,33/555,300/9382,0.11,1.8594954954955,3.79383099015685,0.000400157622934725,0.00435727189417811,0.00349455390009272,2263/5156/8912/4915/2069/5603/5979/3082/7039/4804/776/2353/7042/7010/5602/3480/255189/5321/2246/284/6300/2252/4908/2260/3815/775/5801/9254/5154/3164/80310/627/7040,33
KEGG,Human Diseases,Immune disease,hsa05323,Rheumatoid arthritis,15/555,95/9382,0.157894736842105,2.66913229018492,4.09995731228984,0.000424201539840415,0.00445411616832435,0.00357222349339297,6372/6374/2919/6387/3569/2921/525/2353/7042/7010/6347/284/1513/3589/7040,15
KEGG,Organismal Systems,Endocrine system,hsa04911,Insulin secretion,14/555,86/9382,0.162790697674419,2.75189608212864,4.09236164573992,0.000475843810374058,0.00482407173275769,0.00386892971048236,486/3651/6616/3710/90993/6262/111/3781/3767/776/482/5332/775/27345,14
KEGG,Environmental Information Processing,Signal transduction,hsa04015,Rap1 signaling pathway,25/555,212/9382,0.117924528301887,1.99345571987081,3.6685654655106,0.000726884102897808,0.00712346420839852,0.00571305400172312,2263/5156/2903/5603/3082/111/1902/4804/9002/7010/7057/3480/5587/2246/5909/284/6300/2252/5332/2260/3815/3397/5154/51196/80310,25
KEGG,Metabolism,Glycan biosynthesis and metabolism,hsa00512,Mucin type O-glycan biosynthesis,8/555,36/9382,0.222222222222222,3.75655655655656,4.15498792175769,0.000986853637603058,0.00935919256307417,0.00750611934883141,10331/79695/2591/79623/51809/114805/11227/55808,8
KEGG,Human Diseases,Cancer: specific types,hsa05217,Basal cell carcinoma,11/555,63/9382,0.174603174603175,2.95158015158015,3.89705475303321,0.00104025171497205,0.00955731263130574,0.00766501263663619,54361/7477/64399/7472/2736/11211/8324/2735/2535/8325/2737,11
KEGG,Organismal Systems,Endocrine system,hsa04927,Cortisol synthesis and secretion,11/555,65/9382,0.169230769230769,2.8607623007623,3.77462685528101,0.00135849663108875,0.0121029699860634,0.00970664259533904,8912/3710/90993/111/3776/3777/5087/776/5332/775/3164,11
KEGG,Human Diseases,Substance dependence,hsa05030,Cocaine addiction,9/555,49/9382,0.183673469387755,3.10490899062328,3.70412152377361,0.00203447490769185,0.017592224201806,0.0141090519914234,84152/2903/90993/2354/111/26086/6531/2906/627,9
KEGG,Environmental Information Processing,Signaling molecules and interaction,hsa04061,Viral protein interaction with cytokine and cytokine receptor,14/555,100/9382,0.14,2.36663063063063,3.44504472644012,0.00216495161856589,0.0181855935959535,0.0145849372198123,6372/6366/6374/2919/9547/5197/6387/3569/2921/6356/10344/6347/146433/8794,14
KEGG,Human Diseases,Infectious disease: parasitic,hsa05144,Malaria,9/555,50/9382,0.18,3.04281081081081,3.63153539072356,0.00235395419526157,0.0192239592613029,0.0154177116882629,1311/7058/3082/6403/3569/7042/7057/6347/7040,9
KEGG,Organismal Systems,Digestive system,hsa04972,Pancreatic secretion,14/555,102/9382,0.137254901960784,2.3202261084614,3.36154485773239,0.00261399808699444,0.020770687502064,0.0166581954903771,486/1080/6344/3710/6262/111/5874/9545/482/6558/5332/5322/3784/683,14
KEGG,Organismal Systems,Endocrine system,hsa04928,"Parathyroid hormone synthesis, secretion and action",15/555,115/9382,0.130434782608696,2.20493537015276,3.25992484551731,0.00309668756454362,0.0239585827362059,0.0192149034475837,65268/10568/5744/3710/4326/90993/111/5745/27347/2353/1958/4325/5332/2260/5141,15
KEGG,Metabolism,Lipid metabolism,hsa00590,Arachidonic acid metabolism,10/555,63/9382,0.158730158730159,2.68325468325468,3.3612432769578,0.00361195128791916,0.0272285558627752,0.021837438285935,5730/9536/5740/2678/2687/5743/255189/5321/5322/4056,10
KEGG,Organismal Systems,Circulatory system,hsa04261,Adrenergic signaling in cardiomyocytes,18/555,154/9382,0.116883116883117,1.97585117585118,3.06164373802936,0.00424938359027738,0.0312329693885388,0.0250489980058456,486/5522/5603/90993/6262/111/3776/6332/776/5350/482/6300/4634/5332/70/775/9254/3784,18
KEGG,Human Diseases,Endocrine and metabolic disease,hsa04934,Cushing syndrome,18/555,155/9382,0.116129032258065,1.9631037489102,3.03160879548138,0.00455168739296797,0.0326389291105508,0.0261765847503164,54361/8912/7477/3710/90993/111/7472/3776/3777/5087/776/11211/8324/5332/2535/8325/775/3164,18
KEGG,Organismal Systems,Endocrine system,hsa04925,Aldosterone synthesis and secretion,13/555,98/9382,0.13265306122449,2.2424342710057,3.10015487541526,0.00493183365600745,0.0345228355920522,0.0276874871916208,8912/3710/90993/111/3777/776/747/5587/482/57172/5332/775/3164,13
KEGG,Organismal Systems,Sensory system,hsa04750,Inflammatory mediator regulation of TRP channels,13/555,99/9382,0.131313131313131,2.21978341978342,3.05928997893136,0.00538022028838165,0.0367856922042838,0.0295023095372702,5603/3710/2150/59341/111/624/5602/623/255189/5321/6300/5332/8989,13
KEGG,Human Diseases,Substance dependence,hsa05031,Amphetamine addiction,10/555,69/9382,0.144927536231884,2.44992818905862,3.03103348002636,0.00700083034958985,0.046778275517714,0.0375164114427782,84152/2903/90993/2354/111/776/2353/6531/2906/775,10
KEGG,Environmental Information Processing,Signal transduction,hsa04014,Ras signaling pathway,24/555,238/9382,0.100840336134454,1.70465591642062,2.76097178673022,0.00721919150701885,0.0471653845125232,0.0378268747970111,2263/5156/4915/8437/2903/3082/7039/4804/7010/5602/3480/255189/5321/2246/284/2252/4908/2260/3815/5322/5154/51196/80310/627,24
GO_BP,,,GO:0030198,extracellular matrix organization,84/1059,331/18860,0.253776435045317,4.51956899429149,15.7566032468086,1.00899129777816e-32,2.69289672433012e-29,1.99250142184236e-29,MMP7/LUM/SPINT1/COMP/MFAP4/DPT/POSTN/PDGFRA/LOXL4/COL11A1/LAMA2/GREM1/PDPN/CCDC80/SFRP2/APLP1/SPINT2/ELN/LAMA1/SULF1/MMP17/PAPLN/SOX9/ADAMTSL2/CREB3L1/FAP/COL14A1/MMP10/AEBP1/FLRT2/FMOD/COL1A1/ADAMTS2/COL4A3/LOXL1/HAS2/FBLN1/MYH11/COL5A1/COL3A1/ABI3BP/COL8A2/QSOX1/DDR1/NPNT/MMP11/MMP2/HAS1/HMCN1/EMILIN1/COL1A2/MMP23B/ADAMTS3/IL6/FBLN5/PRICKLE1/SMOC2/COL4A4/CYP1B1/CRISPLD2/MMP28/TGFB2/PTX3/FOXF2/FKBP10/ANTXR1/LOX/EGFL6/COL12A1/SULF2/LTBP4/FOXC1/ADAMTS10/ADAMTSL1/ADAMTS14/ADAMTS6/MMP16/PRDM5/ZNF469/TNXB/CTSK/FOXF1/P4HA3/TGFB1,84
GO_BP,,,GO:0043062,extracellular structure organization,84/1059,332/18860,0.253012048192771,4.50595583467013,15.7197748666574,1.28067492083542e-32,2.69289672433012e-29,1.99250142184236e-29,MMP7/LUM/SPINT1/COMP/MFAP4/DPT/POSTN/PDGFRA/LOXL4/COL11A1/LAMA2/GREM1/PDPN/CCDC80/SFRP2/APLP1/SPINT2/ELN/LAMA1/SULF1/MMP17/PAPLN/SOX9/ADAMTSL2/CREB3L1/FAP/COL14A1/MMP10/AEBP1/FLRT2/FMOD/COL1A1/ADAMTS2/COL4A3/LOXL1/HAS2/FBLN1/MYH11/COL5A1/COL3A1/ABI3BP/COL8A2/QSOX1/DDR1/NPNT/MMP11/MMP2/HAS1/HMCN1/EMILIN1/COL1A2/MMP23B/ADAMTS3/IL6/FBLN5/PRICKLE1/SMOC2/COL4A4/CYP1B1/CRISPLD2/MMP28/TGFB2/PTX3/FOXF2/FKBP10/ANTXR1/LOX/EGFL6/COL12A1/SULF2/LTBP4/FOXC1/ADAMTS10/ADAMTSL1/ADAMTS14/ADAMTS6/MMP16/PRDM5/ZNF469/TNXB/CTSK/FOXF1/P4HA3/TGFB1,84
GO_BP,,,GO:0045229,external encapsulating structure organization,84/1059,333/18860,0.252252252252252,4.49242443576721,15.6830921559634,1.62385732120409e-32,2.69289672433012e-29,1.99250142184236e-29,MMP7/LUM/SPINT1/COMP/MFAP4/DPT/POSTN/PDGFRA/LOXL4/COL11A1/LAMA2/GREM1/PDPN/CCDC80/SFRP2/APLP1/SPINT2/ELN/LAMA1/SULF1/MMP17/PAPLN/SOX9/ADAMTSL2/CREB3L1/FAP/COL14A1/MMP10/AEBP1/FLRT2/FMOD/COL1A1/ADAMTS2/COL4A3/LOXL1/HAS2/FBLN1/MYH11/COL5A1/COL3A1/ABI3BP/COL8A2/QSOX1/DDR1/NPNT/MMP11/MMP2/HAS1/HMCN1/EMILIN1/COL1A2/MMP23B/ADAMTS3/IL6/FBLN5/PRICKLE1/SMOC2/COL4A4/CYP1B1/CRISPLD2/MMP28/TGFB2/PTX3/FOXF2/FKBP10/ANTXR1/LOX/EGFL6/COL12A1/SULF2/LTBP4/FOXC1/ADAMTS10/ADAMTSL1/ADAMTS14/ADAMTS6/MMP16/PRDM5/ZNF469/TNXB/CTSK/FOXF1/P4HA3/TGFB1,84
GO_BP,,,GO:0072001,renal system development,72/1059,334/18860,0.215568862275449,3.83912062560432,12.7688374556277,1.53335281915941e-23,1.90710756882951e-20,1.41108810752643e-20,EPCAM/FGFR2/FREM2/PROM1/FRAS1/CD24/BICC1/WNT4/PDGFRA/PKHD1/GREM1/WNT7B/OVOL1/BMP7/TACSTD2/CYP26B1/SULF1/MMP17/SOX9/STRA6/RET/CRLF1/VANGL2/KIF26B/PTK7/COL4A3/ANKS6/HAS2/SFRP1/OSR1/NPNT/GLI2/ALDH1A2/PBX1/PRICKLE1/KLHL3/COL4A4/CDKN1C/BMPER/TGFB2/TEK/ITGA3/SOX11/GDF6/PCSK5/FGF1/MYOCD/SULF2/FOXC1/EGR1/HEYL/GLIS2/AQP1/TCF21/ANGPT1/DLL1/FBN1/ADAMTS6/FGFR1/DCHS2/DYNC2H1/FOXF1/PRKX/PDGFA/SOX8/PLCE1/EDN1/PDGFD/TMEM59L/TGFB1/KIRREL3/GLI3,72
GO_BP,,,GO:0001822,kidney development,69/1059,323/18860,0.213622291021672,3.80445364369096,12.3998066176035,2.29105497528286e-22,2.27959970040645e-19,1.6866987891714e-19,EPCAM/FGFR2/FREM2/PROM1/FRAS1/CD24/BICC1/WNT4/PDGFRA/PKHD1/GREM1/WNT7B/OVOL1/BMP7/TACSTD2/CYP26B1/SULF1/MMP17/SOX9/STRA6/RET/CRLF1/VANGL2/KIF26B/PTK7/COL4A3/ANKS6/HAS2/SFRP1/OSR1/NPNT/GLI2/ALDH1A2/PBX1/KLHL3/COL4A4/CDKN1C/BMPER/TGFB2/TEK/ITGA3/SOX11/GDF6/PCSK5/FGF1/SULF2/FOXC1/EGR1/HEYL/GLIS2/AQP1/TCF21/ANGPT1/DLL1/FBN1/ADAMTS6/FGFR1/DCHS2/DYNC2H1/PRKX/PDGFA/SOX8/PLCE1/EDN1/PDGFD/TMEM59L/TGFB1/KIRREL3/GLI3,69
GO_BP,,,GO:0098742,cell-cell adhesion via plasma-membrane adhesion molecules,61/1059,279/18860,0.218637992831541,3.8937795512775,11.877310596224,1.92511744987896e-20,1.59624321885797e-17,1.18107644249592e-17,CLDN4/CLDN10/PCDHAC2/GATA5/PTPRS/CEACAM6/GPC4/SDK1/CDH17/SDK2/PLXNB3/PCDHA12/RET/PCDHB5/CDH19/DSCAML1/PCDHA11/PTK7/PTPRT/CDH11/PCDHA10/PCDHB8/MDGA1/PCDH7/PCDHB2/PCDHA3/PCDHAC1/SELP/CLDN11/PCDHA4/PCDH9/CLSTN2/PCDHB16/HMCN1/PCDHB11/CDH6/CDH3/PCDHB13/TGFB2/LRRC4C/ITGA3/PCDHB7/PCDHB9/AMIGO2/PCDHB14/FAT3/CNTN4/KLF4/PCDHB6/PCDHB10/DCHS2/NEXN/PCDHB15/NLGN1/PCDHB4/CLDN5/LRFN4/PCDHB12/PCDH18/IGSF11/KIRREL3,61
GO_BP,,,GO:0007156,homophilic cell adhesion via plasma membrane adhesion molecules,46/1059,168/18860,0.273809523809524,4.87634336076263,12.3093211946769,7.21344843587576e-20,5.12670085264027e-17,3.79329762109136e-17,PCDHAC2/CEACAM6/SDK1/CDH17/SDK2/PLXNB3/PCDHA12/RET/PCDHB5/CDH19/DSCAML1/PCDHA11/PTK7/PTPRT/CDH11/PCDHA10/PCDHB8/PCDH7/PCDHB2/PCDHA3/PCDHAC1/PCDHA4/PCDH9/CLSTN2/PCDHB16/HMCN1/PCDHB11/CDH6/CDH3/PCDHB13/PCDHB7/PCDHB9/AMIGO2/PCDHB14/FAT3/CNTN4/PCDHB6/PCDHB10/DCHS2/NEXN/PCDHB15/PCDHB4/PCDHB12/PCDH18/IGSF11/KIRREL3,46
GO_BP,,,GO:0030199,collagen fibril organization,28/1059,71/18860,0.394366197183099,7.02336777986142,12.402288592715,3.05392866513141e-17,1.89916188862859e-14,1.40520901867954e-14,LUM/COMP/DPT/LOXL4/COL11A1/GREM1/SFRP2/COL14A1/AEBP1/FMOD/COL1A1/ADAMTS2/LOXL1/COL5A1/COL3A1/MMP11/EMILIN1/COL1A2/ADAMTS3/CYP1B1/TGFB2/FKBP10/LOX/COL12A1/FOXC1/ADAMTS14/TNXB/P4HA3,28
GO_BP,,,GO:0007409,axonogenesis,76/1059,472/18860,0.161016949152542,2.86759174789136,10.0223786899481,6.18188402936325e-17,3.41720811623135e-14,2.52842671937816e-14,FGFR2/UCHL1/PCDHAC2/LAMA2/PTPRS/EPHA10/NTRK2/WNT7B/CNTN1/LGR6/APLP1/BMP7/NRXN3/PLXNB3/SEMA3C/BRSK2/PLXNA4/RET/PLEKHG4B/FLRT2/VANGL2/DSCAML1/PTK7/EPHB6/NCAM1/EPHB3/EPHA3/KIAA1755/NGFR/CDH11/ANK3/OLFM1/BCL11A/GLI2/NPTX1/CXCL12/BMPR1B/SEMA6A/CRABP2/PRICKLE1/TIAM2/TGFB2/UNC5A/VAX2/EGR2/NDN/KIF5C/LRRC4C/NEFL/NR4A3/DCLK1/LHX2/TNN/SLIT3/EPHA6/EFNB3/MAP6/CNTN4/GAP43/PTPRZ1/SLITRK4/ULK2/ISLR2/SEMA5A/MAP1A/DCHS2/NEXN/NFASC/PLXNA3/NTRK3/EPHB1/SEMA6D/EDN1/BRSK1/BDNF/GLI3,76
GO_BP,,,GO:0001503,ossification,74/1059,455/18860,0.162637362637363,2.89645010324897,9.98767307670341,9.21830876623198e-17,4.58610861120041e-14,3.39330797426455e-14,FGFR2/COMP/WNT4/GREM1/HAND2/VCAN/WNT7B/CHRDL1/SFRP2/BMP7/PTHLH/SOX9/CREB3L1/CTHRC1/ACHE/GDF2/HGF/COL1A1/TMEM119/LTF/CDH11/CHRDL2/SLC24A3/SFRP1/OSR1/TNC/NPNT/GLI2/MMP2/TNFAIP6/GALNT3/COL1A2/PBX1/PTN/IL6/BMPR1B/ASPN/MGP/PTH1R/PRICKLE1/ITGA11/TWIST2/MRC2/FSTL3/ATP6V1B1/ID4/BMP5/EGR2/SOX11/PRKD1/LOX/FHL2/IGFBP5/GABBR1/MN1/FOXC1/TWIST1/GLI1/COL13A1/SNAI1/MMP16/SMAD9/PKDCC/CLEC11A/MSX2/ID1/FBN2/BMP8A/ECM1/SOX8/DHH/TGFB1/GLI3/XYLT1,74
GO_BP,,,GO:0007416,synapse assembly,56/1059,284/18860,0.197183098591549,3.51168388993071,10.4023906468596,1.03523429246572e-16,4.68208236819724e-14,3.4643199241652e-14,GABRB3/VLDLR/DNER/THBS2/PTPRS/NTRK2/GPC4/SDK1/SDK2/PLXNB3/PLXNA4/ACHE/FLRT2/PCDHB5/LRRC15/CSMD2/EPHB3/GPM6A/TPBG/LRRN1/MDGA1/PCDHB2/CRTAC1/PTPN13/CLSTN2/PCDHB16/NRG3/NPTX1/PCDHB11/RTN4RL1/PRICKLE1/SRPX2/PCDHB13/LGI2/PCDHB9/CRMP1/AMIGO2/PCDHB14/SNCA/MARK1/GAP43/SLITRK4/PCDHB6/FGFR1/PCDHB10/NLGN1/PLXNA3/NTRK3/PCDHB4/NEGR1/LRFN4/EPHB1/LRRN3/IGSF11/BDNF/KIRREL3,56
GO_BP,,,GO:0048568,embryonic organ development,74/1059,472/18860,0.156779661016949,2.79212880715738,9.61740893681705,7.06603468252719e-16,2.92946021213106e-13,2.1675371302454e-13,KRT19/FGFR2/SPINT1/EFEMP1/PDGFRA/COL11A1/HAND2/MFAP2/WNT7B/BMP7/SPINT2/GRHL2/SOX9/CTHRC1/RYR2/PLXNA4/ALDH1A3/STRA6/RSPO3/VANGL2/DSCAML1/PTK7/WNT2/PCDHA10/OVOL2/MDFI/OSR1/GLI2/ST14/EN2/ALDH1A2/PBX1/HOXB9/PRICKLE1/CDKN1C/ATP6V1B1/TBX1/BMP5/TGFB2/NDRG4/VAX2/APLNR/MYO3A/SOX11/FOXF2/NR4A3/PCSK5/PRRX1/MFAP5/FOXC1/TWIST1/TCF21/DLL1/FBN1/GLI1/SNAI1/MMP16/FZD2/FGFR1/PKDCC/FOXE1/KIT/FOXF1/TEAD4/FRZB/FBN2/ZFPM2/EN1/PDGFA/KCNQ1/EDN1/GJA5/TGFB1/GLI3,74
GO_BP,,,GO:0060537,muscle tissue development,72/1059,453/18860,0.158940397350993,2.83060990938596,9.61919024181658,8.49094247075869e-16,3.24941836861727e-13,2.40427739435167e-13,FGFR2/PDGFRA/COL11A1/NEBL/GATA5/GREM1/DNER/ANKRD1/MSC/BMP7/FHOD3/CYP26B1/ELN/SEMA3C/SOX9/RYR2/COL14A1/STRA6/SGCD/KLF5/WNT2/OBSL1/MYH11/RGS4/COL3A1/KCNK2/OSR1/EYA2/ALDH1A2/KCNJ11/MYOM2/PRICKLE1/PLN/FOS/TBX1/BMP5/TGFB2/NDRG4/GPC1/FZD7/EGR2/HCN4/SOX11/LOX/FHL2/SRPK3/IGFBP5/MYOCD/TNN/FOXC1/TWIST1/EGR1/HEYL/TCF21/DLL1/GLI1/MYL3/ACTC1/FGFR1/FES/SGCB/PI16/JPH2/MSX2/ZFPM2/BARX2/EPHB1/NR4A1/SOX8/EDN1/GJA5/TGFB1,72
GO_BP,,,GO:0051216,cartilage development,46/1059,216/18860,0.212962962962963,3.79271150281537,10.0685866626148,2.87178856184633e-15,1.02051057822753e-12,7.55086060208767e-13,LUM/COMP/EFEMP1/OGN/ITGB8/COL11A1/GREM1/HAND2/EVC/WNT7B/SFRP2/BMP7/PTHLH/SULF1/SOX9/TRPV4/GDF2/COL1A1/CHRDL2/TIMP1/COL3A1/OSR1/GALNT3/BMPR1B/SCIN/MGP/PTH1R/BMP5/TGFB2/BGN/MBOAT2/GDF6/PRRX1/SULF2/SNAI1/FGFR1/PKDCC/CTSK/FRZB/MSX2/BMP8A/BARX2/ECM1/EDN1/TGFB1/GLI3,46
GO_BP,,,GO:0072006,nephron development,39/1059,160/18860,0.24375,4.34100566572238,10.3514576671784,3.42743923829977e-15,1.13676734736942e-12,8.41105615181355e-13,PROM1/CD24/WNT4/PDGFRA/GREM1/WNT7B/BMP7/TACSTD2/SULF1/SOX9/RET/VANGL2/KIF26B/COL4A3/OSR1/NPNT/PBX1/KLHL3/COL4A4/TEK/ITGA3/FGF1/SULF2/FOXC1/EGR1/HEYL/AQP1/TCF21/ANGPT1/DLL1/DCHS2/SOX8/PLCE1/EDN1/PDGFD/TMEM59L/TGFB1/KIRREL3/GLI3,39
GO_BP,,,GO:0006935,chemotaxis,72/1059,474/18860,0.151898734177215,2.70520314124861,9.17079060042244,9.42821100608948e-15,2.76360417325233e-12,2.0448185757976e-12,CXCL6/DEFB1/CCL21/CXCL5/CXCL1/PDGFRA/CXCL14/DPEP1/GREM1/WNT7B/LGR6/PLXNB3/COLEC10/F2RL1/SEMA3C/TRPV4/PLXNA4/ARHGEF16/FLRT2/HGF/LPAR1/TPBG/PF4V1/MMP2/TNFAIP6/NRG3/CH25H/CXCL12/PTN/IL6/CXCL3/HOXB9/SEMA6A/CCL11/SMOC2/CCL26/STK39/MMP28/SCG2/F3/TGFB2/THBS1/PRKD1/ITGA9/LOX/LGALS3/FGF1/CCL2/SLIT3/IL34/ANGPT1/FGF7/NTF3/SLC12A2/SEMA5A/FGFR1/FES/EGR3/GSTP1/NBL1/KIT/PLXNA3/NTRK3/EPHB1/PDGFA/NR4A1/SEMA6D/BST1/EDN1/FOSL1/PDGFD/TGFB1,72
GO_BP,,,GO:0001763,morphogenesis of a branching structure,45/1059,214/18860,0.210280373831776,3.74493659156496,9.84989211156529,9.44347154679188e-15,2.76360417325233e-12,2.0448185757976e-12,FGFR2/SPINT1/WNT4/PKHD1/GREM1/SFRP2/BMP7/TACSTD2/SPINT2/LAMA1/SULF1/GRHL2/SEMA3C/SOX9/HHIP/RSPO3/GDF2/VANGL2/HGF/WNT2/SFRP1/PGR/TFAP2C/BCL11A/DDR1/TNC/NPNT/GLI2/ST14/PBX1/CCL11/FGF1/TCF21/FGF7/COL13A1/FGFR1/FOXF1/MSX2/PDGFA/SOX8/EDN1/TMEM59L/NFATC4/TGFB1/GLI3,45
GO_BP,,,GO:0042330,taxis,72/1059,476/18860,0.151260504201681,2.69383674149547,9.12935573057796,1.17517138678139e-14,3.24804313846523e-12,2.4032598477044e-12,CXCL6/DEFB1/CCL21/CXCL5/CXCL1/PDGFRA/CXCL14/DPEP1/GREM1/WNT7B/LGR6/PLXNB3/COLEC10/F2RL1/SEMA3C/TRPV4/PLXNA4/ARHGEF16/FLRT2/HGF/LPAR1/TPBG/PF4V1/MMP2/TNFAIP6/NRG3/CH25H/CXCL12/PTN/IL6/CXCL3/HOXB9/SEMA6A/CCL11/SMOC2/CCL26/STK39/MMP28/SCG2/F3/TGFB2/THBS1/PRKD1/ITGA9/LOX/LGALS3/FGF1/CCL2/SLIT3/IL34/ANGPT1/FGF7/NTF3/SLC12A2/SEMA5A/FGFR1/FES/EGR3/GSTP1/NBL1/KIT/PLXNA3/NTRK3/EPHB1/PDGFA/NR4A1/SEMA6D/BST1/EDN1/FOSL1/PDGFD/TGFB1,72
GO_BP,,,GO:0061138,morphogenesis of a branching epithelium,43/1059,199/18860,0.21608040201005,3.84823076667568,9.85188571793027,1.3514189275429e-14,3.53858377080312e-12,2.61823378926178e-12,FGFR2/SPINT1/WNT4/PKHD1/GREM1/SFRP2/BMP7/TACSTD2/SPINT2/LAMA1/SULF1/GRHL2/SEMA3C/SOX9/HHIP/RSPO3/GDF2/VANGL2/HGF/WNT2/SFRP1/PGR/TFAP2C/DDR1/TNC/NPNT/GLI2/ST14/PBX1/CCL11/FGF1/TCF21/FGF7/FGFR1/FOXF1/MSX2/PDGFA/SOX8/EDN1/TMEM59L/NFATC4/TGFB1/GLI3,43
GO_BP,,,GO:0048565,digestive tract development,35/1059,141/18860,0.24822695035461,4.4207368117922,9.94427224869817,4.9826093710865e-14,1.23942408105777e-11,9.17062366878394e-12,FGFR2/SFRP5/PDX1/PDGFRA/GATA5/SFRP2/SOX9/PTK6/STRA6/RET/KLF5/VANGL2/EPHB3/SFRP1/OVOL2/COL3A1/GLI2/ALDH1A2/TGFB2/DACT1/SOX11/FOXF2/FOXL1/PCSK5/MYOCD/TCF21/GLI1/PKDCC/FOXE1/KIT/FOXF1/PDGFA/KCNQ1/TGFB1/GLI3,35
GO_BP,,,GO:0030323,respiratory tube development,43/1059,207/18860,0.207729468599034,3.69950687231141,9.52533756112982,5.84520371814703e-14,1.38475659513245e-11,1.02459535851429e-11,FGFR2/PDGFRA/PDPN/WNT7B/LAMA1/GRHL2/SOX9/ADAMTSL2/ITGB6/HHIP/STRA6/VANGL2/ADAMTS2/PTK7/WNT2/PGR/COL3A1/TNC/GLI2/CCBE1/ALDH1A2/CRISPLD2/ITGA3/SOX11/LOX/IGFBP5/PCSK5/FGF1/MYOCD/TCF21/FGF7/FBN1/GLI1/ABCA3/FGFR1/PKDCC/FOXF1/ABCA12/ID1/ZFPM2/PDGFA/TGFB1/GLI3,43
GO_BP,,,GO:0007411,axon guidance,47/1059,243/18860,0.193415637860082,3.44458822477918,9.35489921816058,6.60803106232559e-14,1.49431611523045e-11,1.10565955143314e-11,PCDHAC2/LAMA2/EPHA10/WNT7B/CNTN1/LGR6/BMP7/NRXN3/SEMA3C/PLXNA4/RET/PLEKHG4B/FLRT2/VANGL2/DSCAML1/PTK7/EPHB6/NCAM1/EPHB3/EPHA3/KIAA1755/NGFR/GLI2/CXCL12/BMPR1B/SEMA6A/TGFB2/UNC5A/EGR2/KIF5C/NR4A3/LHX2/SLIT3/EPHA6/EFNB3/CNTN4/GAP43/ULK2/SEMA5A/NEXN/NFASC/PLXNA3/EPHB1/SEMA6D/EDN1/BDNF/GLI3,47
GO_BP,,,GO:0014706,striated muscle tissue development,66/1059,430/18860,0.153488372093023,2.73351340668028,8.86918829466787,7.71798943728656e-14,1.60686238279614e-11,1.18893366889989e-11,FGFR2/PDGFRA/COL11A1/NEBL/GATA5/GREM1/DNER/ANKRD1/MSC/BMP7/FHOD3/CYP26B1/ELN/SEMA3C/RYR2/COL14A1/SGCD/KLF5/WNT2/OBSL1/MYH11/RGS4/KCNK2/EYA2/ALDH1A2/KCNJ11/MYOM2/PRICKLE1/PLN/FOS/TBX1/BMP5/TGFB2/NDRG4/GPC1/FZD7/EGR2/HCN4/SOX11/LOX/FHL2/SRPK3/MYOCD/FOXC1/TWIST1/EGR1/HEYL/TCF21/DLL1/GLI1/MYL3/ACTC1/FGFR1/FES/SGCB/PI16/JPH2/MSX2/ZFPM2/BARX2/EPHB1/NR4A1/SOX8/EDN1/GJA5/TGFB1,66
GO_BP,,,GO:0097485,neuron projection guidance,47/1059,244/18860,0.192622950819672,3.43047105992353,9.32024422133152,7.75169792705674e-14,1.60686238279614e-11,1.18893366889989e-11,PCDHAC2/LAMA2/EPHA10/WNT7B/CNTN1/LGR6/BMP7/NRXN3/SEMA3C/PLXNA4/RET/PLEKHG4B/FLRT2/VANGL2/DSCAML1/PTK7/EPHB6/NCAM1/EPHB3/EPHA3/KIAA1755/NGFR/GLI2/CXCL12/BMPR1B/SEMA6A/TGFB2/UNC5A/EGR2/KIF5C/NR4A3/LHX2/SLIT3/EPHA6/EFNB3/CNTN4/GAP43/ULK2/SEMA5A/NEXN/NFASC/PLXNA3/EPHB1/SEMA6D/EDN1/BDNF/GLI3,47
GO_BP,,,GO:0030324,lung development,42/1059,203/18860,0.206896551724138,3.68467324411449,9.38001770193842,1.32642543277818e-13,2.63958661122858e-11,1.95305673196855e-11,FGFR2/PDGFRA/PDPN/WNT7B/LAMA1/GRHL2/SOX9/ADAMTSL2/ITGB6/HHIP/STRA6/VANGL2/ADAMTS2/PTK7/WNT2/PGR/COL3A1/TNC/GLI2/CCBE1/ALDH1A2/CRISPLD2/ITGA3/SOX11/LOX/IGFBP5/FGF1/MYOCD/TCF21/FGF7/FBN1/GLI1/ABCA3/FGFR1/PKDCC/FOXF1/ABCA12/ID1/ZFPM2/PDGFA/TGFB1/GLI3,42
GO_BP,,,GO:0060541,respiratory system development,45/1059,231/18860,0.194805194805195,3.46933519738052,9.2103551234586,1.73361431990091e-13,3.23524344375786e-11,2.39378922461174e-11,FGFR2/PDGFRA/PDPN/MSC/WNT7B/LAMA1/GRHL2/SOX9/ADAMTSL2/ITGB6/ALDH1A3/HHIP/STRA6/VANGL2/ADAMTS2/PTK7/WNT2/PGR/COL3A1/TNC/GLI2/EDA/CCBE1/ALDH1A2/CRISPLD2/ITGA3/SOX11/LOX/IGFBP5/FGF1/MYOCD/TCF21/FGF7/FBN1/GLI1/ABCA3/FGFR1/PKDCC/FOXF1/ABCA12/ID1/ZFPM2/PDGFA/TGFB1/GLI3,45
GO_BP,,,GO:0010975,regulation of neuron projection development,67/1059,448/18860,0.149553571428571,2.66343754215567,8.69120778542756,1.7558105121902e-13,3.23524344375786e-11,2.39378922461174e-11,KNDC1/STMN2/SNAP25/VLDLR/ANKRD1/SPOCK1/PTPRS/NTRK2/CNTN1/SFRP2/BMP7/PLXNB3/TRPV4/BRSK2/PTK6/RET/PTK7/LPAR1/EPHB3/EPHA3/SFRP1/OBSL1/BCL11A/DDR1/TNIK/CXCL12/PTN/RTN4RL1/CRABP2/LTK/TIAM2/BMP5/NDRG4/LRRC4C/ITGA3/NEFL/LRRC7/PRKD1/STMN3/CRMP1/PRRX1/TNN/NCS1/ATP1B2/EFNB3/MARK1/MAP6/FAT3/TANC2/ULK2/ISLR2/KLF4/SEMA5A/FGFR1/FES/DBN1/NLGN1/KIF26A/PLXNA3/NTRK3/ZDHHC15/NEGR1/SEMA6D/DPYSL3/BRSK1/NFATC4/BDNF,67
GO_BP,,,GO:0055123,digestive system development,36/1059,155/18860,0.232258064516129,4.13634286758659,9.56303261760648,1.92720280255923e-13,3.42422640811864e-11,2.53361962426678e-11,FGFR2/SFRP5/PDX1/PDGFRA/GATA5/SFRP2/SOX9/PTK6/STRA6/RET/KLF5/VANGL2/EPHB3/SFRP1/OVOL2/COL3A1/GLI2/ALDH1A2/CDKN1C/TGFB2/DACT1/SOX11/FOXF2/FOXL1/PCSK5/MYOCD/TCF21/GLI1/PKDCC/FOXE1/KIT/FOXF1/PDGFA/KCNQ1/TGFB1/GLI3,36
GO_BP,,,GO:0003007,heart morphogenesis,50/1059,278/18860,0.179856115107914,3.20310323978777,9.02601663179233,1.9962647205356e-13,3.42462654643607e-11,2.53391569063993e-11,FGFR2/COL11A1/GATA5/ANKRD1/HAND2/SFRP2/BMP7/ELN/GRHL2/SEMA3C/SOX9/RYR2/LEFTY1/FLRT2/VANGL2/WNT2/HAS2/OVOL2/COL5A1/OLFM1/ALDH1A2/NPY1R/PRICKLE1/TBX1/BMP5/TGFB2/TEK/NDRG4/APLNR/SOX11/FHL2/SLIT3/FOXC1/TWIST1/HEYL/SMARCD3/DLL1/SNAI1/MYL3/FZD2/ACTC1/DCHS2/NPY5R/FOXF1/MSX2/ZFPM2/CLDN5/EDN1/GJA5/TGFB1,50
GO_BP,,,GO:0061448,connective tissue development,53/1059,307/18860,0.172638436482085,3.0745617677546,8.93868423189253,2.0782976359941e-13,3.44651024635689e-11,2.5501076607268e-11,LUM/COMP/EFEMP1/OGN/ITGB8/COL11A1/GREM1/HAND2/EVC/WNT7B/SFRP2/BMP7/PTHLH/SULF1/SOX9/TRPV4/GDF2/COL1A1/CHRDL2/TIMP1/COL5A1/COL3A1/OSR1/GALNT3/BMPR1B/SCIN/MGP/PTH1R/ID4/BMP5/TGFB2/BGN/LOX/MBOAT2/GDF6/PRRX1/SULF2/EGR1/SNAI1/CRIP1/FGFR1/PKDCC/CTSK/FRZB/MSX2/BMP8A/BARX2/ECM1/SOX8/EDN1/PDGFD/TGFB1/GLI3,53
GO_BP,,,GO:0022612,gland morphogenesis,32/1059,129/18860,0.248062015503876,4.41779944513985,9.50049116394082,6.16726829411887e-13,9.89747089136818e-11,7.32323844636118e-11,FGFR2/WNT4/BMP7/LAMA1/SULF1/SEMA3C/SOX9/HGF/TGFA/SFRP1/PGR/TFAP2C/DDR1/TNC/MMP2/EDA/NRG3/PTN/IL6/CCL11/ID4/TGFB2/IGFBP5/SULF2/FGF7/GLI1/CRIP1/FGFR1/MSX2/PDGFA/TGFB1/GLI3,32
GO_BP,,,GO:0031589,cell-substrate adhesion,58/1059,369/18860,0.157181571815718,2.79928653866331,8.51370160866422,9.3969438701336e-13,1.46093111730983e-10,1.08095765506109e-10,CCL21/POSTN/WNT4/PKHD1/ITGB8/GREM1/ITGBL1/SPOCK1/TTYH1/PDPN/CEACAM6/COL16A1/SVEP1/CCDC80/TACSTD2/FBLN2/OLFM4/ITGB6/FREM1/COL1A1/EPHB3/EPHA3/HAS2/CDH11/FBLN1/SFRP1/COL3A1/ABI3BP/DDR1/NPNT/COL8A1/EDA/EMILIN1/FBLN5/ITGA11/APOD/TEK/FZD7/THBS1/ITGA3/ITGA9/ANTXR1/EGFL6/CORO2B/TNN/ATP1B2/ANGPT1/COL13A1/ITGB4/LIMCH1/AJAP1/TNXB/FOXF1/COL17A1/PRKX/EPHB1/BST1/STON1,58
GO_BP,,,GO:0090287,regulation of cellular response to growth factor stimulus,59/1059,385/18860,0.153246753246753,2.72921035527268,8.36124749892287,1.78987708416842e-12,2.69837530113269e-10,1.99655507602455e-10,DCN/WNT4/GREM1/VEPH1/CHRDL1/SFRP2/SULF1/SFRP4/ADAMTSL2/CREB3L1/PRDM16/HHIP/HTRA3/GDF2/NGFR/CHRDL2/SFRP1/OVOL2/NPNT/RASL11B/TNFAIP6/CCBE1/EMILIN1/CILP/ADAMTS3/ASPN/PMEPA1/SEMA6A/SMOC2/SHISA2/CDKN1C/FSTL3/BMPER/CDH3/GPC1/THBS1/ITGA3/SOX11/LOX/DKK3/FGF1/MYOCD/SULF2/LTBP4/IL17RD/ANGPT1/DLL1/LTBP1/FBN1/DOK5/MMRN1/PTP4A3/TNXB/NBL1/MSX2/TMEM108/FBN2/HTRA1/ZNF423,59
GO_BP,,,GO:0048880,sensory system development,64/1059,443/18860,0.144469525959368,2.57289448497987,8.17103590650524,3.0010987166637e-12,4.3913135633535e-10,3.2491771554715e-10,FREM2/PROM1/EFEMP1/PDGFRA/MFAP2/NTRK2/WNT7B/CHRDL1/SAMD11/SDK1/BMP7/SDK2/MAB21L2/TUB/LAMA1/GRHL2/SOX9/ALDH1A3/ACHE/STRA6/DIO3/LAMC3/WNT2/CRYAB/GPM6A/COL5A1/COL8A2/COL8A1/ALDH1A2/PBX1/MYOM2/BMPR1B/PRICKLE1/TMEM132E/NPHP4/CDKN1C/CYP1B1/FOS/TGFB2/SHROOM2/VAX2/SLC6A3/SOX11/FOXF2/LHX2/MFAP5/FOXC1/TWIST1/AQP1/SMARCD3/DLL1/FAT3/FBN1/ULK2/KLF4/MEIS3/CACNA1C/NTRK3/FBN2/TMEM231/EPHB1/SOX8/TGFB1/GLI3,64
GO_BP,,,GO:0007517,muscle organ development,57/1059,373/18860,0.152815013404826,2.72152139076016,8.19065680266641,4.82132356964689e-12,6.85316707399808e-10,5.07072737535494e-10,FGFR2/CNTFR/CACNA1H/COL11A1/LAMA2/DNER/ANKRD1/EVC/MSC/CYP26B1/JPH1/ELN/RYR2/STRA6/DES/SGCD/KLF5/VANGL2/SGCA/SPEG/WNT2/CRYAB/COL3A1/MYOM2/ITGA11/FOS/TBX1/TGFB2/GPC1/EGR2/SOX11/LOX/SRPK3/MYOCD/FOXC1/TWIST1/EGR1/HEYL/TCF21/MAPK12/DLL1/COL6A3/CTF1/MYL3/FZD2/ACTC1/SGCB/EGR3/JPH2/TEAD4/ZFPM2/BARX2/NEGR1/EPHB1/NR4A1/SOX8/TGFB1,57
GO_BP,,,GO:0060562,epithelial tube morphogenesis,54/1059,344/18860,0.156976744186047,2.79563871137756,8.19803380912249,6.11098518313529e-12,8.44504202391613e-10,6.24857169164447e-10,FGFR2/SPINT1/WNT4/PKHD1/GREM1/HAND2/SFRP2/BMP7/TACSTD2/SPINT2/LAMA1/GRHL2/SOX9/CTHRC1/RYR2/HHIP/RET/GDF2/VANGL2/KIF26B/PTK7/WNT2/SFRP1/OVOL2/PGR/TFAP2C/DDR1/OSR1/TNC/NPNT/GLI2/ST14/PBX1/CCL11/PRICKLE1/KLHL3/BMP5/TGFB2/NDRG4/APLNR/FGF1/LHX2/TWIST1/TCF21/DLL1/FOXF1/MSX2/PRKX/SOX8/EDN1/TMEM59L/NFATC4/TGFB1/GLI3,54
GO_BP,,,GO:0001649,osteoblast differentiation,46/1059,265/18860,0.173584905660377,3.09141767776649,8.36278112624745,6.73376865574264e-12,9.05418893576206e-10,6.69928562990953e-10,FGFR2/WNT4/GREM1/HAND2/VCAN/WNT7B/SFRP2/BMP7/PTHLH/SOX9/CREB3L1/CTHRC1/ACHE/GDF2/HGF/COL1A1/TMEM119/LTF/SFRP1/TNC/NPNT/GLI2/TNFAIP6/IL6/BMPR1B/PTH1R/ITGA11/TWIST2/MRC2/ID4/SOX11/PRKD1/LOX/FHL2/IGFBP5/GABBR1/TWIST1/GLI1/SNAI1/SMAD9/MSX2/ID1/FBN2/SOX8/DHH/GLI3,46
GO_BP,,,GO:0016055,Wnt signaling pathway,67/1059,487/18860,0.137577002053388,2.45014377594608,7.90807202704821,8.82046061569166e-12,1.12571751547668e-09,8.32929733218079e-10,CTNND2/FGFR2/WNK2/SFRP5/DCDC2/CD24/BICC1/WNT4/CPZ/GREM1/APCDD1/GPC4/WNT7B/SFRP2/LGR6/SHISA3/SULF1/SFRP4/NKD2/SOX9/CTHRC1/RSPO3/VANGL2/COL1A1/PTK7/WNT2/ROR2/SFRP1/TPBG/MDFI/DKK2/EDA/TNIK/NXN/PRICKLE1/NPHP4/SHISA2/CDH3/FZD10/FZD7/VAX2/DACT1/ITGA3/FOXL1/DKK3/AMOTL1/TMEM132A/PTPRU/PRICKLE2/SULF2/DACT3/EGR1/MARK1/GLI1/SNAI1/FZD2/KLF4/SEMA5A/ARHGEF19/FZD8/FRZB/GPRC5B/IGFBP6/EDN1/NFATC4/TGFB1/GLI3,67
GO_BP,,,GO:0001654,eye development,62/1059,432/18860,0.143518518518519,2.55595775189732,7.97968379957269,8.82472022182723e-12,1.12571751547668e-09,8.32929733218079e-10,FREM2/PROM1/EFEMP1/PDGFRA/MFAP2/NTRK2/WNT7B/CHRDL1/SAMD11/SDK1/BMP7/SDK2/MAB21L2/TUB/LAMA1/GRHL2/SOX9/ALDH1A3/ACHE/STRA6/DIO3/LAMC3/WNT2/CRYAB/GPM6A/COL5A1/COL8A2/COL8A1/ALDH1A2/PBX1/MYOM2/BMPR1B/PRICKLE1/NPHP4/CDKN1C/CYP1B1/FOS/TGFB2/SHROOM2/VAX2/SLC6A3/SOX11/FOXF2/LHX2/MFAP5/FOXC1/TWIST1/AQP1/SMARCD3/DLL1/FAT3/FBN1/KLF4/MEIS3/CACNA1C/NTRK3/FBN2/TMEM231/EPHB1/SOX8/TGFB1/GLI3,62
GO_BP,,,GO:0141091,transforming growth factor beta receptor superfamily signaling pathway,60/1059,411/18860,0.145985401459854,2.59989109682044,7.99852722438009,9.38082263608687e-12,1.1667398153633e-09,8.63282546273574e-10,COMP/ITGB8/GREM1/VEPH1/CHRDL1/SFRP2/BMP7/SULF1/SFRP4/ADAMTSL2/PRDM16/ITGB6/HTRA3/GDF2/LEFTY1/FMOD/TMEM119/CHRDL2/SFRP1/OVOL2/COL3A1/NPNT/RASL11B/TNFAIP6/EMILIN1/CILP/COL1A2/BMPR1B/ASPN/PMEPA1/CDKN1C/FSTL3/BMPER/CDH3/FOS/BMP5/TGFB2/THBS1/ITGA3/SOX11/LTBP2/LOX/DKK3/GDF6/MYOCD/LTBP4/EGR1/IL17RD/LTBP1/FBN1/SMAD9/NBL1/MSX2/ID1/FBN2/BMP8A/CLDN5/HTRA1/TGFB1/ZNF423,60
GO_BP,,,GO:0071300,cellular response to retinoic acid,22/1059,69/18860,0.318840579710145,5.6783128737803,9.49563411946691,1.15641618775198e-11,1.3762960784707e-09,1.01833533698218e-09,FGFR2/TESC/HAND2/WNT7B/CYP26B1/SOX9/PTK6/RET/COL1A1/PTK7/WNT2/EPHA3/OSR1/TNC/ALDH1A2/LTK/TBX1/FZD10/FZD7/AQP1/KLF4/NTRK3,22
GO_BP,,,GO:0043588,skin development,52/1059,329/18860,0.158054711246201,2.81483650056973,8.09974108495617,1.16189819689989e-11,1.3762960784707e-09,1.01833533698218e-09,KRT7/FGFR2/CLDN4/COMP/FRAS1/ETV4/PKP3/KRT80/KRT17/KRT5/APCDD1/FA2H/EREG/OVOL1/CYP26B1/GRHL2/SOX9/ITGB6/KRT86/VANGL2/COL1A1/ADAMTS2/KRT6B/NGFR/OVOL2/COL5A1/COL3A1/TFAP2C/GLI2/ST14/CNFN/EDA/KRT81/GAL/COL1A2/CDH3/PKP1/TGFB2/ITGA3/IGFBP5/LHX2/CDSN/FOXC1/DLL1/FGF7/ITGB4/SNAI1/KLF4/FOXE1/ABCA12/MSX2/PDGFA,52
GO_BP,,,GO:0150063,visual system development,62/1059,436/18860,0.142201834862385,2.53250859821019,7.89658495735717,1.3149024081384e-11,1.52131150709035e-09,1.12563371389473e-09,FREM2/PROM1/EFEMP1/PDGFRA/MFAP2/NTRK2/WNT7B/CHRDL1/SAMD11/SDK1/BMP7/SDK2/MAB21L2/TUB/LAMA1/GRHL2/SOX9/ALDH1A3/ACHE/STRA6/DIO3/LAMC3/WNT2/CRYAB/GPM6A/COL5A1/COL8A2/COL8A1/ALDH1A2/PBX1/MYOM2/BMPR1B/PRICKLE1/NPHP4/CDKN1C/CYP1B1/FOS/TGFB2/SHROOM2/VAX2/SLC6A3/SOX11/FOXF2/LHX2/MFAP5/FOXC1/TWIST1/AQP1/SMARCD3/DLL1/FAT3/FBN1/KLF4/MEIS3/CACNA1C/NTRK3/FBN2/TMEM231/EPHB1/SOX8/TGFB1/GLI3,62
GO_BP,,,GO:2000027,regulation of animal organ morphogenesis,24/1059,84/18860,0.285714285714286,5.08835828949143,9.15950836896884,1.88010491422229e-11,2.12580044278543e-09,1.57290116866874e-09,WNT4/PKHD1/GATA5/GREM1/APCDD1/SFRP2/BMP7/TACSTD2/SULF1/SOX9/VANGL2/HGF/WNT2/NGFR/SFRP1/TBX1/FGF1/FGF7/FGFR1/AJAP1/PDGFA/SOX8/EDN1/TGFB1,24
GO_BP,,,GO:0048738,cardiac muscle tissue development,44/1059,255/18860,0.172549019607843,3.07296931992816,8.12892726808958,2.37827481384636e-11,2.62931493308569e-09,1.94545661380601e-09,FGFR2/PDGFRA/COL11A1/NEBL/GATA5/GREM1/ANKRD1/MSC/BMP7/FHOD3/RYR2/COL14A1/SGCD/WNT2/OBSL1/MYH11/RGS4/KCNK2/ALDH1A2/KCNJ11/PRICKLE1/PLN/BMP5/TGFB2/NDRG4/FZD7/HCN4/FHL2/MYOCD/FOXC1/DLL1/GLI1/MYL3/ACTC1/FGFR1/FES/SGCB/PI16/JPH2/MSX2/ZFPM2/EDN1/GJA5/TGFB1,44
GO_BP,,,GO:0060485,mesenchyme development,53/1059,347/18860,0.152737752161383,2.72014542565032,7.88817636222738,2.7886429215727e-11,3.01597794235308e-09,2.23155247064982e-09,FGFR2/WNT4/GATA5/GREM1/HAND2/PDPN/SFRP2/BMP7/SEMA3C/SOX9/RET/HGF/COL1A1/PTK7/NCAM1/WNT2/EPHA3/HAS2/SFRP1/OVOL2/OLFM1/OSR1/ALDH1A2/MEOX1/IL6/SEMA6A/PRICKLE1/TBX1/BMP5/TGFB2/APLNR/FOXF2/DACT3/FOXC1/TWIST1/HEYL/MARK1/TCF21/IL17RD/SNAI1/SEMA5A/ACTC1/FGFR1/BNC2/TNXB/FOXF1/FRZB/MSX2/ZFPM2/SEMA6D/SOX8/EDN1/TGFB1,53
GO_BP,,,GO:0006813,potassium ion transport,42/1059,240/18860,0.175,3.1166194523135,8.0490324049861,4.25496351160337e-11,4.43102012242015e-09,3.27855643863597e-09,FXYD2/KCNJ16/SNAP25/SLC9A3/KCNH2/KCNF1/NALCN/KCNIP3/ADORA1/ADRA2A/DPP10/KCNK15/KCNG1/SLC24A3/ANK3/KCNN2/RGS4/KCNK5/KCNH3/KCNK2/KCNK3/GAL/KCNJ11/KCNS3/CACNA1D/STK39/KCNK17/KCNE4/KCND2/KCNS1/HCN4/ATP1B2/AQP1/SLC12A8/SLC12A2/KCNA5/LRRC55/SLC9A2/CNGB1/KCNMB4/KCNQ1/GJA5,42
GO_BP,,,GO:0060326,cell chemotaxis,51/1059,330/18860,0.154545454545455,2.75233925658855,7.83289961602835,4.27515509298828e-11,4.43102012242015e-09,3.27855643863597e-09,CXCL6/CCL21/CXCL5/CXCL1/PDGFRA/CXCL14/DPEP1/GREM1/PLXNB3/F2RL1/TRPV4/ARHGEF16/HGF/LPAR1/TPBG/PF4V1/MMP2/TNFAIP6/CH25H/CXCL12/PTN/IL6/CXCL3/HOXB9/CCL11/SMOC2/CCL26/STK39/MMP28/SCG2/TGFB2/THBS1/PRKD1/ITGA9/LOX/LGALS3/FGF1/CCL2/IL34/SLC12A2/SEMA5A/FGFR1/EGR3/GSTP1/NBL1/KIT/EPHB1/NR4A1/BST1/EDN1/PDGFD,51
GO_BP,,,GO:0003205,cardiac chamber development,35/1059,176/18860,0.198863636363636,3.54161301399262,8.26258500257664,4.68569657899738e-11,4.75741642459428e-09,3.52006035161199e-09,FGFR2/COL11A1/HAND2/SFRP2/BMP7/GRHL2/SEMA3C/RYR2/STRA6/VANGL2/PTK7/WNT2/OVOL2/KCNK2/TBX1/BMP5/TGFB2/TEK/APLNR/SOX11/FHL2/MYOCD/SLIT3/FOXC1/HEYL/SMARCD3/ADAMTS6/MYL3/FZD2/NPY5R/FOXF1/MSX2/ZFPM2/GJA5/TGFB1,35
GO_BP,,,GO:0003206,cardiac chamber morphogenesis,30/1059,134/18860,0.223880597014925,3.98714642087015,8.46391923973131,5.26560659475156e-11,5.15530260076257e-09,3.81446034273826e-09,FGFR2/COL11A1/HAND2/SFRP2/BMP7/GRHL2/SEMA3C/RYR2/VANGL2/WNT2/OVOL2/TBX1/BMP5/TGFB2/TEK/APLNR/SOX11/FHL2/SLIT3/FOXC1/HEYL/SMARCD3/MYL3/FZD2/NPY5R/FOXF1/MSX2/ZFPM2/GJA5/TGFB1,30
GO_BP,,,GO:0048705,skeletal system morphogenesis,41/1059,232/18860,0.176724137931034,3.14732506268112,8.02682474916126,5.28483281686213e-11,5.15530260076257e-09,3.81446034273826e-09,FGFR2/COMP/PDGFRA/COL11A1/GREM1/BMP7/CYP26B1/GRHL2/SFRP4/SOX9/TRPV4/HHIP/FREM1/COL1A1/DSCAML1/TMEM119/LTF/HAS2/SFRP1/MDFI/COL3A1/OSR1/MMP2/GALNT3/BMPR1B/HOXB9/MGP/TBX1/TGFB2/SOX11/PRRX1/FOXC1/TWIST1/COL13A1/MMP16/FGFR1/MSX2/FBN2/BARX2/TGFB1/GLI3,41
GO_BP,,,GO:0032835,glomerulus development,22/1059,74/18860,0.297297297297297,5.29464308501136,9.02840199019365,5.47411910635203e-11,5.22586745451627e-09,3.86667198909144e-09,PROM1/CD24/PDGFRA/BMP7/SULF1/RET/VANGL2/COL4A3/OSR1/COL4A4/TEK/SULF2/FOXC1/EGR1/HEYL/AQP1/TCF21/ANGPT1/PLCE1/EDN1/PDGFD/KIRREL3,22
GO_BP,,,GO:0050673,epithelial cell proliferation,66/1059,496/18860,0.133064516129032,2.36977976788815,7.54037688898817,5.5672557806907e-11,5.22586745451627e-09,3.86667198909144e-09,FGFR2/PDX1/PKHD1/FA2H/EREG/OVOL1/SFRP2/TACSTD2/PLXNB3/SULF1/SOX9/FAP/SGPP2/GDF2/HGF/COL4A3/WNT2/HAS2/TGFA/NGFR/SFRP1/OVOL2/PGR/TFAP2C/COL8A2/OSR1/COL8A1/A4GNT/ALDH1A2/CXCL12/PTN/IL6/CCL11/CCL26/CDKN1C/BMPER/CDH3/TBX1/SCG2/BMP5/F3/TGFB2/TEK/FZD7/APLNR/THBS1/SOX11/PRKD1/IGFBP5/NR4A3/FGF1/CCL2/SULF2/GPBAR1/RAP1GAP/FGF7/GLI1/SEMA5A/FGFR1/EGR3/KIT/ECM1/PRKX/NR4A1/TGFB1/DACH1,66
GO_BP,,,GO:0051960,regulation of nervous system development,63/1059,466/18860,0.13519313304721,2.40768884728082,7.50493002544175,7.89973772092947e-11,7.27799910400446e-09,5.38506487526128e-09,SPINT1/THBS2/PTPRS/NTRK2/BMP7/PLXNB3/IGDCC4/SERPINE2/FLRT2/LRRC15/EPHB3/WNT2/TPBG/OBSL1/LRRN1/PTPN13/BCL11A/BHLHE41/HES2/CLSTN2/CXCL12/PTN/IL6/RTN4RL1/CRABP2/CCL11/SRPX2/TIAM2/ID4/PRTG/EGR2/NEFL/SOX11/LHX2/AMIGO2/IL34/HEYL/EFNB3/SMARCD3/HAP1/MAP6/DLL1/PTPRZ1/SLITRK4/ULK2/ISLR2/SEMA5A/JAM2/DBN1/KIT/NLGN1/PLXNA3/NTRK3/NEGR1/TNFRSF21/EPHB1/SEMA6D/SOX8/LRRN3/NFATC4/BDNF/TGFB1/GLI3,63
GO_BP,,,GO:1901888,regulation of cell junction assembly,46/1059,285/18860,0.16140350877193,2.87447608634428,7.77719580560753,8.78407514522942e-11,7.81839888876746e-09,5.78491212145354e-09,WNT4/VLDLR/GREM1/THBS2/PTPRS/NTRK2/COL16A1/GPC4/GDF2/FLRT2/LRRC15/EPHB3/EPHA3/SFRP1/TPBG/LRRN1/MDGA1/CRTAC1/PTPN13/CLSTN2/RTN4RL1/PRICKLE1/NPHP4/SRPX2/APOD/TEK/APLNR/THBS1/CRMP1/AMIGO2/GPBAR1/SNCA/MARK1/SNAI1/LIMCH1/SLITRK4/FGFR1/NLGN1/NTRK3/NEGR1/CLDN5/LRFN4/EPHB1/LRRN3/IGSF11/BDNF,46
GO_BP,,,GO:0043010,camera-type eye development,55/1059,379/18860,0.145118733509235,2.58445638714275,7.60015188001725,8.80060980444176e-11,7.81839888876746e-09,5.78491212145354e-09,PROM1/EFEMP1/PDGFRA/NTRK2/WNT7B/SAMD11/SDK1/BMP7/SDK2/MAB21L2/TUB/LAMA1/GRHL2/SOX9/ALDH1A3/ACHE/STRA6/DIO3/LAMC3/WNT2/CRYAB/GPM6A/COL8A2/COL8A1/ALDH1A2/MYOM2/BMPR1B/PRICKLE1/NPHP4/CDKN1C/CYP1B1/FOS/TGFB2/SHROOM2/VAX2/SLC6A3/SOX11/FOXF2/LHX2/FOXC1/TWIST1/AQP1/SMARCD3/DLL1/FAT3/FBN1/KLF4/CACNA1C/NTRK3/FBN2/TMEM231/EPHB1/SOX8/TGFB1/GLI3,55
GO_BP,,,GO:0071805,potassium ion transmembrane transport,38/1059,208/18860,0.182692307692308,3.25361371395366,7.97138070544131,9.79226946549134e-11,8.45349987444155e-09,6.25482974047545e-09,FXYD2/KCNJ16/SNAP25/SLC9A3/KCNH2/KCNF1/NALCN/KCNIP3/DPP10/KCNK15/KCNG1/SLC24A3/ANK3/KCNN2/RGS4/KCNK5/KCNH3/KCNK2/KCNK3/GAL/KCNJ11/KCNS3/CACNA1D/STK39/KCNK17/KCNE4/KCND2/KCNS1/HCN4/ATP1B2/AQP1/SLC12A8/SLC12A2/KCNA5/LRRC55/SLC9A2/KCNMB4/KCNQ1,38
GO_BP,,,GO:0007178,cell surface receptor protein serine/threonine kinase signaling pathway,61/1059,446/18860,0.136771300448431,2.43579483140453,7.48463895764191,9.85533653703739e-11,8.45349987444155e-09,6.25482974047545e-09,COMP/ITGB8/GREM1/VEPH1/CHRDL1/SFRP2/BMP7/INHA/SULF1/SFRP4/ADAMTSL2/PRDM16/ITGB6/HTRA3/GDF2/LEFTY1/FMOD/TMEM119/CHRDL2/SFRP1/OVOL2/COL3A1/NPNT/RASL11B/TNFAIP6/EMILIN1/CILP/COL1A2/BMPR1B/ASPN/PMEPA1/CDKN1C/FSTL3/BMPER/CDH3/FOS/BMP5/TGFB2/THBS1/ITGA3/SOX11/LTBP2/LOX/DKK3/GDF6/MYOCD/LTBP4/EGR1/IL17RD/LTBP1/FBN1/SMAD9/NBL1/MSX2/ID1/FBN2/BMP8A/CLDN5/HTRA1/TGFB1/ZNF423,61
GO_BP,,,GO:0071559,response to transforming growth factor beta,49/1059,318/18860,0.154088050314465,2.74419322845214,7.6509432019048,1.14822911723688e-10,9.68210145466695e-09,7.16388442993289e-09,FGFR2/POSTN/WNT4/ITGB8/ANKRD1/VEPH1/SOX9/ADAMTSL2/PRDM16/ITGB6/HTRA3/LEFTY1/FMOD/COL1A1/WNT2/SFRP1/OVOL2/COL3A1/NPNT/RASL11B/MXRA5/EMILIN1/CILP/COL1A2/ASPN/PMEPA1/CDKN1C/CDH3/FOS/TGFB2/THBS1/ITGA3/SOX11/LTBP2/LOX/DKK3/MYOCD/LTBP4/IL17RD/LTBP1/FBN1/SMAD9/ID1/FBN2/CLDN5/EDN1/PDGFD/HTRA1/TGFB1,49
GO_BP,,,GO:0048762,mesenchymal cell differentiation,45/1059,278/18860,0.161870503597122,2.882792915809,7.71371938699969,1.27717907441484e-10,1.05899431586897e-08,7.83560565478718e-09,FGFR2/WNT4/GATA5/GREM1/HAND2/PDPN/SFRP2/BMP7/SEMA3C/SOX9/RET/HGF/COL1A1/NCAM1/WNT2/EPHA3/HAS2/SFRP1/OVOL2/OLFM1/OSR1/ALDH1A2/IL6/SEMA6A/TBX1/BMP5/TGFB2/FOXF2/DACT3/FOXC1/TWIST1/HEYL/MARK1/TCF21/IL17RD/SNAI1/SEMA5A/FGFR1/TNXB/FRZB/MSX2/SEMA6D/SOX8/EDN1/TGFB1,45
GO_BP,,,GO:0090596,sensory organ morphogenesis,47/1059,300/18860,0.156666666666667,2.79011646207114,7.62321270994394,1.55471786051811e-10,1.26798710755371e-08,9.38196438003769e-09,FGFR2/PROM1/EFEMP1/COL11A1/MFAP2/NTRK2/SAMD11/SDK1/BMP7/SDK2/CYP26B1/SOX9/CTHRC1/ALDH1A3/STRA6/DIO3/VANGL2/PTK7/WNT2/COL5A1/COL8A2/OSR1/COL8A1/ATP6V1B1/TBX1/SHROOM2/VAX2/MYO3A/SOX11/FOXF2/NR4A3/PRRX1/MFAP5/TWIST1/AQP1/DLL1/FAT3/FBN1/FZD2/FGFR1/FRZB/FBN2/EPHB1/KCNQ1/SOX8/EDN1/GLI3,47
GO_BP,,,GO:0071560,cellular response to transforming growth factor beta stimulus,48/1059,311/18860,0.154340836012862,2.74869515316579,7.58436386551423,1.68024731549853e-10,1.34826296687181e-08,9.97593355228925e-09,FGFR2/POSTN/WNT4/ITGB8/ANKRD1/VEPH1/SOX9/ADAMTSL2/PRDM16/ITGB6/HTRA3/LEFTY1/FMOD/COL1A1/WNT2/SFRP1/OVOL2/COL3A1/NPNT/RASL11B/EMILIN1/CILP/COL1A2/ASPN/PMEPA1/CDKN1C/CDH3/FOS/TGFB2/THBS1/ITGA3/SOX11/LTBP2/LOX/DKK3/MYOCD/LTBP4/IL17RD/LTBP1/FBN1/SMAD9/ID1/FBN2/CLDN5/EDN1/PDGFD/HTRA1/TGFB1,48
GO_BP,,,GO:0048732,gland development,61/1059,454/18860,0.134361233480176,2.39287333657802,7.32731652671295,2.04419551773846e-10,1.61426550805537e-08,1.19441131587826e-08,FGFR2/PDX1/WNT4/PDGFRA/HAND2/FA2H/WNT7B/BMP7/LAMA1/SULF1/SEMA3C/SOX9/ALDH1A3/STRA6/SERPINE2/HGF/EPHB3/WNT2/TGFA/SFRP1/PGR/TFAP2C/DDR1/TNC/GLI2/ATP2C2/MMP2/EDA/NRG3/TFCP2L1/ALDH1A2/PBX1/PTN/IL6/HOXB9/CCL11/CDKN1C/ID4/TBX1/TGFB2/SLC6A3/DKK3/IGFBP5/OXTR/SULF2/RAP1GAP/FOXC1/TCF21/FGF7/GLI1/CRIP1/FGFR1/FOXE1/FOXF1/FRZB/MSX2/PDGFA/HSPA12A/EDN1/TGFB1/GLI3,61
GO_BP,,,GO:0031346,positive regulation of cell projection organization,53/1059,367/18860,0.14441416893733,2.57190861771297,7.41723010590782,2.33109488807716e-10,1.81206204190373e-08,1.34076296440885e-08,CCL21/STMN2/VLDLR/ANKRD1/NTRK2/CNTN1/BMP7/PLXNB3/F2RL1/EPS8L1/PTK6/RET/PROM2/PTK7/LPAR1/EPHA3/GPM6A/OBSL1/BCL11A/DDR1/TNIK/CXCL12/PTN/CRABP2/LTK/TIAM2/BMP5/NDRG4/DZIP1/MYO3A/ITGA3/NEFL/LRRC7/PRKD1/TNN/ATP1B2/HAP1/MAP6/GRIP1/ISLR2/SEMA5A/FGFR1/FES/PALM/DBN1/KIT/NLGN1/NTRK3/ZDHHC15/NEGR1/PLCE1/DPYSL3/BDNF,53
GO_BP,,,GO:0072073,kidney epithelium development,31/1059,151/18860,0.205298013245033,3.6562044662902,7.99299974246707,2.59198601686131e-10,1.9838662205977e-08,1.46788260744356e-08,EPCAM/FGFR2/PROM1/CD24/WNT4/GREM1/WNT7B/BMP7/TACSTD2/SOX9/RET/CRLF1/KIF26B/SFRP1/OSR1/NPNT/PBX1/KLHL3/BMPER/FGF1/FOXC1/HEYL/AQP1/TCF21/DLL1/FGFR1/SOX8/EDN1/TMEM59L/TGFB1/GLI3,31
GO_BP,,,GO:0085029,extracellular matrix assembly,18/1059,53/18860,0.339622641509434,6.04842589128227,8.9767528472857,2.65207091238756e-10,1.99909890744365e-08,1.47915342593609e-08,MFAP4/ELN/SOX9/HAS2/MYH11/COL3A1/QSOX1/HAS1/EMILIN1/COL1A2/FBLN5/PRICKLE1/FKBP10/ANTXR1/LOX/LTBP4/TNXB/TGFB1,18
GO_BP,,,GO:0016339,calcium-dependent cell-cell adhesion via plasma membrane cell adhesion molecules,17/1059,48/18860,0.354166666666667,6.30744412968209,8.97994496437282,3.91913272330707e-10,2.91010228335114e-08,2.15321400367711e-08,CDH17/PCDHB5/CDH19/CDH11/PCDHB2/SELP/PCDHB16/PCDHB11/CDH6/CDH3/PCDHB13/PCDHB9/PCDHB14/PCDHB6/PCDHB10/NLGN1/PCDHB4,17
GO_BP,,,GO:0016331,morphogenesis of embryonic epithelium,31/1059,155/18860,0.2,3.561850802644,7.81134710758775,5.1445518677814e-10,3.7638449326783e-08,2.78490679282222e-08,FGFR2/PDX1/SPINT1/WNT4/GREM1/WNT7B/SFRP2/BMP7/SPINT2/SULF1/GRHL2/SOX9/CTHRC1/ALDH1A3/RET/VANGL2/PTK7/WNT2/SFRP1/OVOL2/OSR1/ST14/ALDH1A2/PRICKLE1/BMP5/TGFB2/SOX11/LHX2/TWIST1/SOX8/TGFB1,31
GO_BP,,,GO:0071772,response to BMP,35/1059,192/18860,0.182291666666667,3.2464785961599,7.63113459549676,5.7049765100707e-10,4.05460830537168e-08,3.00004554221312e-08,SPINT1/COMP/GATA5/GREM1/CHRDL1/SFRP2/BMP7/SPINT2/SULF1/SFRP4/SOX9/HTRA3/GDF2/LEFTY1/TMEM119/CHRDL2/SFRP1/TNFAIP6/BMPR1B/FSTL3/BMPER/BMP5/ITGA3/SOX11/GDF6/EGR1/HEYL/FBN1/SMAD9/NBL1/MSX2/ID1/BMP8A/HTRA1/ZNF423,35
GO_BP,,,GO:0071773,cellular response to BMP stimulus,35/1059,192/18860,0.182291666666667,3.2464785961599,7.63113459549676,5.7049765100707e-10,4.05460830537168e-08,3.00004554221312e-08,SPINT1/COMP/GATA5/GREM1/CHRDL1/SFRP2/BMP7/SPINT2/SULF1/SFRP4/SOX9/HTRA3/GDF2/LEFTY1/TMEM119/CHRDL2/SFRP1/TNFAIP6/BMPR1B/FSTL3/BMPER/BMP5/ITGA3/SOX11/GDF6/EGR1/HEYL/FBN1/SMAD9/NBL1/MSX2/ID1/BMP8A/HTRA1/ZNF423,35
GO_BP,,,GO:0035107,appendage morphogenesis,31/1059,157/18860,0.197452229299363,3.51647690706892,7.72275484960538,7.17787589145366e-10,4.95971285555305e-08,3.66974151935869e-08,FGFR2/FREM2/FRAS1/GREM1/HAND2/SFRP2/BMP7/CYP26B1/GRHL2/SEMA3C/SOX9/COL3A1/OSR1/ALDH1A2/PBX1/CRABP2/PRICKLE1/TGFB2/PCSK5/PRRX1/TWIST1/FGFR1/PKDCC/DYNC2H1/CACNA1C/MSX2/FBN2/TMEM231/EN1/GJA5/GLI3,31
GO_BP,,,GO:0035108,limb morphogenesis,31/1059,157/18860,0.197452229299363,3.51647690706892,7.72275484960538,7.17787589145366e-10,4.95971285555305e-08,3.66974151935869e-08,FGFR2/FREM2/FRAS1/GREM1/HAND2/SFRP2/BMP7/CYP26B1/GRHL2/SEMA3C/SOX9/COL3A1/OSR1/ALDH1A2/PBX1/CRABP2/PRICKLE1/TGFB2/PCSK5/PRRX1/TWIST1/FGFR1/PKDCC/DYNC2H1/CACNA1C/MSX2/FBN2/TMEM231/EN1/GJA5/GLI3,31
GO_BP,,,GO:0008544,epidermis development,55/1059,402/18860,0.13681592039801,2.43658947942065,7.10131042272387,8.24996241742771e-10,5.62240589406888e-08,4.16007477631502e-08,KRT7/FGFR2/ESRP1/CLDN4/SPINT1/ETV4/PKP3/LAMC2/KRT80/KRT17/KRT5/APCDD1/FA2H/SVEP1/EREG/OVOL1/PTHLH/CYP26B1/GRHL2/SFRP4/SOX9/KRT86/VANGL2/KRT6B/NGFR/OVOL2/TFAP2C/KRT15/GLI2/ST14/CNFN/EDA/KRT81/GAL/CRABP2/TMEM132E/CDH3/PKP1/TGFB2/IGFBP5/LHX2/CDSN/FOXC1/DLL1/FGF7/GLI1/SNAI1/KLF4/FGFR1/FOXE1/ABCA12/MSX2/COL17A1/PDGFA/KCNQ1,55
GO_BP,,,GO:0032963,collagen metabolic process,26/1059,116/18860,0.224137931034483,3.99172934779069,7.88324944251705,9.81523482481076e-10,6.59875584505858e-08,4.88248594343716e-08,MMP7/MFAP4/WNT4/MMP17/CREB3L1/FAP/MMP10/COL1A1/ADAMTS2/LARP6/COL5A1/MMP11/MMP2/EMILIN1/COL1A2/MMP23B/ADAMTS3/IL6/MRC2/MMP28/ADAMTS14/MMP16/TNXB/CTSK/ID1/TGFB1,26
GO_BP,,,GO:0060560,developmental growth involved in morphogenesis,40/1059,246/18860,0.16260162601626,2.89581366068618,7.30009408323536,1.19060453551701e-09,7.89767675226282e-08,5.84357061151295e-08,FGFR2/POSTN/SYT3/PTPRS/RASAL1/WNT7B/SFRP2/SOX9/PLXNA4/VANGL2/KIF26B/PTK7/UNC13A/SFRP1/OLFM1/TFAP2C/BCL11A/DDR1/TNC/CXCL12/CRABP2/CCL11/PRICKLE1/NDN/SYT2/DCLK1/FGF1/LHX2/TNN/SLIT3/ULK2/ISLR2/SEMA5A/PLXNA3/NTRK3/TMEM108/SEMA6D/EDN1/BDNF/TGFB1,40
GO_BP,,,GO:0048562,embryonic organ morphogenesis,46/1059,308/18860,0.149350649350649,2.65982365132507,7.16352942821748,1.20932773990488e-09,7.91632303424573e-08,5.85736718344508e-08,FGFR2/EFEMP1/PDGFRA/COL11A1/HAND2/MFAP2/BMP7/GRHL2/SOX9/CTHRC1/RYR2/ALDH1A3/STRA6/VANGL2/DSCAML1/PTK7/OVOL2/MDFI/OSR1/HOXB9/ATP6V1B1/TBX1/NDRG4/VAX2/APLNR/MYO3A/SOX11/FOXF2/NR4A3/PRRX1/MFAP5/TWIST1/TCF21/DLL1/FBN1/GLI1/MMP16/FZD2/FGFR1/FOXE1/FOXF1/FRZB/FBN2/KCNQ1/EDN1/GLI3,46
GO_BP,,,GO:0051962,positive regulation of nervous system development,44/1059,291/18860,0.151202749140893,2.69280816694736,7.09814868385626,1.87651609414289e-09,1.21242435952739e-07,8.97085000849991e-08,SPINT1/THBS2/NTRK2/PLXNB3/SERPINE2/FLRT2/LRRC15/EPHB3/WNT2/TPBG/OBSL1/LRRN1/BCL11A/CLSTN2/CXCL12/PTN/IL6/RTN4RL1/CRABP2/SRPX2/TIAM2/ID4/EGR2/NEFL/SOX11/AMIGO2/IL34/SMARCD3/HAP1/MAP6/PTPRZ1/SLITRK4/ISLR2/SEMA5A/DBN1/KIT/NLGN1/NTRK3/EPHB1/SOX8/LRRN3/BDNF/TGFB1/GLI3,44
GO_BP,,,GO:0060348,bone development,37/1059,220/18860,0.168181818181818,2.99519272040519,7.26036322268154,1.91975707984962e-09,1.2244604451605e-07,9.05990621893944e-08,FGFR2/COMP/OGN/GREM1/EVC/CYP26B1/SULF1/SFRP4/SOX9/TRPV4/ITGB6/FREM1/COL1A1/TMEM119/LTF/HAS2/COL3A1/GALNT3/BMPR1B/FBLN5/BGN/LOX/TNN/SULF2/FOXC1/TWIST1/FBN1/COL13A1/MMP16/BNC2/SPNS2/MSX2/ECM1/PDGFA/TGFB1/GLI3/XYLT1,37
GO_BP,,,GO:0048566,embryonic digestive tract development,14/1059,35/18860,0.4,7.12370160528801,8.84434469615831,2.17483316417606e-09,1.36959430275644e-07,1.01337662559943e-07,FGFR2/PDGFRA/STRA6/OVOL2/GLI2/ALDH1A2/TGFB2/SOX11/FOXF2/PCSK5/TCF21/PKDCC/FOXF1/GLI3,14
GO_BP,,,GO:0050678,regulation of epithelial cell proliferation,55/1059,416/18860,0.132211538461538,2.35458887194015,6.81415051472003,2.90389946823257e-09,1.80586248180713e-07,1.33617584742227e-07,FGFR2/PDX1/PKHD1/FA2H/EREG/OVOL1/SFRP2/TACSTD2/PLXNB3/SULF1/SOX9/SGPP2/GDF2/COL4A3/WNT2/HAS2/TGFA/NGFR/SFRP1/OVOL2/PGR/OSR1/A4GNT/ALDH1A2/CXCL12/PTN/CCL11/CCL26/CDKN1C/CDH3/TBX1/SCG2/BMP5/F3/TGFB2/TEK/FZD7/APLNR/THBS1/SOX11/PRKD1/NR4A3/FGF1/CCL2/SULF2/GPBAR1/RAP1GAP/FGF7/GLI1/SEMA5A/FGFR1/EGR3/ECM1/NR4A1/TGFB1,55
GO_BP,,,GO:0048754,branching morphogenesis of an epithelial tube,31/1059,166/18860,0.186746987951807,3.32582454463747,7.34116498363302,2.98240490940459e-09,1.83178573139356e-07,1.35535672101207e-07,FGFR2/WNT4/PKHD1/GREM1/SFRP2/BMP7/TACSTD2/LAMA1/SOX9/HHIP/GDF2/VANGL2/WNT2/PGR/TFAP2C/DDR1/TNC/NPNT/GLI2/PBX1/CCL11/FGF1/TCF21/FOXF1/MSX2/SOX8/EDN1/TMEM59L/NFATC4/TGFB1/GLI3,31
GO_BP,,,GO:0001657,ureteric bud development,23/1059,98/18860,0.23469387755102,4.17972288065368,7.69746732834039,3.49883885258194e-09,2.12277113312136e-07,1.57065975192286e-07,EPCAM/FGFR2/WNT4/GREM1/BMP7/TACSTD2/SOX9/RET/CRLF1/KIF26B/SFRP1/OSR1/NPNT/PBX1/BMPER/FGF1/FOXC1/TCF21/FGFR1/SOX8/TMEM59L/TGFB1/GLI3,23
GO_BP,,,GO:0048736,appendage development,34/1059,196/18860,0.173469387755102,3.08936039004837,7.17173345405281,3.82146841107978e-09,2.26331016013356e-07,1.67464599417869e-07,FGFR2/FREM2/COMP/FRAS1/GREM1/HAND2/SFRP2/BMP7/CYP26B1/GRHL2/SEMA3C/SOX9/COL3A1/OSR1/GALNT3/ALDH1A2/PBX1/CRABP2/PRICKLE1/TGFB2/PCSK5/PRRX1/TWIST1/ITGB4/FGFR1/PKDCC/DYNC2H1/CACNA1C/MSX2/FBN2/TMEM231/EN1/GJA5/GLI3,34
GO_BP,,,GO:0060173,limb development,34/1059,196/18860,0.173469387755102,3.08936039004837,7.17173345405281,3.82146841107978e-09,2.26331016013356e-07,1.67464599417869e-07,FGFR2/FREM2/COMP/FRAS1/GREM1/HAND2/SFRP2/BMP7/CYP26B1/GRHL2/SEMA3C/SOX9/COL3A1/OSR1/GALNT3/ALDH1A2/PBX1/CRABP2/PRICKLE1/TGFB2/PCSK5/PRRX1/TWIST1/ITGB4/FGFR1/PKDCC/DYNC2H1/CACNA1C/MSX2/FBN2/TMEM231/EN1/GJA5/GLI3,34
GO_BP,,,GO:0072163,mesonephric epithelium development,23/1059,99/18860,0.232323232323232,4.13750345761677,7.63411906099982,4.31862959823771e-09,2.49827700595728e-07,1.84850033109391e-07,EPCAM/FGFR2/WNT4/GREM1/BMP7/TACSTD2/SOX9/RET/CRLF1/KIF26B/SFRP1/OSR1/NPNT/PBX1/BMPER/FGF1/FOXC1/TCF21/FGFR1/SOX8/TMEM59L/TGFB1/GLI3,23
GO_BP,,,GO:0072164,mesonephric tubule development,23/1059,99/18860,0.232323232323232,4.13750345761677,7.63411906099982,4.31862959823771e-09,2.49827700595728e-07,1.84850033109391e-07,EPCAM/FGFR2/WNT4/GREM1/BMP7/TACSTD2/SOX9/RET/CRLF1/KIF26B/SFRP1/OSR1/NPNT/PBX1/BMPER/FGF1/FOXC1/TCF21/FGFR1/SOX8/TMEM59L/TGFB1/GLI3,23
GO_BP,,,GO:0010976,positive regulation of neuron projection development,30/1059,160/18860,0.1875,3.33923512747875,7.24766606776688,4.8478785750236e-09,2.77220642652212e-07,2.05118346967423e-07,STMN2/VLDLR/ANKRD1/NTRK2/CNTN1/BMP7/PLXNB3/PTK6/RET/PTK7/EPHA3/BCL11A/DDR1/PTN/LTK/BMP5/NDRG4/ITGA3/LRRC7/PRKD1/TNN/ATP1B2/FGFR1/FES/DBN1/NTRK3/ZDHHC15/NEGR1/DPYSL3/BDNF,30
GO_BP,,,GO:0003151,outflow tract morphogenesis,21/1059,84/18860,0.25,4.45231350330501,7.73452133760024,4.95182950140416e-09,2.79947179198701e-07,2.0713573883266e-07,FGFR2/HAND2/SFRP2/BMP7/ELN/SEMA3C/NPY1R/PRICKLE1/TBX1/TGFB2/SOX11/FOXC1/TWIST1/HEYL/FZD2/NPY5R/MSX2/ZFPM2/CLDN5/EDN1/GJA5,21
GO_BP,,,GO:0060021,roof of mouth development,22/1059,92/18860,0.239130434782609,4.25873465533522,7.64221102427141,5.25744220336641e-09,2.93885111929752e-07,2.17448555708721e-07,GABRB3/FRAS1/PDGFRA/ITGB8/HAND2/MSC/ITGB6/EPHB3/OSR1/TBX1/TGFB2/SOX11/FOXF2/PRRX1/TCF21/SNAI1/FZD2/BNC2/PKDCC/FOXE1/CLDN5/GLI3,22
GO_BP,,,GO:0043269,regulation of monoatomic ion transport,57/1059,449/18860,0.126948775055679,2.26086298163372,6.59534450919155,6.72281488434244e-09,3.71622267217818e-07,2.74967060240299e-07,FXYD2/PRSS8/HAMP/WNK2/CFTR/CLDN10/KCNJ16/TESC/KCNH2/KCNF1/GRIN2A/CNTN1/GPR35/JPH1/KCNIP3/ADORA1/RYR2/ADRA2A/SERPINE2/DPP10/KCNG1/ANK3/KCNN2/RGS4/OSR1/ATP2C2/GAL/KCNJ11/CXCL12/KCNS3/CACNA1D/F2RL3/STK39/PLN/APLNR/BDKRB1/KCNS1/PRKD1/LGALS3/CCL2/SNCA/ATP1B2/HAP1/LRRC55/NTSR1/JPH2/GRIN2D/CACNA1C/HEPH/STC2/TACR2/TRPA1/SCN3B/KCNQ1/EDN1/JPH3/TGFB1,57
GO_BP,,,GO:0001823,mesonephros development,23/1059,103/18860,0.223300970873786,3.97682371168991,7.38882107096511,9.73250846123395e-09,5.32079446094933e-07,3.93690943770215e-07,EPCAM/FGFR2/WNT4/GREM1/BMP7/TACSTD2/SOX9/RET/CRLF1/KIF26B/SFRP1/OSR1/NPNT/PBX1/BMPER/FGF1/FOXC1/TCF21/FGFR1/SOX8/TMEM59L/TGFB1/GLI3,23
GO_BP,,,GO:0048251,elastic fiber assembly,8/1059,11/18860,0.727272727272727,12.9521847368873,9.67129415552908,1.36544534715134e-08,7.38379413269341e-07,5.46334368305292e-07,MFAP4/MYH11/COL3A1/EMILIN1/FBLN5/LOX/LTBP4/TNXB,8
GO_BP,,,GO:0060070,canonical Wnt signaling pathway,46/1059,333/18860,0.138138138138138,2.46013719101538,6.5568966625367,1.48788533364075e-08,7.95938659662657e-07,5.88923034718923e-07,CTNND2/FGFR2/WNK2/SFRP5/BICC1/WNT4/GREM1/WNT7B/SFRP2/LGR6/SHISA3/SFRP4/NKD2/SOX9/CTHRC1/RSPO3/COL1A1/PTK7/WNT2/SFRP1/TPBG/DKK2/EDA/PRICKLE1/NPHP4/CDH3/FZD10/FZD7/DACT1/DKK3/PTPRU/SULF2/DACT3/EGR1/GLI1/SNAI1/FZD2/KLF4/SEMA5A/FZD8/FRZB/GPRC5B/IGFBP6/EDN1/TGFB1/GLI3,46
GO_BP,,,GO:0040013,negative regulation of locomotion,54/1059,424/18860,0.127358490566038,2.26815970923085,6.44182080757224,1.50697046634484e-08,7.97572135113358e-07,5.90131659664938e-07,CCL21/DCN/WNT4/DPEP1/GREM1/PODN/SFRP2/TACSTD2/SPINT2/PLXNB3/SULF1/NAV3/ADORA1/GDF2/PTPRT/NGFR/CDH11/FBLN1/SFRP1/TIMP1/COL3A1/TNFAIP6/HAS1/NRG3/EMILIN1/CXCL12/CYP1B1/MMP28/APOD/BMP5/MAPK15/NDRG4/THBS1/IGFBP5/PTPRU/CCL2/MYOCD/TNN/IL33/ATP1B2/DNAJA4/LIMCH1/MMRN1/KLF4/SEMA5A/GSTP1/NBL1/PLXNA3/PTPRR/CLDN5/SEMA6D/DPYSL3/TGFB1/DACH1,54
GO_BP,,,GO:0030111,regulation of Wnt signaling pathway,48/1059,356/18860,0.134831460674157,2.40124773211955,6.51016838984721,1.58614380734327e-08,8.30638467529763e-07,6.14597772219324e-07,CTNND2/FGFR2/WNK2/SFRP5/DCDC2/BICC1/GREM1/APCDD1/SFRP2/LGR6/SHISA3/SULF1/SFRP4/NKD2/SOX9/CTHRC1/RSPO3/VANGL2/COL1A1/PTK7/SFRP1/TPBG/MDFI/DKK2/EDA/NXN/PRICKLE1/NPHP4/SHISA2/CDH3/FZD7/DACT1/ITGA3/FOXL1/DKK3/TMEM132A/PTPRU/SULF2/DACT3/EGR1/GLI1/SEMA5A/FRZB/GPRC5B/IGFBP6/NFATC4/TGFB1/GLI3,48
GO_BP,,,GO:0048546,digestive tract morphogenesis,16/1059,53/18860,0.30188679245283,5.37637857002869,7.78176596731755,1.80852854049182e-08,9.3723223843196e-07,6.93467577423235e-07,FGFR2/SFRP5/PDGFRA/SFRP2/STRA6/VANGL2/EPHB3/SFRP1/OVOL2/GLI2/DACT1/SOX11/TCF21/GLI1/FOXF1/GLI3,16
GO_BP,,,GO:0007389,pattern specification process,59/1059,486/18860,0.121399176954733,2.16202877938268,6.33021226384317,1.9106797669891e-08,9.79962045440287e-07,7.25083792204112e-07,FGFR2/BICC1/GATA5/GREM1/HAND2/WNT7B/CHRDL1/SFRP2/BMP7/CYP26B1/SEMA3C/HHIP/LEFTY1/VANGL2/DSCAML1/HOXC6/ANKS6/WNT2/LMX1B/SFRP1/OVOL2/MDFI/OSR1/GLI2/BHLHE41/HES2/NRG3/ALDH1A2/MEOX1/PBX1/BMPR1B/HOXB9/PRICKLE1/TBX1/BMP5/NDRG4/VAX2/APLNR/EGR2/PCSK5/FGF1/LHX2/FOXC1/DZIP1L/HEYL/SMARCD3/DLL1/GLI1/SNAI1/MEIS3/FGFR1/DYNC2H1/NBL1/FOXF1/MSX2/HES4/EN1/EDN1/GLI3,59
GO_BP,,,GO:0003231,cardiac ventricle development,26/1059,133/18860,0.195488721804511,3.48150830333624,7.00474868188666,2.08005831572669e-08,1.05594797150411e-06,7.8130654458606e-07,FGFR2/COL11A1/HAND2/SFRP2/GRHL2/SEMA3C/RYR2/STRA6/VANGL2/PTK7/KCNK2/TGFB2/APLNR/SOX11/MYOCD/SLIT3/FOXC1/HEYL/SMARCD3/MYL3/FZD2/NPY5R/FOXF1/ZFPM2/GJA5/TGFB1,26
GO_BP,,,GO:0042692,muscle cell differentiation,55/1059,441/18860,0.124716553287982,2.22110877715896,6.32886357184752,2.30580001544463e-08,1.14921589955916e-06,8.50316424386853e-07,KRT19/FGFR2/COMP/WNT4/FLNC/UCHL1/PDGFRA/CACNA1H/LAMA2/NEBL/GREM1/DNER/ANKRD1/EREG/FHOD3/CYP26B1/OBSCN/LAMA1/SOX9/COL14A1/SGCD/KLF5/TMEM119/SPEG/ADAM12/OBSL1/MYH11/RGS4/NPNT/BHLHE41/MYOM2/PRICKLE1/TBX1/FZD7/APLNR/PRKD1/LOX/FHL2/IGFBP5/MYOCD/SMARCD3/MAPK12/DLL1/ACTC1/SGCB/PI16/KIT/FOXF1/BARX2/CACNA2D2/EDN1/MYOM3/NFATC4/BDNF/TGFB1,55
GO_BP,,,GO:2000146,negative regulation of cell motility,52/1059,406/18860,0.12807881773399,2.28098819873754,6.36426123106212,2.30998170765659e-08,1.14921589955916e-06,8.50316424386853e-07,CCL21/DCN/WNT4/DPEP1/GREM1/PODN/SFRP2/TACSTD2/SPINT2/PLXNB3/SULF1/NAV3/ADORA1/GDF2/PTPRT/NGFR/CDH11/FBLN1/SFRP1/TIMP1/COL3A1/TNFAIP6/HAS1/NRG3/EMILIN1/CXCL12/CYP1B1/MMP28/APOD/BMP5/MAPK15/NDRG4/THBS1/IGFBP5/PTPRU/CCL2/MYOCD/TNN/IL33/ATP1B2/DNAJA4/LIMCH1/MMRN1/KLF4/GSTP1/NBL1/PTPRR/CLDN5/SEMA6D/DPYSL3/TGFB1/DACH1,52
GO_BP,,,GO:0051963,regulation of synapse assembly,31/1059,181/18860,0.171270718232044,3.05020372602111,6.75996745457235,2.51627884801929e-08,1.23240852283877e-06,9.1187148465849e-07,VLDLR/THBS2/PTPRS/NTRK2/GPC4/FLRT2/LRRC15/EPHB3/TPBG/LRRN1/MDGA1/CRTAC1/PTPN13/CLSTN2/RTN4RL1/PRICKLE1/SRPX2/CRMP1/AMIGO2/SNCA/MARK1/SLITRK4/FGFR1/NLGN1/NTRK3/NEGR1/LRFN4/EPHB1/LRRN3/IGSF11/BDNF,31
GO_BP,,,GO:0032526,response to retinoic acid,23/1059,108/18860,0.212962962962963,3.79271150281537,7.09903413790569,2.52674712220211e-08,1.23240852283877e-06,9.1187148465849e-07,FGFR2/TESC/HAND2/WNT7B/CYP26B1/SOX9/PTK6/RET/COL1A1/PTK7/WNT2/EPHA3/OSR1/TNC/MMP2/ALDH1A2/LTK/TBX1/FZD10/FZD7/AQP1/KLF4/NTRK3,23
GO_BP,,,GO:0008038,neuron recognition,15/1059,48/18860,0.3125,5.56539187913126,7.72442758014468,2.99278838824843e-08,1.43791301552211e-06,1.06392632960187e-06,NTM/NCAM2/DSCAML1/EPHB3/EPHA3/CRTAC1/IGLON5/NDN/TNN/EFNB3/CNTN4/GAP43/SEMA5A/NEXN/TNFRSF21,15
GO_BP,,,GO:0035567,non-canonical Wnt signaling pathway,18/1059,69/18860,0.260869565217391,4.64589235127479,7.40011639680988,3.0058885148603e-08,1.43791301552211e-06,1.06392632960187e-06,SFRP5/WNT4/WNT7B/SFRP2/SFRP4/CTHRC1/RSPO3/VANGL2/SFRP1/PRICKLE1/FZD10/FZD7/DACT1/PRICKLE2/FZD2/ARHGEF19/FZD8/FRZB,18
GO_BP,,,GO:0050920,regulation of chemotaxis,34/1059,214/18860,0.158878504672897,2.82950764696019,6.56497967756976,3.74220605283956e-08,1.77309286789303e-06,1.31192927987769e-06,CCL21/PDGFRA/GREM1/F2RL1/TRPV4/PLXNA4/LPAR1/TPBG/TNFAIP6/CXCL12/PTN/IL6/SMOC2/CCL26/STK39/MMP28/SCG2/F3/THBS1/PRKD1/FGF1/CCL2/IL34/NTF3/SEMA5A/FGFR1/GSTP1/NBL1/PLXNA3/NTRK3/BST1/EDN1/PDGFD/TGFB1,34
GO_BP,,,GO:0043270,positive regulation of monoatomic ion transport,32/1059,194/18860,0.164948453608247,2.93760890939712,6.61647182054085,3.79299362074296e-08,1.78020219464115e-06,1.31718954237717e-06,FXYD2/PRSS8/WNK2/CFTR/TESC/KCNH2/CNTN1/ADORA1/ADRA2A/ANK3/ATP2C2/GAL/CXCL12/CACNA1D/F2RL3/STK39/APLNR/BDKRB1/LGALS3/CCL2/SNCA/ATP1B2/HAP1/LRRC55/NTSR1/JPH2/HEPH/TACR2/TRPA1/SCN3B/KCNQ1/EDN1,32
GO_BP,,,GO:0098773,skin epidermis development,26/1059,137/18860,0.18978102189781,3.37985842586657,6.81881326681063,3.93026225448666e-08,1.8273882912216e-06,1.35210301071715e-06,FGFR2/CLDN4/PKP3/KRT17/APCDD1/FA2H/CYP26B1/SOX9/VANGL2/NGFR/TFAP2C/GLI2/EDA/GAL/CDH3/TGFB2/IGFBP5/LHX2/DLL1/FGF7/SNAI1/KLF4/FOXE1/ABCA12/MSX2/PDGFA,26
GO_BP,,,GO:0007160,cell-matrix adhesion,37/1059,246/18860,0.150406504065041,2.67862763613472,6.46378909943453,4.17439662831753e-08,1.92292807647034e-06,1.42279386054838e-06,CCL21/POSTN/WNT4/PKHD1/ITGB8/GREM1/ITGBL1/CEACAM6/COL16A1/SVEP1/ITGB6/FREM1/EPHA3/CDH11/SFRP1/COL3A1/DDR1/NPNT/EDA/EMILIN1/FBLN5/ITGA11/APOD/TEK/THBS1/ITGA3/ITGA9/CORO2B/TNN/COL13A1/ITGB4/LIMCH1/AJAP1/TNXB/COL17A1/BST1/STON1,37
GO_BP,,,GO:0001837,epithelial to mesenchymal transition,32/1059,195/18860,0.164102564102564,2.92254424832329,6.5821043457356,4.29831143321371e-08,1.9487716122365e-06,1.4419157530793e-06,FGFR2/WNT4/GREM1/PDPN/SFRP2/BMP7/SOX9/HGF/COL1A1/NCAM1/WNT2/EPHA3/HAS2/SFRP1/OVOL2/OLFM1/IL6/BMP5/TGFB2/FOXF2/DACT3/FOXC1/TWIST1/HEYL/MARK1/IL17RD/SNAI1/FGFR1/TNXB/MSX2/EDN1/TGFB1,32
GO_BP,,,GO:0003012,muscle system process,58/1059,485/18860,0.119587628865979,2.12976645931291,6.14795928660349,4.30884175569878e-08,1.9487716122365e-06,1.4419157530793e-06,COMP/CACNA1H/CKMT2/GATA5/HAND2/KCNH2/JPH1/SULF1/ADORA1/RYR2/TRPV4/COL14A1/ADRA2A/DES/SGCD/PDE9A/SGCA/CRYAB/MYH11/KCNN2/RGS4/NPNT/SCN7A/MYOM2/SSPN/CACNA1D/MYH13/PLN/KCNE4/BDKRB2/APLNR/KCND2/HCN4/PRKD1/IGFBP5/NR4A3/OXTR/CNN1/MYOCD/PTGER3/SULF2/CCDC78/MYL3/KLF4/ACTC1/KCNA5/PI16/JPH2/KIT/CACNA1C/TACR2/TRPA1/GRIP2/SCN3B/KCNQ1/EDN1/GJA5/JPH3,58
GO_BP,,,GO:0030336,negative regulation of cell migration,50/1059,391/18860,0.127877237851662,2.27739821140921,6.22555539739919,4.52737320547086e-08,2.02471001387326e-06,1.49810334165877e-06,CCL21/DCN/WNT4/DPEP1/GREM1/PODN/SFRP2/TACSTD2/PLXNB3/SULF1/NAV3/ADORA1/GDF2/PTPRT/NGFR/CDH11/SFRP1/TIMP1/COL3A1/TNFAIP6/HAS1/NRG3/EMILIN1/CXCL12/CYP1B1/MMP28/APOD/BMP5/MAPK15/NDRG4/THBS1/IGFBP5/PTPRU/CCL2/MYOCD/TNN/IL33/ATP1B2/DNAJA4/LIMCH1/MMRN1/KLF4/GSTP1/NBL1/PTPRR/CLDN5/SEMA6D/DPYSL3/TGFB1/DACH1,50
GO_BP,,,GO:1901890,positive regulation of cell junction assembly,24/1059,120/18860,0.2,3.561850802644,6.86664781936172,4.56516097564612e-08,2.02471001387326e-06,1.49810334165877e-06,WNT4/THBS2/NTRK2/COL16A1/GDF2/FLRT2/LRRC15/EPHB3/SFRP1/TPBG/LRRN1/CLSTN2/RTN4RL1/NPHP4/SRPX2/TEK/AMIGO2/SLITRK4/NLGN1/NTRK3/CLDN5/EPHB1/LRRN3/BDNF,24
GO_BP,,,GO:0030326,embryonic limb morphogenesis,25/1059,129/18860,0.193798449612403,3.45140581651551,6.81419716775855,4.63953651420204e-08,2.02471001387326e-06,1.49810334165877e-06,FREM2/FRAS1/GREM1/HAND2/SFRP2/BMP7/CYP26B1/GRHL2/OSR1/ALDH1A2/PBX1/CRABP2/PRICKLE1/TGFB2/PRRX1/TWIST1/FGFR1/DYNC2H1/CACNA1C/MSX2/FBN2/TMEM231/EN1/GJA5/GLI3,25
GO_BP,,,GO:0035113,embryonic appendage morphogenesis,25/1059,129/18860,0.193798449612403,3.45140581651551,6.81419716775855,4.63953651420204e-08,2.02471001387326e-06,1.49810334165877e-06,FREM2/FRAS1/GREM1/HAND2/SFRP2/BMP7/CYP26B1/GRHL2/OSR1/ALDH1A2/PBX1/CRABP2/PRICKLE1/TGFB2/PRRX1/TWIST1/FGFR1/DYNC2H1/CACNA1C/MSX2/FBN2/TMEM231/EN1/GJA5/GLI3,25
GO_BP,,,GO:0007179,transforming growth factor beta receptor signaling pathway,38/1059,258/18860,0.147286821705426,2.62306842055179,6.40253514515017,4.8555078365605e-08,2.10053491190335e-06,1.55420694777593e-06,ITGB8/VEPH1/ADAMTSL2/PRDM16/ITGB6/HTRA3/LEFTY1/FMOD/OVOL2/COL3A1/NPNT/RASL11B/EMILIN1/CILP/COL1A2/ASPN/PMEPA1/CDKN1C/CDH3/FOS/TGFB2/THBS1/ITGA3/SOX11/LTBP2/LOX/DKK3/MYOCD/LTBP4/IL17RD/LTBP1/FBN1/SMAD9/ID1/FBN2/CLDN5/HTRA1/TGFB1,38
GO_BP,,,GO:0003002,regionalization,54/1059,440/18860,0.122727272727273,2.18568117434973,6.13810848570306,5.33473504104526e-08,2.28410757335294e-06,1.69003420978899e-06,FGFR2/BICC1/GATA5/GREM1/HAND2/WNT7B/SFRP2/CYP26B1/SEMA3C/HHIP/LEFTY1/VANGL2/DSCAML1/HOXC6/ANKS6/WNT2/LMX1B/SFRP1/OVOL2/MDFI/OSR1/GLI2/BHLHE41/HES2/ALDH1A2/MEOX1/PBX1/BMPR1B/HOXB9/PRICKLE1/TBX1/NDRG4/VAX2/APLNR/EGR2/PCSK5/FGF1/LHX2/FOXC1/DZIP1L/HEYL/SMARCD3/DLL1/GLI1/SNAI1/FGFR1/DYNC2H1/NBL1/FOXF1/MSX2/HES4/EN1/EDN1/GLI3,54
GO_BP,,,GO:0048592,eye morphogenesis,30/1059,177/18860,0.169491525423729,3.01851762935933,6.58083471739831,5.3716700720059e-08,2.28410757335294e-06,1.69003420978899e-06,PROM1/EFEMP1/MFAP2/NTRK2/SAMD11/SDK1/BMP7/SDK2/SOX9/ALDH1A3/STRA6/DIO3/WNT2/COL5A1/COL8A2/COL8A1/SHROOM2/VAX2/SOX11/FOXF2/MFAP5/TWIST1/AQP1/DLL1/FAT3/FBN1/FBN2/EPHB1/SOX8/GLI3,30
GO_BP,,,GO:0061326,renal tubule development,22/1059,104/18860,0.211538461538462,3.76734219510423,6.90231114809653,5.75341013918507e-08,2.42569622393608e-06,1.79479707910171e-06,PROM1/CD24/WNT4/GREM1/WNT7B/TACSTD2/SOX9/KIF26B/OSR1/NPNT/PBX1/PRICKLE1/KLHL3/FGF1/HEYL/AQP1/TCF21/DLL1/SOX8/TMEM59L/TGFB1/GLI3,22
GO_BP,,,GO:0006936,muscle contraction,48/1059,372/18860,0.129032258064516,2.29796825977033,6.16702467896266,6.36658894705873e-08,2.66166218585018e-06,1.96939067208e-06,COMP/CACNA1H/CKMT2/KCNH2/JPH1/SULF1/ADORA1/RYR2/TRPV4/ADRA2A/DES/SGCD/SGCA/CRYAB/MYH11/KCNN2/NPNT/SCN7A/MYOM2/SSPN/CACNA1D/MYH13/PLN/KCNE4/BDKRB2/KCND2/HCN4/PRKD1/OXTR/CNN1/MYOCD/PTGER3/SULF2/CCDC78/MYL3/ACTC1/KCNA5/JPH2/KIT/CACNA1C/TACR2/TRPA1/GRIP2/SCN3B/KCNQ1/EDN1/GJA5/JPH3,48
GO_BP,,,GO:0030509,BMP signaling pathway,30/1059,179/18860,0.167597765363128,2.9847911754,6.5076829438646,6.96509770601609e-08,2.8876134239525e-06,2.13657426999458e-06,COMP/GREM1/CHRDL1/SFRP2/BMP7/SULF1/SFRP4/HTRA3/GDF2/LEFTY1/TMEM119/CHRDL2/SFRP1/TNFAIP6/BMPR1B/FSTL3/BMPER/BMP5/ITGA3/SOX11/GDF6/EGR1/FBN1/SMAD9/NBL1/MSX2/ID1/BMP8A/HTRA1/ZNF423,30
GO_BP,,,GO:0035272,exocrine system development,15/1059,51/18860,0.294117647058824,5.23801588624118,7.39179519541198,7.44612829251862e-08,3.06152795498183e-06,2.26525538398762e-06,FGFR2/PDX1/BMP7/LAMA1/SEMA3C/SOX9/HGF/EDA/TFCP2L1/TGFB2/FOXC1/FGF7/FGFR1/PDGFA/TGFB1,15
GO_BP,,,GO:0030574,collagen catabolic process,14/1059,45/18860,0.311111111111111,5.5406568041129,7.43803013724248,9.22224960831758e-08,3.76071244273606e-06,2.7825890319488e-06,MMP7/MMP17/FAP/MMP10/ADAMTS2/MMP11/MMP2/MMP23B/ADAMTS3/MRC2/MMP28/ADAMTS14/MMP16/CTSK,14
GO_BP,,,GO:0050679,positive regulation of epithelial cell proliferation,34/1059,222/18860,0.153153153153153,2.72754340743009,6.31525530440793,9.38560562672064e-08,3.79621040592969e-06,2.80885433261806e-06,FGFR2/PDX1/PKHD1/PLXNB3/SOX9/GDF2/WNT2/HAS2/TGFA/OSR1/CXCL12/PTN/CCL11/CCL26/CDH3/TBX1/SCG2/BMP5/F3/TEK/FZD7/APLNR/SOX11/PRKD1/NR4A3/FGF1/GPBAR1/FGF7/SEMA5A/FGFR1/EGR3/ECM1/NR4A1/TGFB1,34
GO_BP,,,GO:0090092,regulation of transmembrane receptor protein serine/threonine kinase signaling pathway,44/1059,331/18860,0.132930513595166,2.36739328272411,6.12162269675078,9.52219544112961e-08,3.82039696125966e-06,2.82675020862735e-06,GREM1/VEPH1/CHRDL1/SFRP2/BMP7/SULF1/SFRP4/ADAMTSL2/PRDM16/HTRA3/GDF2/CHRDL2/SFRP1/OVOL2/NPNT/RASL11B/TNFAIP6/EMILIN1/CILP/ASPN/PMEPA1/CDKN1C/FSTL3/BMPER/CDH3/BMP5/TGFB2/THBS1/ITGA3/SOX11/LOX/DKK3/GDF6/MYOCD/LTBP4/IL17RD/LTBP1/FBN1/NBL1/MSX2/FBN2/HTRA1/TGFB1/ZNF423,44
GO_BP,,,GO:0010959,regulation of metal ion transport,48/1059,377/18860,0.127320954907162,2.26749122714738,6.06337621286546,9.62213657053407e-08,3.82961035507256e-06,2.83356729155012e-06,FXYD2/PRSS8/HAMP/WNK2/TESC/KCNH2/KCNF1/CNTN1/GPR35/JPH1/KCNIP3/ADORA1/RYR2/ADRA2A/SERPINE2/DPP10/KCNG1/ANK3/KCNN2/RGS4/OSR1/ATP2C2/GAL/CXCL12/KCNS3/CACNA1D/F2RL3/STK39/PLN/APLNR/BDKRB1/KCNS1/PRKD1/LGALS3/CCL2/SNCA/ATP1B2/HAP1/LRRC55/NTSR1/JPH2/CACNA1C/HEPH/STC2/SCN3B/KCNQ1/JPH3/TGFB1,48
GO_BP,,,GO:0048863,stem cell differentiation,38/1059,265/18860,0.143396226415094,2.55377982076363,6.21297251981866,9.94499697723762e-08,3.92669523506009e-06,2.90540137254803e-06,EPCAM/FGFR2/PDX1/PDGFRA/GREM1/HAND2/TTYH1/SFRP2/BMP7/TACSTD2/SEMA3C/SOX9/SLC4A11/RET/GPM6A/SFRP1/OVOL2/TFAP2C/OSR1/ALDH1A2/MEOX1/PTN/SEMA6A/PRICKLE1/TBX1/TGFB2/MYOCD/FOXC1/TWIST1/SMAD9/SEMA5A/FGFR1/KIT/FRZB/MSX2/SEMA6D/SOX8/EDN1,38
GO_BP,,,GO:0008037,cell recognition,29/1059,172/18860,0.168604651162791,3.00272306036849,6.43559668771728,1.00351511444143e-07,3.93109267271346e-06,2.90865508097941e-06,CRP/CCL21/VCAN/NTM/TUB/COLEC10/NCAM2/FCN3/DSCAML1/EPHB3/EPHA3/COLEC11/CRTAC1/FUT3/IGLON5/PTX3/NDN/LGALS3/TNN/EFNB3/CNTN4/GAP43/SEMA5A/PCDHB6/NEXN/PLA2G5/TNFRSF21/EPHB1/NCK2,29
GO_BP,,,GO:0072080,nephron tubule development,21/1059,99/18860,0.212121212121212,3.77772054825879,6.75870151859557,1.09100060366749e-07,4.24041250253575e-06,3.13752393998784e-06,PROM1/CD24/WNT4/GREM1/WNT7B/TACSTD2/SOX9/KIF26B/OSR1/NPNT/PBX1/KLHL3/FGF1/HEYL/AQP1/TCF21/DLL1/SOX8/TMEM59L/TGFB1/GLI3,21
GO_BP,,,GO:0042391,regulation of membrane potential,56/1059,474/18860,0.118143459915612,2.10404688763781,5.93769890205609,1.11443250311789e-07,4.29790829690814e-06,3.1800656576118e-06,CFTR/GABRB3/DCN/GLRB/SLC1A7/CACNA1H/GRID1/KCNH2/SLC4A3/NTRK2/KCNF1/GRIN2A/NALCN/ADORA1/RYR2/SLC4A11/KCNG1/BEGAIN/LTF/ANK3/KCNN2/RGS4/KCNK5/KCNH3/KCNK2/KCNK3/SCN7A/KCNJ11/KCNS3/CACNA1D/PLN/KCNE4/KCND2/KCNS1/HCN4/CHRFAM7A/GABBR1/CHRNA5/SNCA/ATP1B2/KCNA5/NTSR1/GRIN2D/NLGN1/CACNA1C/NTRK3/TMEM108/CNGB1/GNA14/CNIH3/TRPA1/KCNMB4/SCN3B/KCNQ1/EDN1/GJA5,56
GO_BP,,,GO:0031214,biomineral tissue development,30/1059,183/18860,0.163934426229508,2.91954983823279,6.36438565355485,1.15557541084867e-07,4.42229820690164e-06,3.2721030054557e-06,FGFR2/CFTR/COMP/WNT4/GREM1/BMP7/PTHLH/SOX9/ITGB6/COL1A1/TMEM119/LTF/SLC24A3/OSR1/COL1A2/PTN/BMPR1B/ASPN/MGP/PTH1R/PRICKLE1/TBX1/LOX/TWIST1/FGFR1/PKDCC/MSX2/FBN2/ECM1/TGFB1,30
GO_BP,,,GO:0060349,bone morphogenesis,21/1059,100/18860,0.21,3.7399433427762,6.70054727501684,1.30888237219483e-07,4.97075557379334e-06,3.67791213785883e-06,FGFR2/COMP/CYP26B1/SFRP4/SOX9/TRPV4/FREM1/COL1A1/TMEM119/LTF/HAS2/COL3A1/GALNT3/BMPR1B/FOXC1/TWIST1/COL13A1/MMP16/MSX2/TGFB1/GLI3,21
GO_BP,,,GO:0071774,response to fibroblast growth factor,24/1059,128/18860,0.1875,3.33923512747875,6.47697017842615,1.646963556293e-07,6.2073058276952e-06,4.59284813106588e-06,FGFR2/POSTN/WNT4/SULF1/CREB3L1/HHIP/FLRT2/COL1A1/NGFR/TNC/GALNT3/SMOC2/SHISA2/TBX1/GPC1/THBS1/FGF1/CCL2/SULF2/SNCA/FGF7/FGFR1/EGR3/NR4A1,24
GO_BP,,,GO:0002062,chondrocyte differentiation,23/1059,119/18860,0.19327731092437,3.44212472524421,6.51823556021731,1.67137294320686e-07,6.25194014470235e-06,4.62587351198606e-06,COMP/EFEMP1/COL11A1/GREM1/SFRP2/PTHLH/SULF1/SOX9/COL3A1/OSR1/GALNT3/BMPR1B/SCIN/PTH1R/MBOAT2/GDF6/SULF2/FGFR1/PKDCC/MSX2/ECM1/TGFB1/GLI3,23
GO_BP,,,GO:0050900,leukocyte migration,49/1059,397/18860,0.123425692695214,2.1981195129667,5.88476832608969,1.85662239744541e-07,6.89305703529171e-06,5.10024235967524e-06,CXCL6/CCL21/GP2/CXCL5/PODXL2/CHST4/DPEP1/GREM1/F2RL1/ADORA1/TRPV4/RET/PF4V1/SELP/MMP2/TNFAIP6/CH25H/EMILIN1/CXCL12/PTN/IL6/CXCL3/CCL11/CCL26/STK39/MMP28/APOD/SCG2/BMP5/TGFB2/BDKRB1/THBS1/ITGA3/ITGA9/LGALS3/CCL2/FUT4/IL33/IL34/SLC12A2/JAM2/NBL1/KIT/SPNS2/ECM1/BST1/EDN1/PDGFD/TGFB1,49
GO_BP,,,GO:0044344,cellular response to fibroblast growth factor stimulus,23/1059,120/18860,0.191666666666667,3.41344035253384,6.46885638960019,1.95943178289523e-07,7.22086897770648e-06,5.3427937191303e-06,FGFR2/POSTN/WNT4/SULF1/CREB3L1/HHIP/FLRT2/COL1A1/NGFR/GALNT3/SMOC2/SHISA2/TBX1/GPC1/THBS1/FGF1/CCL2/SULF2/SNCA/FGF7/FGFR1/EGR3/NR4A1,23
GO_BP,,,GO:0034765,regulation of monoatomic ion transmembrane transport,42/1059,318/18860,0.132075471698113,2.35216562438755,5.93130521492627,2.22254426557626e-07,8.10586336019032e-06,5.99760998055235e-06,FXYD2/HAMP/WNK2/CFTR/KCNJ16/TESC/KCNH2/GRIN2A/GPR35/JPH1/KCNIP3/RYR2/DPP10/KCNG1/ANK3/KCNN2/RGS4/OSR1/GAL/KCNJ11/KCNS3/CACNA1D/F2RL3/STK39/PLN/APLNR/BDKRB1/KCNS1/PRKD1/SNCA/ATP1B2/HAP1/LRRC55/NTSR1/JPH2/GRIN2D/CACNA1C/HEPH/KCNQ1/EDN1/JPH3/TGFB1,42
GO_BP,,,GO:0010810,regulation of cell-substrate adhesion,34/1059,230/18860,0.147826086956522,2.63267233238905,6.07633394510565,2.23513981352468e-07,8.10586336019032e-06,5.99760998055235e-06,CCL21/POSTN/WNT4/PKHD1/GREM1/SPOCK1/PDPN/CEACAM6/COL16A1/CCDC80/TACSTD2/FBLN2/OLFM4/COL1A1/EPHA3/HAS2/FBLN1/SFRP1/ABI3BP/DDR1/NPNT/COL8A1/EMILIN1/APOD/TEK/FZD7/THBS1/ITGA3/EGFL6/CORO2B/LIMCH1/AJAP1/FOXF1/BST1,34
GO_BP,,,GO:0060688,regulation of morphogenesis of a branching structure,15/1059,55/18860,0.272727272727273,4.85706927633273,6.98694340324169,2.24846059036435e-07,8.10586336019032e-06,5.99760998055235e-06,FGFR2/GREM1/BMP7/TACSTD2/SULF1/SOX9/HGF/WNT2/SFRP1/BCL11A/FGF7/FGFR1/PDGFA/SOX8/TGFB1,15
GO_BP,,,GO:0043410,positive regulation of MAPK cascade,55/1059,474/18860,0.116033755274262,2.06647462178713,5.73563067090819,2.61751640900813e-07,9.36844901785283e-06,6.93180983135284e-06,FGFR2/CCL21/WNT4/PDGFRA/HAND2/NTRK2/WNT7B/F2RL1/ADORA1/TRPV4/MST1R/ADRA2A/RET/HGF/ARHGAP8/LPAR1/TGFA/TPBG/NPNT/C1QTNF1/TNIK/IL6/STK39/BMPER/TBX1/TNFAIP8L3/TGFB2/TEK/NDRG4/FZD10/SH3RF3/FZD7/THBS1/IGF1R/GDF6/FGF1/IL34/GPBAR1/ANGPT1/FGF7/NTF3/DOK5/NRK/FGFR1/PELI2/NPY5R/KIT/PLA2G5/NTRK3/IGFBP6/IL11/PDGFA/EDN1/PDGFD/TGFB1,55
GO_BP,,,GO:0072009,nephron epithelium development,23/1059,122/18860,0.188524590163934,3.35748231396771,6.3716491185968,2.67741628875759e-07,9.51439002612071e-06,7.0397930539739e-06,PROM1/CD24/WNT4/GREM1/WNT7B/TACSTD2/SOX9/KIF26B/OSR1/NPNT/PBX1/KLHL3/FGF1/FOXC1/HEYL/AQP1/TCF21/DLL1/SOX8/EDN1/TMEM59L/TGFB1/GLI3,23
GO_BP,,,GO:0001890,placenta development,27/1059,160/18860,0.16875,3.00531161473088,6.21306886796304,2.6987238183761e-07,9.52209290526319e-06,7.04549249187101e-06,KRT19/FGFR2/SPINT1/ITGB8/WNT7B/PTGIS/BMP7/SPINT2/GRHL2/RSPO3/WNT2/GJB3/PCDHA10/OVOL2/MDFI/ST14/LDOC1/PTN/CDKN1C/BMP5/PTGS2/SNAI1/STC2/FBN2/TPPP3/FOSL1/HTRA1,27
GO_BP,,,GO:1905314,semi-lunar valve development,14/1059,49/18860,0.285714285714286,5.08835828949143,6.98917890386935,3.02191975234063e-07,1.05873596957004e-05,7.83369412448865e-06,GATA5/ELN/SOX9/STRA6/CDH11/PCDHA10/EMILIN1/TGFB2/SLIT3/TWIST1/HEYL/SNAI1/GJA5/TGFB1,14
GO_BP,,,GO:0045667,regulation of osteoblast differentiation,27/1059,161/18860,0.167701863354037,2.98664508296236,6.17460448617825,3.0721441092469e-07,1.06880538066457e-05,7.90819871184131e-06,FGFR2/WNT4/GREM1/HAND2/WNT7B/SFRP2/BMP7/SOX9/CTHRC1/HGF/TMEM119/LTF/SFRP1/NPNT/TNFAIP6/IL6/BMPR1B/TWIST2/SOX11/PRKD1/IGFBP5/TWIST1/GLI1/MSX2/ID1/FBN2/GLI3,27
GO_BP,,,GO:1904062,regulation of monoatomic cation transmembrane transport,39/1059,288/18860,0.135416666666667,2.41166981429021,5.88823514223779,3.12460869139907e-07,1.07950890553544e-05,7.98739517092293e-06,FXYD2/HAMP/WNK2/TESC/KCNH2/GRIN2A/GPR35/JPH1/KCNIP3/RYR2/DPP10/KCNG1/ANK3/KCNN2/RGS4/OSR1/GAL/KCNS3/CACNA1D/F2RL3/STK39/PLN/APLNR/BDKRB1/KCNS1/PRKD1/SNCA/ATP1B2/HAP1/LRRC55/NTSR1/JPH2/GRIN2D/CACNA1C/HEPH/KCNQ1/EDN1/JPH3/TGFB1,39
GO_BP,,,GO:0042476,odontogenesis,24/1059,133/18860,0.180451127819549,3.21369997231038,6.24878504024596,3.46186383138753e-07,1.18696915216809e-05,8.7825043642038e-06,FGFR2/CFTR/PDGFRA/HAND2/APCDD1/BMP7/ITGB6/COL1A1/NGFR/OSR1/TNC/GLI2/EDA/COL1A2/ASPN/TBX1/TGFB2/FOXC1/AQP1/FGFR1/MSX2/EDN1/TGFB1/GLI3,24
GO_BP,,,GO:0051965,positive regulation of synapse assembly,17/1059,72/18860,0.236111111111111,4.20496275312139,6.64559803970877,3.48336675812144e-07,1.18696915216809e-05,8.7825043642038e-06,THBS2/NTRK2/FLRT2/LRRC15/EPHB3/TPBG/LRRN1/CLSTN2/RTN4RL1/SRPX2/AMIGO2/SLITRK4/NLGN1/NTRK3/EPHB1/LRRN3/BDNF,17
GO_BP,,,GO:0060993,kidney morphogenesis,20/1059,98/18860,0.204081632653061,3.63454163535102,6.37769356777972,4.23044809968615e-07,1.431733285438e-05,1.05935388504135e-05,FRAS1/WNT4/GREM1/WNT7B/BMP7/TACSTD2/SOX9/VANGL2/KIF26B/OSR1/NPNT/PBX1/KLHL3/FGF1/TCF21/PRKX/SOX8/TMEM59L/TGFB1/GLI3,20
GO_BP,,,GO:0090288,negative regulation of cellular response to growth factor stimulus,25/1059,144/18860,0.173611111111111,3.09188437729514,6.14607017297473,4.26126388790823e-07,1.43241809745564e-05,1.05986058435385e-05,DCN/WNT4/GREM1/CHRDL1/SFRP2/SULF1/CREB3L1/HTRA3/NGFR/CHRDL2/SFRP1/TNFAIP6/EMILIN1/SEMA6A/SHISA2/FSTL3/BMPER/GPC1/THBS1/SULF2/ANGPT1/FBN1/MMRN1/NBL1/HTRA1,25
GO_BP,,,GO:0007431,salivary gland development,12/1059,37/18860,0.324324324324324,5.77597427455784,7.09256835397192,4.62269349556357e-07,1.53319334269525e-05,1.13442520378848e-05,FGFR2/BMP7/LAMA1/SEMA3C/HGF/EDA/TFCP2L1/TGFB2/FGF7/FGFR1/PDGFA/TGFB1,12
GO_BP,,,GO:0048048,embryonic eye morphogenesis,12/1059,37/18860,0.324324324324324,5.77597427455784,7.09256835397192,4.62269349556357e-07,1.53319334269525e-05,1.13442520378848e-05,EFEMP1/MFAP2/BMP7/ALDH1A3/STRA6/VAX2/SOX11/FOXF2/MFAP5/TWIST1/FBN1/FBN2,12
GO_BP,,,GO:0050921,positive regulation of chemotaxis,25/1059,145/18860,0.172413793103448,3.07056103676207,6.10467057150966,4.87905721655437e-07,1.60010056112029e-05,1.18393052890509e-05,CCL21/PDGFRA/F2RL1/TRPV4/LPAR1/TPBG/CXCL12/PTN/IL6/SMOC2/CCL26/STK39/SCG2/F3/THBS1/PRKD1/CCL2/IL34/NTF3/SEMA5A/FGFR1/NTRK3/EDN1/PDGFD/TGFB1,25
GO_BP,,,GO:0001838,embryonic epithelial tube formation,23/1059,126/18860,0.182539682539683,3.25089557384175,6.1831598182324,4.88874945307104e-07,1.60010056112029e-05,1.18393052890509e-05,SPINT1/WNT4/GREM1/SFRP2/BMP7/SPINT2/GRHL2/SOX9/CTHRC1/RET/VANGL2/PTK7/SFRP1/OVOL2/OSR1/ST14/PRICKLE1/BMP5/TGFB2/LHX2/TWIST1/SOX8/TGFB1,23
GO_BP,,,GO:0001942,hair follicle development,20/1059,99/18860,0.202020202020202,3.5978290935798,6.32099274739344,5.02524493412127e-07,1.6340257220427e-05,1.20903209732522e-05,FGFR2/PKP3/KRT17/APCDD1/SOX9/VANGL2/NGFR/TFAP2C/GLI2/EDA/GAL/CDH3/TGFB2/IGFBP5/LHX2/FGF7/SNAI1/FOXE1/MSX2/PDGFA,20
GO_BP,,,GO:0043583,ear development,34/1059,238/18860,0.142857142857143,2.54417914474572,5.84733681150567,5.07375315849623e-07,1.63908584178693e-05,1.21277613091328e-05,FGFR2/ESRP1/GABRB3/FREM2/COL11A1/SOX9/CTHRC1/ALDH1A3/STRA6/VANGL2/PTK7/KCNK2/DDR1/OSR1/KCNK3/BMPER/ATP6V1B1/TBX1/BMP5/TGFB2/SHROOM2/MYO3A/NR4A3/PRRX1/TWIST1/DLL1/FZD2/FGFR1/FRZB/NTRK3/KCNQ1/EDN1/TGFB1/GLI3,34
GO_BP,,,GO:0048706,embryonic skeletal system development,24/1059,136/18860,0.176470588235294,3.14280953174471,6.11700474983224,5.29976026979465e-07,1.70105208659538e-05,1.25862557986227e-05,FGFR2/PDGFRA/COL11A1/HAND2/BMP7/SULF1/GRHL2/COL1A1/DSCAML1/HOXC6/HOXD1/MDFI/OSR1/PBX1/HOXB9/TBX1/SOX11/PCSK5/PRRX1/SULF2/TWIST1/MMP16/GLI3/XYLT1,24
GO_BP,,,GO:0072132,mesenchyme morphogenesis,15/1059,59/18860,0.254237288135593,4.52777644403899,6.61944681824895,6.1008118999459e-07,1.94561148732249e-05,1.4395775448118e-05,GATA5/BMP7/SOX9/OSR1/BMP5/TGFB2/APLNR/FOXC1/TWIST1/HEYL/SNAI1/ACTC1/FGFR1/FOXF1/MSX2,15
GO_BP,,,GO:0030282,bone mineralization,23/1059,128/18860,0.1796875,3.20010033050047,6.09172804512209,6.53612881565918e-07,2.07116183808308e-05,1.53247351447269e-05,FGFR2/COMP/WNT4/GREM1/BMP7/PTHLH/SOX9/TMEM119/LTF/SLC24A3/OSR1/COL1A2/PTN/BMPR1B/ASPN/MGP/PTH1R/PRICKLE1/LOX/TWIST1/PKDCC/FBN2/ECM1,23
GO_BP,,,GO:0050767,regulation of neurogenesis,46/1059,378/18860,0.121693121693122,2.1672637158945,5.59146374104854,6.58275275874137e-07,2.07273385916065e-05,1.53363666870877e-05,SPINT1/PTPRS/NTRK2/BMP7/PLXNB3/IGDCC4/SERPINE2/WNT2/OBSL1/BCL11A/BHLHE41/HES2/CXCL12/PTN/IL6/CRABP2/CCL11/TIAM2/ID4/PRTG/EGR2/NEFL/SOX11/LHX2/IL34/HEYL/EFNB3/SMARCD3/HAP1/MAP6/DLL1/PTPRZ1/ULK2/ISLR2/SEMA5A/DBN1/KIT/PLXNA3/NTRK3/NEGR1/SEMA6D/SOX8/NFATC4/BDNF/TGFB1/GLI3,46
GO_BP,,,GO:0060840,artery development,22/1059,119/18860,0.184873949579832,3.29246712849446,6.11878689205262,6.87726562845246e-07,2.15184883657553e-05,1.59217463771587e-05,COMP/HAND2/STRA6/LOXL1/NGFR/PCDHA10/COL3A1/PRICKLE1/TBX1/TGFB2/APLNR/EGR2/FKBP10/LOX/PRRX1/MYOCD/FOXC1/ADAMTS6/FOXF1/EDN1/GJA5/GLI3,22
GO_BP,,,GO:0072175,epithelial tube formation,24/1059,139/18860,0.172661870503597,3.07497911019626,5.98882630746704,8.00042475186986e-07,2.48763207128454e-05,1.84062403666374e-05,FGFR2/SPINT1/WNT4/GREM1/SFRP2/BMP7/SPINT2/GRHL2/SOX9/CTHRC1/RET/VANGL2/PTK7/SFRP1/OVOL2/OSR1/ST14/PRICKLE1/BMP5/TGFB2/LHX2/TWIST1/SOX8/TGFB1,24
GO_BP,,,GO:0050807,regulation of synapse organization,41/1059,322/18860,0.127329192546584,2.26763793336031,5.59598876489743,8.20371305258293e-07,2.53281563498598e-05,1.87405581074763e-05,GRID1/VLDLR/THBS2/PTPRS/NTRK2/GPC4/CTTNBP2/FLRT2/VANGL2/LRRC15/EPHB3/GPM6A/TPBG/LRRN1/MDGA1/CRTAC1/PTPN13/CLSTN2/RTN4RL1/PRICKLE1/SRPX2/NEFL/CRMP1/AMIGO2/SNCA/MARK1/FGF7/TANC2/SLITRK4/FGFR1/DBN1/NLGN1/NTRK3/ZDHHC15/NEGR1/LRFN4/EPHB1/LRRN3/IGSF11/NFATC4/BDNF,41
GO_BP,,,GO:0022404,molting cycle process,20/1059,102/18860,0.196078431372549,3.49201059082745,6.15519496970736,8.29847132668773e-07,2.53281563498598e-05,1.87405581074763e-05,FGFR2/PKP3/KRT17/APCDD1/SOX9/VANGL2/NGFR/TFAP2C/GLI2/EDA/GAL/CDH3/TGFB2/IGFBP5/LHX2/FGF7/SNAI1/FOXE1/MSX2/PDGFA,20
GO_BP,,,GO:0022405,hair cycle process,20/1059,102/18860,0.196078431372549,3.49201059082745,6.15519496970736,8.29847132668773e-07,2.53281563498598e-05,1.87405581074763e-05,FGFR2/PKP3/KRT17/APCDD1/SOX9/VANGL2/NGFR/TFAP2C/GLI2/EDA/GAL/CDH3/TGFB2/IGFBP5/LHX2/FGF7/SNAI1/FOXE1/MSX2/PDGFA,20
GO_BP,,,GO:0051896,regulation of phosphatidylinositol 3-kinase/protein kinase B signal transduction,40/1059,311/18860,0.128617363344051,2.29057929430483,5.59744386983977,8.5962822704898e-07,2.60771367656627e-05,1.92947362643792e-05,SFRP5/CCL21/DCN/PDGFRA/PKHD1/NTRK2/F2RL1/MST1R/ADRA2A/RET/SERPINE2/HGF/TPBG/PTPN13/PHLDA3/DDR1/SELP/C1QTNF1/LTK/TGFB2/TEK/THBS1/IGF1R/PRKD1/LOX/IGFBP5/FBXL2/IL33/TWIST1/ANGPT1/NTF3/KLF4/SEMA5A/FGFR1/KIT/NTRK3/PDGFA/TSPYL5/PDGFD/TGFB1,40
GO_BP,,,GO:0060828,regulation of canonical Wnt signaling pathway,37/1059,278/18860,0.133093525179856,2.37029639744295,5.61404379533147,9.57446294183162e-07,2.88684564458256e-05,2.13600618230208e-05,CTNND2/FGFR2/WNK2/SFRP5/BICC1/GREM1/SFRP2/LGR6/SHISA3/SFRP4/NKD2/SOX9/CTHRC1/RSPO3/COL1A1/PTK7/SFRP1/TPBG/DKK2/EDA/PRICKLE1/NPHP4/CDH3/FZD7/DACT1/DKK3/PTPRU/SULF2/DACT3/EGR1/GLI1/SEMA5A/FRZB/GPRC5B/IGFBP6/TGFB1/GLI3,37
GO_BP,,,GO:0007435,salivary gland morphogenesis,11/1059,33/18860,0.333333333333333,5.93641800440667,6.92250768391684,1.02412501680067e-06,3.0509113524451e-05,2.25740005279038e-05,FGFR2/BMP7/LAMA1/SEMA3C/HGF/EDA/TGFB2/FGF7/FGFR1/PDGFA/TGFB1,11
GO_BP,,,GO:0060325,face morphogenesis,11/1059,33/18860,0.333333333333333,5.93641800440667,6.92250768391684,1.02412501680067e-06,3.0509113524451e-05,2.25740005279038e-05,PDGFRA/STRA6/COL1A1/MMP2/PRICKLE1/CRISPLD2/TBX1/TGFB2/CRISPLD1/CLDN5/TGFB1,11
GO_BP,,,GO:0060669,embryonic placenta morphogenesis,10/1059,27/18860,0.37037037037037,6.5960200048963,7.09719107037173,1.04768074646884e-06,3.10250697243005e-05,2.29557617193079e-05,FGFR2/SPINT1/WNT7B/BMP7/SPINT2/GRHL2/RSPO3/ST14/CDKN1C/BMP5,10
GO_BP,,,GO:0060324,face development,14/1059,54/18860,0.259259259259259,4.61721400342741,6.49244049227871,1.11602439327526e-06,3.28533808079551e-05,2.43085475134449e-05,PDGFRA/GRHL2/ALDH1A3/STRA6/COL1A1/MMP2/ALDH1A2/PRICKLE1/CRISPLD2/TBX1/TGFB2/CRISPLD1/CLDN5/TGFB1,14
GO_BP,,,GO:0010463,mesenchymal cell proliferation,13/1059,47/18860,0.276595744680851,4.92596387599703,6.57281351595271,1.20653174949049e-06,3.530879678656e-05,2.61253345385031e-05,FGFR2/HAND2/BMP7/SOX9/WNT2/OSR1/TBX1/PRRX1/FGF7/FGFR1/DCHS2/FOXF1/PDGFA,13
GO_BP,,,GO:0035148,tube formation,25/1059,153/18860,0.163398692810458,2.91000882568955,5.78580945056473,1.37168812373827e-06,3.9907300676011e-05,2.95278139040488e-05,FGFR2/SPINT1/WNT4/GREM1/SFRP2/BMP7/SPINT2/GRHL2/SOX9/CTHRC1/RET/VANGL2/PTK7/SFRP1/OVOL2/OSR1/ST14/EDA/PRICKLE1/BMP5/TGFB2/LHX2/TWIST1/SOX8/TGFB1,25
GO_BP,,,GO:0009954,proximal/distal pattern formation,11/1059,34/18860,0.323529411764706,5.7618174748653,6.77826097636666,1.43737049361046e-06,4.13382898584787e-05,3.05866172198043e-05,GREM1/CYP26B1/OSR1/GLI2/ALDH1A2/PBX1/HOXB9/DLL1/GLI1/EN1/GLI3,11
GO_BP,,,GO:0050803,regulation of synapse structure or activity,41/1059,329/18860,0.124620060790274,2.2193903177569,5.44222350180456,1.43749229055614e-06,4.13382898584787e-05,3.05866172198043e-05,GRID1/VLDLR/THBS2/PTPRS/NTRK2/GPC4/CTTNBP2/FLRT2/VANGL2/LRRC15/EPHB3/GPM6A/TPBG/LRRN1/MDGA1/CRTAC1/PTPN13/CLSTN2/RTN4RL1/PRICKLE1/SRPX2/NEFL/CRMP1/AMIGO2/SNCA/MARK1/FGF7/TANC2/SLITRK4/FGFR1/DBN1/NLGN1/NTRK3/ZDHHC15/NEGR1/LRFN4/EPHB1/LRRN3/IGSF11/NFATC4/BDNF,41
GO_BP,,,GO:1904018,positive regulation of vasculature development,29/1059,195/18860,0.148717948717949,2.64855572504298,5.64406557167991,1.50528843126758e-06,4.3039137618139e-05,3.18450916161083e-05,ITGB8/GREM1/PTGIS/SFRP2/ANXA3/GDF2/ADAM12/HSPB6/CCBE1/EMILIN1/CXCL12/CCL11/SMOC2/CYP1B1/BMPER/F3/TEK/APLNR/THBS1/PRKD1/FGF1/TNN/TWIST1/AQP1/DLL1/KLF4/SEMA5A/ECM1/TGFB1,29
GO_BP,,,GO:0043491,phosphatidylinositol 3-kinase/protein kinase B signal transduction,43/1059,354/18860,0.121468926553672,2.16327096770752,5.38903931137829,1.59194058958208e-06,4.49163102766586e-05,3.32340305818514e-05,SFRP5/CCL21/DCN/PDGFRA/PKHD1/NTRK2/F2RL1/MST1R/ADRA2A/RET/SERPINE2/HGF/TPBG/PTPN13/PHLDA3/DDR1/SELP/C1QTNF1/LTK/TGFB2/TEK/THBS1/IGF1R/PRKD1/LOX/IGFBP5/FBXL2/IL33/TWIST1/ANGPT1/NTF3/COL6A3/KLF4/SEMA5A/FGFR1/KIT/NTRK3/COL6A2/PDGFA/EDN1/TSPYL5/PDGFD/TGFB1,43
GO_BP,,,GO:0030178,negative regulation of Wnt signaling pathway,28/1059,185/18860,0.151351351351351,2.69545466146033,5.65232141717044,1.59310899801344e-06,4.49163102766586e-05,3.32340305818514e-05,SFRP5/BICC1/GREM1/APCDD1/SFRP2/SHISA3/SFRP4/NKD2/SOX9/CTHRC1/SFRP1/TPBG/MDFI/DKK2/NXN/PRICKLE1/NPHP4/SHISA2/DACT1/DKK3/PTPRU/DACT3/EGR1/GLI1/FRZB/IGFBP6/NFATC4/GLI3,28
GO_BP,,,GO:0051897,positive regulation of phosphatidylinositol 3-kinase/protein kinase B signal transduction,31/1059,217/18860,0.142857142857143,2.54417914474572,5.58026418415105,1.59802752140072e-06,4.49163102766586e-05,3.32340305818514e-05,CCL21/DCN/PDGFRA/NTRK2/F2RL1/MST1R/ADRA2A/RET/HGF/TPBG/DDR1/SELP/C1QTNF1/LTK/TGFB2/TEK/THBS1/IGF1R/PRKD1/IGFBP5/IL33/ANGPT1/NTF3/SEMA5A/FGFR1/KIT/NTRK3/PDGFA/TSPYL5/PDGFD/TGFB1,31
GO_BP,,,GO:0003208,cardiac ventricle morphogenesis,16/1059,72/18860,0.222222222222222,3.95761200293778,6.13270794170692,1.82947461346999e-06,5.11327876517596e-05,3.78336648332618e-05,FGFR2/COL11A1/HAND2/SFRP2/GRHL2/SEMA3C/RYR2/TGFB2/FOXC1/HEYL/SMARCD3/MYL3/NPY5R/FOXF1/ZFPM2/TGFB1,16
GO_BP,,,GO:0060538,skeletal muscle organ development,29/1059,197/18860,0.147208121827411,2.6216668344334,5.58070582326697,1.85960770854476e-06,5.1684627653688e-05,3.82419768114144e-05,CNTFR/DNER/ANKRD1/MSC/CYP26B1/ELN/STRA6/DES/KLF5/MYOM2/FOS/TBX1/GPC1/EGR2/SOX11/SRPK3/MYOCD/TWIST1/EGR1/HEYL/TCF21/DLL1/MYL3/BARX2/NEGR1/EPHB1/NR4A1/SOX8/TGFB1,29
GO_BP,,,GO:0002063,chondrocyte development,11/1059,35/18860,0.314285714285714,5.59719411844058,6.63963923120121,1.99021198708719e-06,5.50072479764376e-05,4.07004170692626e-05,COMP/COL11A1/SFRP2/PTHLH/SULF1/SOX9/GALNT3/BMPR1B/SULF2/MSX2/ECM1,11
GO_BP,,,GO:0060713,labyrinthine layer morphogenesis,9/1059,23/18860,0.391304347826087,6.96883852691218,6.9860709108998,2.14232012131726e-06,5.88842132793003e-05,4.35690227638642e-05,FGFR2/SPINT1/WNT7B/BMP7/SPINT2/GRHL2/RSPO3/ST14/BMP5,9
GO_BP,,,GO:0006814,sodium ion transport,34/1059,255/18860,0.133333333333333,2.37456720176267,5.39021812856226,2.50836098568914e-06,6.85664610099091e-05,5.07330154248404e-05,FXYD2/PRSS8/WNK2/SLC34A2/TESC/SLC5A1/SLC9A3/GRIN2A/CNTN1/NALCN/SLC4A11/SERPINE2/SLC24A3/ANK3/OSR1/SLC6A20/KCNK3/SCN7A/KLHL3/STK39/ATP6V1B1/SHROOM2/HCN4/SLC6A3/ATP1B2/SLC12A2/SLC9A2/SLC6A17/CNGB1/SLC28A3/SCN3B/KCNQ1/EDN1/TGFB1,34
GO_BP,,,GO:0001508,action potential,27/1059,179/18860,0.150837988826816,2.68631205786,5.5290371868754,2.60059458343183e-06,7.03149894161594e-05,5.202676921202e-05,KCNH2/SLC4A3/NTRK2/KCNF1/RYR2/KCNG1/ANK3/KCNN2/KCNK2/KCNK3/SCN7A/KCNJ11/KCNS3/CACNA1D/KCNE4/KCND2/KCNS1/HCN4/KCNA5/CACNA1C/NTRK3/GNA14/TRPA1/KCNMB4/SCN3B/KCNQ1/GJA5,27
GO_BP,,,GO:1903034,regulation of response to wounding,27/1059,179/18860,0.150837988826816,2.68631205786,5.5290371868754,2.60059458343183e-06,7.03149894161594e-05,5.202676921202e-05,DUOX2/CLDN4/WNT4/PDGFRA/PTPRS/F2RL1/FAP/ADRA2A/SERPINE2/C1QTNF1/EMILIN1/PTN/RTN4RL1/SMOC2/F3/THBS1/WFDC1/IL33/ANGPT1/SLC12A2/MMRN1/KLF4/PLAT/AJAP1/NTRK3/PDGFA/EDN1,27
GO_BP,,,GO:0001656,metanephros development,18/1059,92/18860,0.195652173913043,3.48441926345609,5.82632779045438,3.00627237791357e-06,8.08443517844326e-05,5.98175505295236e-05,FRAS1/WNT4/PDGFRA/GREM1/WNT7B/BMP7/SOX9/RET/KIF26B/OSR1/GDF6/EGR1/AQP1/TCF21/FBN1/PDGFA/SOX8/GLI3,18
GO_BP,,,GO:1901342,regulation of vasculature development,44/1059,375/18860,0.117333333333333,2.08961913755115,5.1983526598215,3.05098210146329e-06,8.1605569649354e-05,6.03807832983425e-05,DCN/WNT4/ITGB8/GREM1/THBS2/PTGIS/SFRP2/SULF1/CREB3L1/ANXA3/GDF2/COL4A3/ADAM12/SFRP1/HSPB6/CCBE1/EMILIN1/CXCL12/IL6/SEMA6A/FBLN5/CCL11/SMOC2/CYP1B1/BMPER/F3/TGFB2/TEK/APLNR/THBS1/PRKD1/FGF1/TNN/FOXC1/TWIST1/AQP1/DLL1/SLC12A2/KLF4/SEMA5A/ID1/ECM1/CLDN5/TGFB1,44
GO_BP,,,GO:0072012,glomerulus vasculature development,10/1059,30/18860,0.333333333333333,5.93641800440667,6.59982629461668,3.19699919066708e-06,8.50538554736296e-05,6.29322047270633e-05,PDGFRA/BMP7/OSR1/TEK/EGR1/AQP1/TCF21/ANGPT1/EDN1/PDGFD,10
GO_BP,,,GO:0043266,regulation of potassium ion transport,18/1059,93/18860,0.193548387096774,3.44695238965549,5.76971919179411,3.53465281341239e-06,9.35366901421629e-05,6.92087395772851e-05,KCNH2/KCNF1/KCNIP3/ADORA1/ADRA2A/DPP10/KCNG1/ANK3/KCNN2/RGS4/GAL/KCNS3/CACNA1D/STK39/KCNS1/ATP1B2/LRRC55/KCNQ1,18
GO_BP,,,GO:1900746,regulation of vascular endothelial growth factor signaling pathway,11/1059,37/18860,0.297297297297297,5.29464308501136,6.37776668911724,3.67676227201242e-06,9.67824989590572e-05,7.16103462279446e-05,DCN/GREM1/CCBE1/EMILIN1/ADAMTS3/SEMA6A/SMOC2/ANGPT1/DLL1/PTP4A3/TNXB,11
GO_BP,,,GO:0042060,wound healing,50/1059,453/18860,0.11037527593819,1.96570132596247,5.07440974922038,3.89333869436924e-06,0.000100918364604978,7.46705148952355e-05,DUOX2/CLDN4/COMP/WNT4/PDGFRA/ANXA8/PDPN/SVEP1/EREG/ITPR3/F2RL1/FAP/ITGB6/ADRA2A/ANGPTL1/SERPINE2/VANGL2/PTK7/FBLN1/F2RL2/TIMP1/COL5A1/COL3A1/DDR1/SELP/C1QTNF1/EMILIN1/IL6/TFPI2/SMOC2/F2RL3/F3/TGFB2/FZD7/THBS1/WFDC1/FKBP10/PLA2G4A/FGF1/AQP1/ANGPT1/SLC12A2/MMRN1/PLAT/AJAP1/ARHGEF19/MSX2/PDGFA/EDN1/TGFB1,50
GO_BP,,,GO:0033627,cell adhesion mediated by integrin,16/1059,76/18860,0.210526315789474,3.74931663436211,5.85763931321562,3.89473889530768e-06,0.000100918364604978,7.46705148952355e-05,CCL21/ITGB8/TESC/ITGBL1/COL16A1/SFRP2/ITGB6/RET/NPNT/EMILIN1/ITGA11/CYP1B1/TGFB2/FBN1/ITGB4/MMRN1,16
GO_BP,,,GO:1903053,regulation of extracellular matrix organization,16/1059,76/18860,0.210526315789474,3.74931663436211,5.85763931321562,3.89473889530768e-06,0.000100918364604978,7.46705148952355e-05,LAMA2/PDPN/LAMA1/SOX9/FAP/AEBP1/HAS2/DDR1/EMILIN1/IL6/TGFB2/ANTXR1/PRDM5/ZNF469/TNXB/TGFB1,16
GO_BP,,,GO:0018108,peptidyl-tyrosine phosphorylation,21/1059,122/18860,0.172131147540984,3.06552733014443,5.58257226982218,4.04545474347219e-06,0.000104280504397793,7.71581960072116e-05,FGFR2/EFEMP1/PDGFRA/SFRP2/PTK6/EPHA3/SFRP1/GPRC5A/DDR1/IL6/LTK/IGF1R/ANGPT1/FGF7/CTF1/FGFR1/FES/PKDCC/KIT/GPRC5B/IL11,21
GO_BP,,,GO:0035924,cellular response to vascular endothelial growth factor stimulus,17/1059,85/18860,0.2,3.561850802644,5.77375609732576,4.11230584668711e-06,0.000105457327769425,7.80289394783767e-05,DCN/PDGFRA/GREM1/CCBE1/EMILIN1/ADAMTS3/GAS1/SEMA6A/SMOC2/PRKD1/FOXC1/ANGPT1/DLL1/PTP4A3/EGR3/TNXB/NR4A1,17
GO_BP,,,GO:0003401,axis elongation,10/1059,31/18860,0.32258064516129,5.74492064942581,6.44883527026131,4.48267362019173e-06,0.000114365647489507,8.46202950057246e-05,FGFR2/SFRP2/SOX9/VANGL2/PTK7/SFRP1/TFAP2C/TNC/FGF1/TGFB1,10
GO_BP,,,GO:0044703,multi-organism reproductive process,30/1059,217/18860,0.138248847926267,2.46210884975392,5.28368335718951,4.62142371008453e-06,0.000116781202684255,8.64075886351423e-05,CLDN4/WNT4/COL16A1/PTGIS/PTHLH/ADRA2A/FOSB/SERPINE2/FBLN1/PGR/TIMP1/DDR1/MMP2/LDOC1/PTN/FOS/PAPPA/PTGS2/ITGA3/IGFBP5/PCSK5/OXTR/CLIC5/ITGB4/TEAD4/STC2/FBN2/EDN1/TPPP3/TGFB1,30
GO_BP,,,GO:0018212,peptidyl-tyrosine modification,21/1059,123/18860,0.170731707317073,3.04060434372049,5.53791702400244,4.62430089021072e-06,0.000116781202684255,8.64075886351423e-05,FGFR2/EFEMP1/PDGFRA/SFRP2/PTK6/EPHA3/SFRP1/GPRC5A/DDR1/IL6/LTK/IGF1R/ANGPT1/FGF7/CTF1/FGFR1/FES/PKDCC/KIT/GPRC5B/IL11,21
GO_BP,,,GO:0048593,camera-type eye morphogenesis,23/1059,143/18860,0.160839160839161,2.86442547065777,5.45858448091893,4.72097914031372e-06,0.00011862056173263,8.77685489297027e-05,PROM1/NTRK2/SAMD11/SDK1/BMP7/SDK2/SOX9/ALDH1A3/STRA6/DIO3/WNT2/COL8A2/COL8A1/SHROOM2/SOX11/FOXF2/TWIST1/AQP1/DLL1/FAT3/EPHB1/SOX8/GLI3,23
GO_BP,,,GO:1905330,regulation of morphogenesis of an epithelium,15/1059,69/18860,0.217391304347826,3.87157695939566,5.82847810481711,5.11240075456856e-06,0.000127810018864214,9.45679208607577e-05,WNT4/GREM1/BMP7/TACSTD2/SULF1/SOX9/HGF/WNT2/SFRP1/FGF1/FGF7/FGFR1/PDGFA/SOX8/TGFB1,15
GO_BP,,,GO:0033002,muscle cell proliferation,33/1059,252/18860,0.130952380952381,2.33216421601691,5.19270075238853,5.19876468614248e-06,0.000129319271567794,9.56846321444224e-05,FGFR2/OGN/EREG/ELN/HGF/WNT2/KCNK2/MMP2/PDE1A/IL6/FOS/APOD/TGFB2/NDRG4/THBS1/IGFBP5/NR4A3/CNN1/MYOCD/FOXC1/ANGPT1/GLI1/KLF4/FGFR1/FES/PTGIR/NPY5R/GSTP1/ZFPM2/EPHB1/EDN1/PDGFD/TGFB1,33
GO_BP,,,GO:0060346,bone trabecula formation,6/1059,10/18860,0.6,10.685552407932,7.47229188934304,5.33878368049143e-06,0.000131371198764565,9.72028737539662e-05,GREM1/COL1A1/SFRP1/MMP2/MSX2/FBN2,6
GO_BP,,,GO:0060425,lung morphogenesis,14/1059,61/18860,0.229508196721311,4.08736977352591,5.89075962770216,5.3570638079141e-06,0.000131371198764565,9.72028737539662e-05,FGFR2/WNT7B/LAMA1/GRHL2/SOX9/HHIP/VANGL2/WNT2/TNC/SOX11/TCF21/FGF7/FOXF1/ID1,14
GO_BP,,,GO:0046777,protein autophosphorylation,22/1059,134/18860,0.164179104477612,2.92390737530478,5.45128840539381,5.36047303501641e-06,0.000131371198764565,9.72028737539662e-05,FGFR2/WNK2/PDGFRA/NTRK2/PTK6/EPHB3/DDR1/TNIK/LTK/STK39/MAPK15/IGF1R/MYO3A/PRKD1/ULK2/FGFR1/FES/KIT/BMX/PRKX/EPHB1/PDGFA,22
GO_BP,,,GO:0007565,female pregnancy,28/1059,197/18860,0.142131979695431,2.53126452979777,5.26960081870966,5.56337486991718e-06,0.000135029016643757,9.99093300615114e-05,CLDN4/WNT4/COL16A1/PTGIS/PTHLH/ADRA2A/FOSB/FBLN1/PGR/TIMP1/DDR1/MMP2/LDOC1/PTN/FOS/PAPPA/PTGS2/ITGA3/IGFBP5/PCSK5/OXTR/CLIC5/ITGB4/TEAD4/STC2/FBN2/TPPP3/TGFB1,28
GO_BP,,,GO:0003170,heart valve development,16/1059,78/18860,0.205128205128205,3.65318031040411,5.72701418943783,5.56400973104928e-06,0.000135029016643757,9.99093300615114e-05,GATA5/ELN/SOX9/STRA6/CDH11/PCDHA10/OLFM1/EMILIN1/TGFB2/APLNR/SLIT3/TWIST1/HEYL/SNAI1/GJA5/TGFB1,16
GO_BP,,,GO:0001736,establishment of planar polarity,10/1059,32/18860,0.3125,5.56539187913126,6.30428831399952,6.19337624058242e-06,0.000147426061229175,0.000109082028271552,PKHD1/SFRP2/CTHRC1/BRSK2/VANGL2/PTK7/SFRP1/DLG3/FOXF2/BRSK1,10
GO_BP,,,GO:0007164,establishment of tissue polarity,10/1059,32/18860,0.3125,5.56539187913126,6.30428831399952,6.19337624058242e-06,0.000147426061229175,0.000109082028271552,PKHD1/SFRP2/CTHRC1/BRSK2/VANGL2/PTK7/SFRP1/DLG3/FOXF2/BRSK1,10
GO_BP,,,GO:0061437,renal system vasculature development,10/1059,32/18860,0.3125,5.56539187913126,6.30428831399952,6.19337624058242e-06,0.000147426061229175,0.000109082028271552,PDGFRA/BMP7/OSR1/TEK/EGR1/AQP1/TCF21/ANGPT1/EDN1/PDGFD,10
GO_BP,,,GO:0061440,kidney vasculature development,10/1059,32/18860,0.3125,5.56539187913126,6.30428831399952,6.19337624058242e-06,0.000147426061229175,0.000109082028271552,PDGFRA/BMP7/OSR1/TEK/EGR1/AQP1/TCF21/ANGPT1/EDN1/PDGFD,10
GO_BP,,,GO:1902547,regulation of cellular response to vascular endothelial growth factor stimulus,11/1059,39/18860,0.282051282051282,5.02312292680565,6.13422030258418,6.49837523830618e-06,0.000153949603859873,0.000113908863199783,DCN/GREM1/CCBE1/EMILIN1/ADAMTS3/SEMA6A/SMOC2/ANGPT1/DLL1/PTP4A3/TNXB,11
GO_BP,,,GO:0045669,positive regulation of osteoblast differentiation,16/1059,79/18860,0.20253164556962,3.60693752166481,5.66330462230829,6.61767264257812e-06,0.00015603280282856,0.000115450243108484,WNT4/WNT7B/SFRP2/BMP7/CTHRC1/HGF/TMEM119/LTF/NPNT/IL6/BMPR1B/SOX11/PRKD1/MSX2/FBN2/GLI3,16
GO_BP,,,GO:0060343,trabecula formation,9/1059,26/18860,0.346153846153846,6.16474177380693,6.42760402071905,7.0286820161792e-06,0.000164941948257035,0.000122042209585793,GREM1/COL1A1/SFRP1/OVOL2/MMP2/TEK/FHL2/MSX2/FBN2,9
GO_BP,,,GO:1903522,regulation of blood circulation,35/1059,279/18860,0.125448028673835,2.23413580811004,5.06542189931978,7.1757869934474e-06,0.000166965578014101,0.000123539513634554,CACNA1H/KCNH2/SLC4A3/SVEP1/JPH1/ADORA1/RYR2/ADRA2A/DES/KCNN2/RGS4/MMP2/HSPB7/CACNA1D/PLN/KCNE4/BDKRB2/TGFB2/KCND2/HCN4/ITGA9/OXTR/ATP1B2/MYL3/HRH2/KCNA5/JPH2/CACNA1C/TRPA1/KCNMB4/SCN3B/KCNQ1/EDN1/GJA5/JPH3,35
GO_BP,,,GO:0002685,regulation of leukocyte migration,31/1059,233/18860,0.133047210300429,2.36947156399065,5.13032209776688,7.18203692362164e-06,0.000166965578014101,0.000123539513634554,CCL21/CHST4/GREM1/F2RL1/ADORA1/TRPV4/SELP/TNFAIP6/EMILIN1/CXCL12/PTN/IL6/STK39/MMP28/APOD/BMP5/BDKRB1/THBS1/LGALS3/CCL2/FUT4/IL33/IL34/JAM2/NBL1/SPNS2/ECM1/BST1/EDN1/PDGFD/TGFB1,31
GO_BP,,,GO:0001667,ameboidal-type cell migration,33/1059,256/18860,0.12890625,2.29572415014164,5.09113344769134,7.29832985197211e-06,0.000168879958202611,0.000124955982826666,RAB25/HAND2/BMP7/TACSTD2/SEMA3C/SOX9/RET/HAS2/TPBG/OVOL2/TIMP1/MMP2/HAS1/SEMA6A/TBX1/TGFB2/THBS1/ITGA3/AMOTL1/GDF6/TWIST1/AQP1/FGF7/ITGB4/SNAI1/SEMA5A/KIT/FBN2/PTPRR/SEMA6D/SOX8/EDN1/TGFB1,33
GO_BP,,,GO:0042303,molting cycle,21/1059,127/18860,0.165354330708661,2.94483727777654,5.36372587794219,7.76811195730662e-06,0.000178093811002767,0.000131773405358725,FGFR2/PKP3/KRT17/APCDD1/FA2H/SOX9/VANGL2/NGFR/TFAP2C/GLI2/EDA/GAL/CDH3/TGFB2/IGFBP5/LHX2/FGF7/SNAI1/FOXE1/MSX2/PDGFA,21
GO_BP,,,GO:0042633,hair cycle,21/1059,127/18860,0.165354330708661,2.94483727777654,5.36372587794219,7.76811195730662e-06,0.000178093811002767,0.000131773405358725,FGFR2/PKP3/KRT17/APCDD1/FA2H/SOX9/VANGL2/NGFR/TFAP2C/GLI2/EDA/GAL/CDH3/TGFB2/IGFBP5/LHX2/FGF7/SNAI1/FOXE1/MSX2/PDGFA,21
GO_BP,,,GO:0072028,nephron morphogenesis,16/1059,80/18860,0.2,3.561850802644,5.60062047007722,7.84605833261325e-06,0.000179055689012619,0.00013248510859077,WNT4/GREM1/BMP7/TACSTD2/SOX9/KIF26B/OSR1/NPNT/PBX1/KLHL3/FGF1/TCF21/SOX8/TMEM59L/TGFB1/GLI3,16
GO_BP,,,GO:0003179,heart valve morphogenesis,14/1059,63/18860,0.222222222222222,3.95761200293778,5.73524948132966,8.00923961858462e-06,0.000181945055262367,0.000134622979794234,GATA5/ELN/SOX9/STRA6/CDH11/OLFM1/EMILIN1/TGFB2/SLIT3/TWIST1/HEYL/SNAI1/GJA5/TGFB1,14
GO_BP,,,GO:0048286,lung alveolus development,13/1059,55/18860,0.236363636363636,4.20946003948837,5.81382237245993,8.1863522661184e-06,0.000185123193290632,0.000136974516146488,FGFR2/ITGB6/STRA6/PGR/IGFBP5/MYOCD/TCF21/FBN1/PKDCC/FOXF1/ABCA12/PDGFA/TGFB1,13
GO_BP,,,GO:0060323,head morphogenesis,11/1059,40/18860,0.275,4.89754485363551,6.0186129903374,8.5111342945507e-06,0.000190733752772026,0.000141125825642692,PDGFRA/STRA6/COL1A1/MMP2/PRICKLE1/CRISPLD2/TBX1/TGFB2/CRISPLD1/CLDN5/TGFB1,11
GO_BP,,,GO:0072210,metanephric nephron development,11/1059,40/18860,0.275,4.89754485363551,6.0186129903374,8.5111342945507e-06,0.000190733752772026,0.000141125825642692,WNT4/PDGFRA/GREM1/SOX9/RET/KIF26B/OSR1/EGR1/AQP1/TCF21/SOX8,11
GO_BP,,,GO:0050918,positive chemotaxis,15/1059,72/18860,0.208333333333333,3.71026125275417,5.61981784370507,8.89616620552178e-06,0.000198468281939331,0.000146848681712106,WNT7B/PLXNB3/COLEC10/F2RL1/HGF/CXCL12/SCG2/F3/LGALS3/CCL2/ANGPT1/FGF7/NTF3/SEMA5A/NTRK3,15
GO_BP,,,GO:0007219,Notch signaling pathway,27/1059,191/18860,0.141361256544503,2.51753852542901,5.14139524093581,9.00530125925444e-06,0.000199117216732404,0.000147328835104621,KRT19/POSTN/GATA5/DNER/TTYH1/CNTN1/BMP7/SOX9/GDF2/OVOL2/SUSD5/CDH6/PLN/TGFB2/FOXC1/HEYL/BEND6/RCAN2/DLL1/SNAI1/PTP4A3/S1PR3/KCNA5/KIT/GRIP2/TGFB1/ZNF423,27
GO_BP,,,GO:0045766,positive regulation of angiogenesis,27/1059,191/18860,0.141361256544503,2.51753852542901,5.14139524093581,9.00530125925444e-06,0.000199117216732404,0.000147328835104621,ITGB8/GREM1/PTGIS/SFRP2/ANXA3/GDF2/ADAM12/HSPB6/CCBE1/EMILIN1/CCL11/SMOC2/CYP1B1/BMPER/F3/TEK/APLNR/THBS1/PRKD1/FGF1/TNN/TWIST1/AQP1/DLL1/KLF4/SEMA5A/ECM1,27
GO_BP,,,GO:0048608,reproductive structure development,38/1059,318/18860,0.119496855345912,2.12814985063635,4.94865493665283,9.30075312055843e-06,0.000204740029976895,0.000151489211283618,FGFR2/WNT4/PDGFRA/TESC/EREG/SFRP2/BMP7/INHA/SULF1/SOX9/STRA6/SERPINE2/SFRP1/PGR/TFAP2C/OSR1/TNC/MMP2/TNFAIP6/BMPR1B/CDKN1C/ID4/BMP5/TGFB2/PTX3/FOXF2/MYOCD/SLIT3/MAMLD1/FOXC1/PCYT1B/TCF21/GLI1/CRIP1/KIT/ZFPM2/SOX8/DHH,38
GO_BP,,,GO:0061383,trabecula morphogenesis,12/1059,48/18860,0.25,4.45231350330501,5.84115150380246,9.79706658135213e-06,0.000214469106270844,0.000158687852870488,GREM1/BMP7/COL1A1/SFRP1/OVOL2/MMP2/BMP5/TGFB2/TEK/FHL2/MSX2/FBN2,12
GO_BP,,,GO:0003018,vascular process in circulatory system,35/1059,283/18860,0.123674911660777,2.20255791682933,4.97160411935138,9.82893592557839e-06,0.000214469106270844,0.000158687852870488,CRP/COMP/C2CD4A/SLC5A1/SLC4A3/SVEP1/F2RL1/ADORA1/TRPV4/ADRA2A/SLC24A3/ABCC4/SLC6A20/MMP2/SLC7A1/BDKRB2/TEK/ITGA9/OXTR/FOXC1/ATP1B2/ANGPT1/C2CD4B/SLC12A2/PTP4A3/HRH2/KCNA5/TACR2/SLC6A17/CLDN5/KCNMB4/GRIP2/EDN1/GJA5/TGFB1,35
GO_BP,,,GO:0001738,morphogenesis of a polarized epithelium,13/1059,56/18860,0.232142857142857,4.13429111021179,5.72919142660947,1.01181139196093e-05,0.000218245992761801,0.000161482409243696,PKHD1/SFRP2/LAMA1/CTHRC1/BRSK2/VANGL2/PTK7/SFRP1/DLG3/FOXF2/AJAP1/FOXF1/BRSK1,13
GO_BP,,,GO:0007413,axonal fasciculation,8/1059,21/18860,0.380952380952381,6.78447771932191,6.46889328971125,1.01546109884826e-05,0.000218245992761801,0.000161482409243696,NCAM2/EPHB3/EPHA3/CRTAC1/NDN/CNTN4/SEMA5A/TNFRSF21,8
GO_BP,,,GO:0106030,neuron projection fasciculation,8/1059,21/18860,0.380952380952381,6.78447771932191,6.46889328971125,1.01546109884826e-05,0.000218245992761801,0.000161482409243696,NCAM2/EPHB3/EPHA3/CRTAC1/NDN/CNTN4/SEMA5A/TNFRSF21,8
GO_BP,,,GO:0030595,leukocyte chemotaxis,31/1059,237/18860,0.130801687763713,2.32948048274186,5.02361591580627,1.01775015720076e-05,0.000218245992761801,0.000161482409243696,CXCL6/CCL21/CXCL5/DPEP1/GREM1/F2RL1/TRPV4/PF4V1/MMP2/TNFAIP6/CH25H/CXCL12/PTN/IL6/CXCL3/CCL11/CCL26/STK39/MMP28/SCG2/TGFB2/THBS1/ITGA9/LGALS3/CCL2/IL34/SLC12A2/NBL1/KIT/BST1/EDN1,31
GO_BP,,,GO:0090090,negative regulation of canonical Wnt signaling pathway,23/1059,150/18860,0.153333333333333,2.73075228202707,5.1907338200349,1.06770646265962e-05,0.000227975950718095,0.000168681703181419,SFRP5/BICC1/GREM1/SFRP2/SHISA3/SFRP4/NKD2/SOX9/CTHRC1/SFRP1/TPBG/DKK2/PRICKLE1/NPHP4/DACT1/DKK3/PTPRU/DACT3/EGR1/GLI1/FRZB/IGFBP6/GLI3,23
GO_BP,,,GO:0048588,developmental cell growth,31/1059,238/18860,0.130252100840336,2.3196927496211,4.99727510308222,1.1086671617123e-05,0.000235710219210201,0.000174404366374625,POSTN/SYT3/PTPRS/RASAL1/SOX9/PLXNA4/COL14A1/UNC13A/RGS4/OLFM1/BCL11A/DDR1/CXCL12/CRABP2/PRICKLE1/NDN/SYT2/DCLK1/LHX2/TNN/SLIT3/ULK2/ISLR2/SEMA5A/PI16/PLXNA3/NTRK3/TMEM108/SEMA6D/EDN1/BDNF,31
GO_BP,,,GO:0044706,multi-multicellular organism process,30/1059,227/18860,0.13215859030837,2.35364590483084,5.00451183418698,1.14686211957681e-05,0.000242793150846579,0.000179645098864954,CLDN4/WNT4/COL16A1/PTGIS/PTHLH/ADRA2A/FOSB/SERPINE2/FBLN1/PGR/TIMP1/DDR1/MMP2/LDOC1/PTN/FOS/PAPPA/PTGS2/ITGA3/IGFBP5/PCSK5/OXTR/CLIC5/ITGB4/TEAD4/STC2/FBN2/EDN1/TPPP3/TGFB1,30
GO_BP,,,GO:0090102,cochlea development,13/1059,57/18860,0.228070175438597,4.06175968722562,5.64650953209581,1.24399561204837e-05,0.000262240600421213,0.000194034462771327,GABRB3/SOX9/CTHRC1/VANGL2/PTK7/KCNK2/KCNK3/TBX1/MYO3A/FZD2/FRZB/NTRK3/KCNQ1,13
GO_BP,,,GO:0009953,dorsal/ventral pattern formation,17/1059,92/18860,0.184782608695652,3.29084041548631,5.37235698200013,1.25232052123109e-05,0.000262881628401884,0.000194508765833671,GREM1/HHIP/DSCAML1/LMX1B/SFRP1/OVOL2/MDFI/GLI2/BMPR1B/VAX2/LHX2/GLI1/DYNC2H1/NBL1/EN1/EDN1/GLI3,17
GO_BP,,,GO:1901379,regulation of potassium ion transmembrane transport,15/1059,74/18860,0.202702702702703,3.60998392159865,5.48683174962196,1.26391344131583e-05,0.00026420039372043,0.000195484533581665,KCNH2/KCNIP3/DPP10/KCNG1/ANK3/KCNN2/RGS4/GAL/KCNS3/CACNA1D/STK39/KCNS1/ATP1B2/LRRC55/KCNQ1,15
GO_BP,,,GO:0061458,reproductive system development,38/1059,323/18860,0.117647058823529,2.09520635449647,4.84242163627049,1.33190328083384e-05,0.000277247649462274,0.000205138329578328,FGFR2/WNT4/PDGFRA/TESC/EREG/SFRP2/BMP7/INHA/SULF1/SOX9/STRA6/SERPINE2/SFRP1/PGR/TFAP2C/OSR1/TNC/MMP2/TNFAIP6/BMPR1B/CDKN1C/ID4/BMP5/TGFB2/PTX3/FOXF2/MYOCD/SLIT3/MAMLD1/FOXC1/PCYT1B/TCF21/GLI1/CRIP1/KIT/ZFPM2/SOX8/DHH,38
GO_BP,,,GO:1990138,neuron projection extension,25/1059,174/18860,0.14367816091954,2.55880086396839,5.03839485639512,1.4383261482024e-05,0.000298153024471123,0.000220606427204553,POSTN/SYT3/PTPRS/RASAL1/PLXNA4/UNC13A/OLFM1/BCL11A/DDR1/CXCL12/PRICKLE1/NDN/SYT2/DCLK1/LHX2/TNN/SLIT3/ULK2/ISLR2/SEMA5A/PLXNA3/NTRK3/TMEM108/SEMA6D/EDN1,25
GO_BP,,,GO:0110110,positive regulation of animal organ morphogenesis,10/1059,35/18860,0.285714285714286,5.08835828949143,5.90473740954885,1.51065213496708e-05,0.000311548628757847,0.000230517969799776,WNT4/GATA5/SOX9/WNT2/NGFR/FGF1/FGFR1/SOX8/EDN1/TGFB1,10
GO_BP,,,GO:0060445,branching involved in salivary gland morphogenesis,8/1059,22/18860,0.363636363636364,6.47609236844364,6.26830066100608,1.51730403257724e-05,0.000311548628757847,0.000230517969799776,FGFR2/BMP7/LAMA1/SEMA3C/HGF/FGF7/FGFR1/PDGFA,8
GO_BP,,,GO:0038084,vascular endothelial growth factor signaling pathway,13/1059,58/18860,0.224137931034483,3.99172934779069,5.56569475953979,1.52173501081722e-05,0.000311548628757847,0.000230517969799776,DCN/PDGFRA/GREM1/CCBE1/EMILIN1/ADAMTS3/SEMA6A/SMOC2/FOXC1/ANGPT1/DLL1/PTP4A3/TNXB,13
GO_BP,,,GO:0021915,neural tube development,24/1059,165/18860,0.145454545454545,2.59043694737746,5.00473174142109,1.72139263833326e-05,0.000350980671135572,0.000259694135299888,SPINT1/SFRP2/BMP7/SPINT2/GRHL2/SEMA3C/CTHRC1/VANGL2/PTK7/SFRP1/OVOL2/GLI2/ST14/ALDH1A2/PRICKLE1/BMP5/TGFB2/DACT1/LHX2/TWIST1/DZIP1L/EN1/TGFB1/GLI3,24
GO_BP,,,GO:0009913,epidermal cell differentiation,32/1059,255/18860,0.125490196078431,2.23488677812957,4.8424763006568,1.73553305148098e-05,0.000352419466576241,0.000260758714544748,KRT7/ESRP1/ETV4/KRT80/KRT17/KRT5/FA2H/EREG/OVOL1/CYP26B1/GRHL2/SFRP4/KRT86/KRT6B/OVOL2/TFAP2C/GLI2/ST14/CNFN/KRT81/TMEM132E/CDH3/PKP1/CDSN/FOXC1/DLL1/GLI1/KLF4/FGFR1/ABCA12/MSX2/KCNQ1,32
GO_BP,,,GO:0050878,regulation of body fluid levels,43/1059,389/18860,0.110539845758355,1.9686321916927,4.70840275439958,1.7602728824448e-05,0.000355399550451914,0.000262963708633767,CFTR/COMP/PDGFRA/ANXA8/PDPN/SVEP1/ITPR3/F2RL1/ADORA1/FAP/TRPV4/ADRA2A/ANGPTL1/SERPINE2/HAS2/FBLN1/F2RL2/COL3A1/DDR1/SELP/C1QTNF1/EMILIN1/IL6/TFPI2/PRICKLE1/F2RL3/STK39/ATP6V1B1/F3/APLNR/THBS1/SLC6A3/CORO2B/PLA2G4A/OXTR/AQP1/ANGPT1/MMRN1/PLAT/NEGR1/PDGFA/EDN1/GJA5,43
GO_BP,,,GO:0061035,regulation of cartilage development,15/1059,76/18860,0.197368421052632,3.51498434471448,5.35837559981133,1.77163997009195e-05,0.000355399550451914,0.000262963708633767,EFEMP1/GREM1/PTHLH/SOX9/GDF2/BMPR1B/SCIN/TGFB2/MBOAT2/GDF6/PKDCC/CTSK/FRZB/TGFB1/GLI3,15
GO_BP,,,GO:0072078,nephron tubule morphogenesis,15/1059,76/18860,0.197368421052632,3.51498434471448,5.35837559981133,1.77163997009195e-05,0.000355399550451914,0.000262963708633767,WNT4/GREM1/TACSTD2/SOX9/KIF26B/OSR1/NPNT/PBX1/KLHL3/FGF1/TCF21/SOX8/TMEM59L/TGFB1/GLI3,15
GO_BP,,,GO:0045765,regulation of angiogenesis,41/1059,365/18860,0.112328767123288,2.00049154669047,4.70779776278343,1.88058496481566e-05,0.000375739365460156,0.000278013342716565,DCN/ITGB8/GREM1/THBS2/PTGIS/SFRP2/SULF1/CREB3L1/ANXA3/GDF2/COL4A3/ADAM12/SFRP1/HSPB6/CCBE1/EMILIN1/IL6/SEMA6A/FBLN5/CCL11/SMOC2/CYP1B1/BMPER/F3/TGFB2/TEK/APLNR/THBS1/PRKD1/FGF1/TNN/FOXC1/TWIST1/AQP1/DLL1/SLC12A2/KLF4/SEMA5A/ID1/ECM1/CLDN5,41
GO_BP,,,GO:0010171,body morphogenesis,12/1059,51/18860,0.235294117647059,4.19041270899295,5.56460333484774,1.90996561970665e-05,0.000380083158321624,0.00028122735882586,PDGFRA/MAB21L2/STRA6/COL1A1/MMP2/PRICKLE1/CRISPLD2/TBX1/TGFB2/CRISPLD1/CLDN5/TGFB1,12
GO_BP,,,GO:0014033,neural crest cell differentiation,17/1059,95/18860,0.178947368421053,3.18691913920779,5.212011363203,1.94379047863267e-05,0.000385273212398309,0.000285067532135813,HAND2/BMP7/SEMA3C/SOX9/RET/SFRP1/OVOL2/ALDH1A2/SEMA6A/TBX1/FOXC1/TWIST1/SEMA5A/FRZB/SEMA6D/SOX8/EDN1,17
GO_BP,,,GO:0050770,regulation of axonogenesis,22/1059,145/18860,0.151724137931034,2.70209371235062,5.01831204743783,1.95337857059434e-05,0.000385637237647097,0.000285336878085565,PTPRS/NTRK2/PLXNB3/BRSK2/RET/EPHB3/BCL11A/CXCL12/CRABP2/TIAM2/LRRC4C/NEFL/EFNB3/MAP6/ULK2/ISLR2/SEMA5A/PLXNA3/NTRK3/SEMA6D/BRSK1/BDNF,22
GO_BP,,,GO:0042698,ovulation cycle,14/1059,68/18860,0.205882352941176,3.66661112036883,5.37294939959842,2.03067659743332e-05,0.000397740790245306,0.000294292418616839,CA12/PDGFRA/EREG/HAS2/PGR/MMP2/TNFAIP6/PTN/BMPR1B/TGFB2/PTX3/SLIT3/EGR1/NPY5R,14
GO_BP,,,GO:0072171,mesonephric tubule morphogenesis,14/1059,68/18860,0.205882352941176,3.66661112036883,5.37294939959842,2.03067659743332e-05,0.000397740790245306,0.000294292418616839,WNT4/GREM1/TACSTD2/SOX9/KIF26B/OSR1/NPNT/PBX1/FGF1/TCF21/SOX8/TMEM59L/TGFB1/GLI3,14
GO_BP,,,GO:0070167,regulation of biomineral tissue development,18/1059,105/18860,0.171428571428571,3.05301497369486,5.14533128657033,2.0558080279973e-05,0.00040108411526614,0.000296766178489435,CFTR/COMP/WNT4/GREM1/BMP7/SOX9/TMEM119/LTF/OSR1/PTN/BMPR1B/ASPN/MGP/TWIST1/PKDCC/FBN2/ECM1/TGFB1,18
GO_BP,,,GO:0060411,cardiac septum morphogenesis,15/1059,77/18860,0.194805194805195,3.46933519738052,5.29575689512436,2.08744957644647e-05,0.000404088001666194,0.000298988784306094,FGFR2/BMP7/SEMA3C/VANGL2/TBX1/BMP5/TGFB2/APLNR/SOX11/SLIT3/HEYL/FZD2/MSX2/ZFPM2/GJA5,15
GO_BP,,,GO:0060415,muscle tissue morphogenesis,15/1059,77/18860,0.194805194805195,3.46933519738052,5.29575689512436,2.08744957644647e-05,0.000404088001666194,0.000298988784306094,FGFR2/COL11A1/ANKRD1/RYR2/VANGL2/WNT2/COL3A1/TBX1/TGFB2/FOXC1/MYL3/FZD2/ACTC1/ZFPM2/TGFB1,15
GO_BP,,,GO:0086015,SA node cell action potential,6/1059,12/18860,0.5,8.90462700661001,6.68073858828612,2.13052333721774e-05,0.000409241451840088,0.000302801874019526,RYR2/CACNA1D/HCN4/KCNA5/SCN3B/GJA5,6
GO_BP,,,GO:0086018,SA node cell to atrial cardiac muscle cell signaling,6/1059,12/18860,0.5,8.90462700661001,6.68073858828612,2.13052333721774e-05,0.000409241451840088,0.000302801874019526,RYR2/CACNA1D/HCN4/KCNA5/SCN3B/GJA5,6
GO_BP,,,GO:0050769,positive regulation of neurogenesis,30/1059,235/18860,0.127659574468085,2.2735217889217,4.79156385787133,2.26152546824747e-05,0.000432734200174275,0.000320184395241352,SPINT1/NTRK2/PLXNB3/SERPINE2/WNT2/OBSL1/BCL11A/CXCL12/PTN/IL6/CRABP2/TIAM2/ID4/EGR2/NEFL/SOX11/IL34/SMARCD3/HAP1/MAP6/PTPRZ1/ISLR2/SEMA5A/DBN1/KIT/NTRK3/SOX8/BDNF/TGFB1/GLI3,30
GO_BP,,,GO:0055074,calcium ion homeostasis,38/1059,331/18860,0.114803625377644,2.04456692598901,4.6763756142421,2.31645475561327e-05,0.000441546452458852,0.000326704669505127,CCL21/PKHD1/TRPV6/ITPR3/JPH1/ADORA1/RYR2/TRPV4/SGCD/SLC24A3/ATP2C2/CXCL12/PTH1R/CCL11/F2RL3/PLN/ATP6V1B1/APLNR/BDKRB1/PRKD1/SNCA/HAP1/SV2A/PLCB4/FGFR1/NTSR1/JPH2/CACNA1C/STC2/CNGB1/CALB2/TRPA1/TRPC4/PLCE1/EDN1/JPH3/ATP13A4/TGFB1,38
GO_BP,,,GO:0072088,nephron epithelium morphogenesis,15/1059,78/18860,0.192307692307692,3.42485654100385,5.2341666200459,2.45198495819446e-05,0.000465596380420514,0.000344499453547852,WNT4/GREM1/TACSTD2/SOX9/KIF26B/OSR1/NPNT/PBX1/KLHL3/FGF1/TCF21/SOX8/TMEM59L/TGFB1/GLI3,15
GO_BP,,,GO:0042063,gliogenesis,40/1059,357/18860,0.112044817927171,1.99543462332997,4.63138501575989,2.51010760965702e-05,0.000474820736047288,0.00035132464722716,SPINT1/LAMA2/DNER/APCDD1/FA2H/NTRK2/VCAN/CNTN1/SOX9/SERPINE2/LPAR1/LAMC3/COL3A1/PTN/IL6/ID4/TGFB2/GPC1/EGR2/NDN/MXRA8/SOX11/PFKFB3/CCL2/IL33/IL34/ATP1B2/DLL1/GAP43/PTPRZ1/ITGB4/TSPAN2/GSTP1/NTRK3/NEGR1/TNFRSF21/TRPC4/SOX8/TGFB1/GLI3,40
GO_BP,,,GO:0014020,primary neural tube formation,17/1059,97/18860,0.175257731958763,3.12120946623444,5.1086175925182,2.57632126079385e-05,0.000483667859337714,0.000357870722899547,SPINT1/SFRP2/BMP7/SPINT2/GRHL2/CTHRC1/VANGL2/PTK7/SFRP1/OVOL2/ST14/PRICKLE1/BMP5/TGFB2/LHX2/TWIST1/TGFB1,17
GO_BP,,,GO:0021675,nerve development,17/1059,97/18860,0.175257731958763,3.12120946623444,5.1086175925182,2.57632126079385e-05,0.000483667859337714,0.000357870722899547,GABRB3/SULF1/PLXNA4/SERPINE2/LPAR1/NGFR/NPTX1/TBX1/EGR2/SULF2/NTF3/PLXNA3/CNGB1/EPHB1/EDN1/BDNF/GLI3,17
GO_BP,,,GO:0060512,prostate gland morphogenesis,9/1059,30/18860,0.3,5.34277620396601,5.80614699909624,2.62534272934756e-05,0.000491018048064064,0.000363309201603815,FGFR2/BMP7/SULF1/SOX9/SFRP1/TNC/MMP2/ID4/CRIP1,9
GO_BP,,,GO:0016049,cell growth,51/1059,499/18860,0.102204408817635,1.82018427790425,4.52896180184425,2.6389086307396e-05,0.000491706757974888,0.000363818785006757,POSTN/SYT3/KRT17/SPOCK1/PTPRS/RASAL1/SFRP2/SOX9/PLXNA4/COL14A1/GDF2/SERPINE2/UNC13A/CRYAB/SFRP1/RGS4/OLFM1/BCL11A/DDR1/TNC/NRG3/CXCL12/CRABP2/PRICKLE1/TGFB2/BDKRB1/NDN/SYT2/WFDC1/IGFBP5/DCLK1/LHX2/MYOCD/TNN/SLIT3/DACT3/LTBP4/ULK2/ISLR2/SEMA5A/PI16/FRZB/KIF26A/PLXNA3/NTRK3/TMEM108/RERG/SEMA6D/EDN1/BDNF/TGFB1,51
GO_BP,,,GO:0097529,myeloid leukocyte migration,30/1059,237/18860,0.126582278481013,2.25433595104051,4.7396724729795,2.66318006489602e-05,0.000494377642643944,0.000365794999487093,CXCL6/CCL21/GP2/CXCL5/DPEP1/GREM1/TRPV4/PF4V1/MMP2/TNFAIP6/EMILIN1/CXCL12/IL6/CXCL3/CCL11/CCL26/MMP28/SCG2/TGFB2/THBS1/ITGA9/LGALS3/CCL2/FUT4/IL34/NBL1/KIT/BST1/EDN1/PDGFD,30
GO_BP,,,GO:0051146,striated muscle cell differentiation,37/1059,321/18860,0.115264797507788,2.05278005759857,4.64015110957111,2.70601171512802e-05,0.00049884410393513,0.000369099779203628,KRT19/FLNC/PDGFRA/CACNA1H/NEBL/GREM1/DNER/ANKRD1/FHOD3/CYP26B1/OBSCN/COL14A1/SGCD/KLF5/TMEM119/ADAM12/OBSL1/MYH11/RGS4/BHLHE41/MYOM2/PRICKLE1/TBX1/FZD7/PRKD1/FHL2/IGFBP5/MYOCD/DLL1/ACTC1/SGCB/PI16/BARX2/EDN1/MYOM3/BDNF/TGFB1,37
GO_BP,,,GO:0090497,mesenchymal cell migration,13/1059,61/18860,0.213114754098361,3.79541478970263,5.33370402439862,2.70729463442181e-05,0.00049884410393513,0.000369099779203628,HAND2/BMP7/SEMA3C/RET/TPBG/OVOL2/SEMA6A/TBX1/TWIST1/SEMA5A/SEMA6D/SOX8/EDN1,13
GO_BP,,,GO:0017015,regulation of transforming growth factor beta receptor signaling pathway,25/1059,181/18860,0.138121546961326,2.45984171453315,4.81341554198775,2.85009652582598e-05,0.00052321882715809,0.000387134882533053,VEPH1/ADAMTSL2/PRDM16/HTRA3/OVOL2/NPNT/RASL11B/EMILIN1/CILP/ASPN/PMEPA1/CDKN1C/CDH3/THBS1/ITGA3/SOX11/LOX/DKK3/MYOCD/LTBP4/IL17RD/LTBP1/FBN1/FBN2/HTRA1,25
GO_BP,,,GO:0035270,endocrine system development,21/1059,138/18860,0.152173913043478,2.71010387157696,4.91780181803051,2.86243989781093e-05,0.000523552885720933,0.000387382055829908,PDX1/WNT4/PDGFRA/SOX9/MNX1/STRA6/GLI2/ALDH1A2/PBX1/IL6/CDKN1C/TBX1/BMP5/SLC6A3/DKK3/GIPR/RAP1GAP/DLL1/GLI1/FOXE1/EDN1,21
GO_BP,,,GO:0003176,aortic valve development,11/1059,45/18860,0.244444444444444,4.35337320323156,5.49314604100115,2.8858747501626e-05,0.000525905746595565,0.000389122961300119,GATA5/ELN/SOX9/CDH11/PCDHA10/EMILIN1/SLIT3/TWIST1/HEYL/SNAI1/TGFB1,11
GO_BP,,,GO:0010717,regulation of epithelial to mesenchymal transition,20/1059,128/18860,0.15625,2.78269593956563,4.93600164520992,2.98203362256687e-05,0.000539476991718915,0.000399164462320242,GREM1/PDPN/SFRP2/BMP7/COL1A1/EPHA3/SFRP1/OVOL2/OLFM1/IL6/BMP5/TGFB2/DACT3/FOXC1/TWIST1/MARK1/IL17RD/SNAI1/TNXB/TGFB1,20
GO_BP,,,GO:0030278,regulation of ossification,20/1059,128/18860,0.15625,2.78269593956563,4.93600164520992,2.98203362256687e-05,0.000539476991718915,0.000399164462320242,COMP/WNT4/GREM1/BMP7/SOX9/TMEM119/LTF/SFRP1/OSR1/PBX1/PTN/BMPR1B/MGP/EGR2/SOX11/TWIST1/PKDCC/FBN2/ECM1/TGFB1,20
GO_BP,,,GO:0048557,embryonic digestive tract morphogenesis,7/1059,18/18860,0.388888888888889,6.92582100514112,6.13488451884929,3.17630009060684e-05,0.000572539599665544,0.000423627819101911,FGFR2/PDGFRA/OVOL2/SOX11/TCF21/FOXF1/GLI3,7
GO_BP,,,GO:0061041,regulation of wound healing,21/1059,139/18860,0.151079136690647,2.69060672142173,4.87944671783872,3.19668600342532e-05,0.000574134038521334,0.000424807560477991,DUOX2/CLDN4/WNT4/PDGFRA/F2RL1/FAP/ADRA2A/SERPINE2/C1QTNF1/EMILIN1/SMOC2/F3/THBS1/WFDC1/ANGPT1/SLC12A2/MMRN1/PLAT/AJAP1/PDGFA/EDN1,21
GO_BP,,,GO:0009612,response to mechanical stimulus,29/1059,228/18860,0.12719298245614,2.26521213326044,4.68798425132797,3.29577008543789e-05,0.000589800581836457,0.000436399393743896,POSTN/COL11A1/ANKRD1/KRT5/SOX9/RYR2/TRPV4/STRA6/FOSB/SERPINE2/COL1A1/KCNK2/TNC/MMP2/CXCL12/PTN/FOS/TEK/BDKRB1/THBS1/AQP1/GAP43/KCNA5/KIT/TRPA1/KCNQ1/EDN1/TGFB1/TMC7,29
GO_BP,,,GO:0048730,epidermis morphogenesis,10/1059,38/18860,0.263157894736842,4.68664579295264,5.54849804401991,3.33513489551494e-05,0.000594705953590926,0.000440028927734984,FGFR2/KRT17/NGFR/GLI2/TGFB2/IGFBP5/FGF7/SNAI1/KLF4/FOXE1,10
GO_BP,,,GO:0007519,skeletal muscle tissue development,25/1059,183/18860,0.136612021857924,2.43295819852733,4.7510611181876,3.43741054975325e-05,0.000608580693417168,0.000450294987544001,DNER/ANKRD1/MSC/CYP26B1/ELN/KLF5/MYOM2/FOS/TBX1/GPC1/EGR2/SOX11/SRPK3/MYOCD/TWIST1/EGR1/HEYL/TCF21/DLL1/MYL3/BARX2/EPHB1/NR4A1/SOX8/TGFB1,25
GO_BP,,,GO:0060041,retina development in camera-type eye,25/1059,183/18860,0.136612021857924,2.43295819852733,4.7510611181876,3.43741054975325e-05,0.000608580693417168,0.000450294987544001,PROM1/PDGFRA/NTRK2/SAMD11/SDK1/SDK2/TUB/LAMA1/SOX9/ACHE/DIO3/LAMC3/GPM6A/BMPR1B/NPHP4/CYP1B1/FOS/TGFB2/VAX2/LHX2/SMARCD3/DLL1/FAT3/SOX8/TGFB1,25
GO_BP,,,GO:0035051,cardiocyte differentiation,24/1059,172/18860,0.13953488372093,2.48501218789117,4.77197257410805,3.45662486243943e-05,0.000609812364916176,0.000451206313697301,PDGFRA/NEBL/GREM1/HAND2/BMP7/FHOD3/SEMA3C/COL14A1/SGCD/OBSL1/MYH11/RGS4/PRICKLE1/TGFB2/FZD7/FHL2/MYOCD/TWIST1/DLL1/ACTC1/SGCB/PI16/EDN1/TGFB1,24
GO_BP,,,GO:0033688,regulation of osteoblast proliferation,9/1059,31/18860,0.290322580645161,5.17042858448323,5.66804145628356,3.51596447052736e-05,0.000618089160454898,0.000457330398119181,FGFR2/GREM1/CTHRC1/TMEM119/LTF/SFRP1/FBLN5/MN1/SOX8,9
GO_BP,,,GO:0055001,muscle cell development,27/1059,206/18860,0.131067961165049,2.33422261338321,4.6963562248991,3.5849779572513e-05,0.000628002300610043,0.000464665230411705,KRT19/COMP/FLNC/UCHL1/PDGFRA/NEBL/DNER/ANKRD1/FHOD3/OBSCN/COL14A1/SGCD/OBSL1/MYH11/RGS4/MYOM2/PRICKLE1/PRKD1/LOX/FHL2/ACTC1/SGCB/PI16/CACNA2D2/EDN1/MYOM3/NFATC4,27
GO_BP,,,GO:0050919,negative chemotaxis,11/1059,46/18860,0.239130434782609,4.25873465533522,5.39724901067841,3.60202548604779e-05,0.000628774624318869,0.000465236680506339,LGR6/SEMA3C/PLXNA4/FLRT2/NRG3/SEMA6A/SLIT3/SEMA5A/PLXNA3/PDGFA/SEMA6D,11
GO_BP,,,GO:0035418,protein localization to synapse,16/1059,90/18860,0.177777777777778,3.16608960235023,5.02401174818403,3.68462754801323e-05,0.000640944826970833,0.000474241536084,GPC4/GRIN2A/OLFM1/NPTX1/RAB27B/DLG3/KIF5C/LRRC7/GRIP1/MAP1A/NLGN1/TMEM108/ZDHHC15/CNIH3/CACNA2D2/GRIP2,16
GO_BP,,,GO:0061430,bone trabecula morphogenesis,6/1059,13/18860,0.461538461538462,8.21965569840924,6.35114689897301,3.76843984034706e-05,0.000649014858754042,0.00048021263391968,GREM1/COL1A1/SFRP1/MMP2/MSX2/FBN2,6
GO_BP,,,GO:0086070,SA node cell to atrial cardiac muscle cell communication,6/1059,13/18860,0.461538461538462,8.21965569840924,6.35114689897301,3.76843984034706e-05,0.000649014858754042,0.00048021263391968,RYR2/CACNA1D/HCN4/KCNA5/SCN3B/GJA5,6
GO_BP,,,GO:1903844,regulation of cellular response to transforming growth factor beta stimulus,25/1059,184/18860,0.135869565217391,2.41973559962229,4.7201908797484,3.77015666693303e-05,0.000649014858754042,0.00048021263391968,VEPH1/ADAMTSL2/PRDM16/HTRA3/OVOL2/NPNT/RASL11B/EMILIN1/CILP/ASPN/PMEPA1/CDKN1C/CDH3/THBS1/ITGA3/SOX11/LOX/DKK3/MYOCD/LTBP4/IL17RD/LTBP1/FBN1/FBN2/HTRA1,25
GO_BP,,,GO:0007612,learning,23/1059,162/18860,0.141975308641975,2.52847433521025,4.76544202703,3.7870931430959e-05,0.000649682358169039,0.000480706523463026,NPTX2/GABRB3/B3GAT1/SNAP25/PPP1R1B/NTRK2/GRIN2A/NRXN3/STRA6/TPBG/CLSTN2/PTN/PLN/FOS/NDRG4/MAP1A/NTSR1/KIT/TACR2/CLDN5/EN1/JPH3/BRSK1,23
GO_BP,,,GO:0046456,icosanoid biosynthetic process,13/1059,63/18860,0.206349206349206,3.67492543129937,5.18707818240416,3.88849022994649e-05,0.000662508181300814,0.00049019647924019,PTGDS/PTGES/GGT6/PTGIS/CTHRC1/GGT1/GGT5/PTGS2/PLA2G4F/PLA2G4A/PLA2G5/LTC4S/EDN1,13
GO_BP,,,GO:0048008,platelet-derived growth factor receptor signaling pathway,13/1059,63/18860,0.206349206349206,3.67492543129937,5.18707818240416,3.88849022994649e-05,0.000662508181300814,0.00049019647924019,PDGFRA/APOD/F3/NDRG4/LOX/NR4A3/MYOCD/SNCA/PTGIR/PLAT/PDGFA/STON1/PDGFD,13
GO_BP,,,GO:0061333,renal tubule morphogenesis,15/1059,81/18860,0.185185185185185,3.29801000244815,5.05525774671709,3.90448699666283e-05,0.000662963235781488,0.000490533178635887,WNT4/GREM1/TACSTD2/SOX9/KIF26B/OSR1/NPNT/PBX1/KLHL3/FGF1/TCF21/SOX8/TMEM59L/TGFB1/GLI3,15
GO_BP,,,GO:0001701,in utero embryonic development,45/1059,429/18860,0.104895104895105,1.86810356782028,4.43619724599694,4.16259570771953e-05,0.000704384817887913,0.000521181424629259,KRT19/FGFR2/SLC34A2/SPINT1/PDGFRA/ARNT2/HAND2/WNT7B/BMP7/SPINT2/GRHL2/RSPO3/ANKS6/WNT2/PCDHA10/OVOL2/MDFI/COL3A1/APBA2/TFAP2C/ST14/ADAMTS3/NXN/PTH1R/CDKN1C/BMP5/FKBP10/STMN3/PRICKLE2/FOXC1/TWIST1/ANGPT1/SNAI1/KLF4/FGFR1/DBN1/FOXF1/TEAD4/ZFPM2/PTPRR/TMEM231/SOX8/EDN1/FOSL1/GLI3,45
GO_BP,,,GO:0001892,embryonic placenta development,16/1059,91/18860,0.175824175824176,3.13129740891781,4.9708344117475,4.24103573881306e-05,0.000711374833709457,0.000526353407771906,KRT19/FGFR2/SPINT1/WNT7B/BMP7/SPINT2/GRHL2/RSPO3/WNT2/PCDHA10/OVOL2/MDFI/ST14/CDKN1C/BMP5/SNAI1,16
GO_BP,,,GO:0008543,fibroblast growth factor receptor signaling pathway,16/1059,91/18860,0.175824175824176,3.13129740891781,4.9708344117475,4.24103573881306e-05,0.000711374833709457,0.000526353407771906,FGFR2/WNT4/SULF1/CREB3L1/HHIP/FLRT2/NGFR/GALNT3/SMOC2/SHISA2/GPC1/THBS1/FGF1/SULF2/FGF7/FGFR1,16
GO_BP,,,GO:0003180,aortic valve morphogenesis,10/1059,39/18860,0.256410256410256,4.56647538800513,5.43795109714399,4.26109950644057e-05,0.000711374833709457,0.000526353407771906,GATA5/ELN/SOX9/CDH11/EMILIN1/SLIT3/TWIST1/HEYL/SNAI1/TGFB1,10
GO_BP,,,GO:0016266,protein O-linked glycosylation via N-acetyl-galactosamine,10/1059,39/18860,0.256410256410256,4.56647538800513,5.43795109714399,4.26109950644057e-05,0.000711374833709457,0.000526353407771906,B3GNT3/CHST4/GALNT12/GALNT3/A4GNT/GALNT14/GALNT7/GALNT13/GALNT5/B3GNT8,10
GO_BP,,,GO:0071621,granulocyte chemotaxis,19/1059,121/18860,0.15702479338843,2.79649443182794,4.83537838998475,4.36091015172867e-05,0.000725602943306024,0.000536880929434788,CXCL6/CCL21/CXCL5/DPEP1/TRPV4/PF4V1/TNFAIP6/CXCL3/CCL11/CCL26/SCG2/TGFB2/THBS1/ITGA9/LGALS3/CCL2/IL34/BST1/EDN1,19
GO_BP,,,GO:1903035,negative regulation of response to wounding,17/1059,101/18860,0.168316831683168,2.99759721014594,4.90963129098287,4.41203397622065e-05,0.000727986469806815,0.000538644524710803,WNT4/PDGFRA/PTPRS/FAP/SERPINE2/C1QTNF1/RTN4RL1/THBS1/WFDC1/IL33/ANGPT1/SLC12A2/MMRN1/PLAT/AJAP1/PDGFA/EDN1,17
GO_BP,,,GO:0040037,negative regulation of fibroblast growth factor receptor signaling pathway,8/1059,25/18860,0.32,5.69896128423041,5.73421759603376,4.41294505598197e-05,0.000727986469806815,0.000538644524710803,WNT4/SULF1/CREB3L1/NGFR/SHISA2/GPC1/THBS1/SULF2,8
GO_BP,,,GO:0030879,mammary gland development,21/1059,142/18860,0.147887323943662,2.63376291744803,4.76637925111003,4.41913394737001e-05,0.000727986469806815,0.000538644524710803,FGFR2/WNT4/WNT7B/SOX9/WNT2/TGFA/PGR/TFAP2C/DDR1/GLI2/ATP2C2/NRG3/HOXB9/CCL11/SLC6A3/IGFBP5/OXTR/FOXF1/MSX2/TGFB1/GLI3,21
GO_BP,,,GO:0060071,"Wnt signaling pathway, planar cell polarity pathway",11/1059,47/18860,0.234042553191489,4.16812327968979,5.30404358538863,4.46613401455477e-05,0.000733300881927723,0.000542576711790795,WNT7B/CTHRC1/RSPO3/VANGL2/SFRP1/PRICKLE1/FZD7/DACT1/PRICKLE2/FZD2/ARHGEF19,11
GO_BP,,,GO:0014032,neural crest cell development,15/1059,82/18860,0.182926829268293,3.25779036827195,4.99747908303526,4.53394594086664e-05,0.000741986218941169,0.000549003080166573,HAND2/BMP7/SEMA3C/SOX9/RET/OVOL2/ALDH1A2/SEMA6A/TBX1/FOXC1/TWIST1/SEMA5A/SEMA6D/SOX8/EDN1,15
GO_BP,,,GO:1904888,cranial skeletal system development,14/1059,73/18860,0.191780821917808,3.41547337239836,5.04336124542847,4.68825542863645e-05,0.00076472363139234,0.000565826720757262,FGFR2/PDGFRA/COLEC10/GRHL2/FREM1/TBX1/TGFB2/PRRX1/TWIST1/MMP16/FOXE1/MSX2/TGFB1/GLI3,14
GO_BP,,,GO:0001666,response to hypoxia,36/1059,317/18860,0.113564668769716,2.02250203304707,4.47804983441449,4.73560186103779e-05,0.000769922197995523,0.00056967319257135,FGFR2/CD24/POSTN/ARNT2/ANKRD1/PTGIS/BMP7/ADORA1/RYR2/TRPV4/DIO3/SOD3/CRYAB/SFRP1/KCNK2/KCNK3/MMP2/KCNJ11/PLEKHN1/CXCL12/FOS/TGFB2/PTGS2/THBS1/KCND2/MYOCD/TWIST1/EGR1/AQP1/PLAT/KCNA5/STC2/WTIP/EDN1/TGFB1/CBFA2T3,36
GO_BP,,,GO:0086014,atrial cardiac muscle cell action potential,7/1059,19/18860,0.368421052631579,6.56130411013369,5.91543355151767,4.78576921036957e-05,0.000770524330795747,0.000570118716697747,RYR2/KCNN2/KCNA5/CACNA1C/SCN3B/KCNQ1/GJA5,7
GO_BP,,,GO:0086026,atrial cardiac muscle cell to AV node cell signaling,7/1059,19/18860,0.368421052631579,6.56130411013369,5.91543355151767,4.78576921036957e-05,0.000770524330795747,0.000570118716697747,RYR2/KCNN2/KCNA5/CACNA1C/SCN3B/KCNQ1/GJA5,7
GO_BP,,,GO:0086066,atrial cardiac muscle cell to AV node cell communication,7/1059,19/18860,0.368421052631579,6.56130411013369,5.91543355151767,4.78576921036957e-05,0.000770524330795747,0.000570118716697747,RYR2/KCNN2/KCNA5/CACNA1C/SCN3B/KCNQ1/GJA5,7
GO_BP,,,GO:0035725,sodium ion transmembrane transport,25/1059,187/18860,0.133689839572193,2.38091631192781,4.62877664021479,4.94952937990842e-05,0.000794319634356271,0.000587725101580297,FXYD2/WNK2/SLC34A2/TESC/SLC5A1/SLC9A3/GRIN2A/NALCN/SLC4A11/SLC24A3/OSR1/SLC6A20/KCNK3/SCN7A/STK39/SHROOM2/HCN4/SLC6A3/ATP1B2/SLC12A2/SLC9A2/SLC6A17/CNGB1/SLC28A3/SCN3B,25
GO_BP,,,GO:0048839,inner ear development,27/1059,210/18860,0.128571428571429,2.28976123027115,4.58421161908917,5.03574308633921e-05,0.000805556972814712,0.000596039721540978,FGFR2/ESRP1/GABRB3/FREM2/COL11A1/SOX9/CTHRC1/ALDH1A3/VANGL2/PTK7/KCNK2/KCNK3/BMPER/ATP6V1B1/TBX1/TGFB2/MYO3A/NR4A3/PRRX1/DLL1/FZD2/FGFR1/FRZB/NTRK3/KCNQ1/TGFB1/GLI3,27
GO_BP,,,GO:0030500,regulation of bone mineralization,15/1059,83/18860,0.180722891566265,3.21853988190723,4.940584067829,5.25079829872116e-05,0.000834591742368618,0.000617522840108555,COMP/WNT4/GREM1/BMP7/SOX9/TMEM119/LTF/OSR1/PTN/BMPR1B/MGP/TWIST1/PKDCC/FBN2/ECM1,15
GO_BP,,,GO:0035914,skeletal muscle cell differentiation,15/1059,83/18860,0.180722891566265,3.21853988190723,4.940584067829,5.25079829872116e-05,0.000834591742368618,0.000617522840108555,ANKRD1/CYP26B1/KLF5/FOS/TBX1/GPC1/EGR2/SOX11/MYOCD/EGR1/HEYL/BARX2/EPHB1/NR4A1/SOX8,15
GO_BP,,,GO:1902476,chloride transmembrane transport,18/1059,113/18860,0.15929203539823,2.83687232068991,4.77680389400601,5.66285260688105e-05,0.000897219481504242,0.000663861735375897,CFTR/CLDN4/GABRB3/GLRB/SLC1A7/OCA2/TMC4/SLC4A3/TTYH1/CLIC6/GABRP/SLC26A9/KCNK2/CLIC5/SLC12A8/ANO4/SLC12A2/TTYH2,18
GO_BP,,,GO:0050890,cognition,37/1059,333/18860,0.111111111111111,1.97880600146889,4.39542930883039,5.95975597105652e-05,0.000941263046222418,0.000696450012724633,NPTX2/GABRB3/B3GAT1/SNAP25/VLDLR/PPP1R1B/NTRK2/GRIN2A/NRXN3/ITPR3/TUSC3/ADORA1/STRA6/TPBG/KCNK2/CLSTN2/PTN/CCL11/PLN/FOS/NDRG4/ITGA3/SLC6A3/CHRFAM7A/RCAN2/PTPRZ1/SLITRK4/MAP1A/NTSR1/KIT/TACR2/MGAT3/CLDN5/EN1/JPH3/BRSK1/NFATC4,37
GO_BP,,,GO:0086019,cell-cell signaling involved in cardiac conduction,9/1059,33/18860,0.272727272727273,4.85706927633273,5.40890007267976,6.07642945169835e-05,0.000956653054499978,0.000707837234929685,RYR2/KCNN2/CACNA1D/HCN4/KCNA5/CACNA1C/SCN3B/KCNQ1/GJA5,9
GO_BP,,,GO:0030510,regulation of BMP signaling pathway,19/1059,124/18860,0.153225806451613,2.72883730847726,4.71098411700657,6.15199747103499e-05,0.000965494871242872,0.000714379384234081,GREM1/CHRDL1/SFRP2/SULF1/SFRP4/HTRA3/GDF2/CHRDL2/SFRP1/TNFAIP6/FSTL3/BMPER/ITGA3/SOX11/FBN1/NBL1/MSX2/HTRA1/ZNF423,19
GO_BP,,,GO:0002686,negative regulation of leukocyte migration,12/1059,57/18860,0.210526315789474,3.74931663436211,5.07030079710213,6.23189810970905e-05,0.000974958902383728,0.000721381916241395,CCL21/GREM1/ADORA1/TNFAIP6/EMILIN1/CXCL12/MMP28/APOD/BMP5/CCL2/IL33/NBL1,12
GO_BP,,,GO:0060670,branching involved in labyrinthine layer morphogenesis,6/1059,14/18860,0.428571428571429,7.63253743423715,6.05507106378986,6.28134720847512e-05,0.000979614494111715,0.000724826635473931,FGFR2/SPINT1/SPINT2/GRHL2/RSPO3/ST14,6
GO_BP,,,GO:0003279,cardiac septum development,18/1059,114/18860,0.157894736842105,2.81198747577158,4.73302088776501,6.37769118492674e-05,0.000991531676406579,0.000733644278739764,FGFR2/BMP7/SEMA3C/STRA6/VANGL2/PTK7/TBX1/BMP5/TGFB2/APLNR/SOX11/SLIT3/HEYL/ADAMTS6/FZD2/MSX2/ZFPM2/GJA5,18
GO_BP,,,GO:0030239,myofibril assembly,14/1059,75/18860,0.186666666666667,3.32439408246774,4.91948797499563,6.40264467970329e-05,0.000992310195686102,0.000734220312999587,KRT19/FLNC/PDGFRA/NEBL/ANKRD1/FHOD3/OBSCN/OBSL1/MYH11/MYOM2/PRKD1/ACTC1/EDN1/MYOM3,14
GO_BP,,,GO:0060443,mammary gland morphogenesis,11/1059,49/18860,0.224489795918367,3.99799579888613,5.12516944645532,6.73897117913998e-05,0.00103192037760779,0.000763528285743335,FGFR2/WNT4/PGR/TFAP2C/DDR1/NRG3/CCL11/IGFBP5/MSX2/TGFB1/GLI3,11
GO_BP,,,GO:0060711,labyrinthine layer development,11/1059,49/18860,0.224489795918367,3.99799579888613,5.12516944645532,6.73897117913998e-05,0.00103192037760779,0.000763528285743335,FGFR2/SPINT1/WNT7B/BMP7/SPINT2/GRHL2/RSPO3/WNT2/OVOL2/ST14/BMP5,11
GO_BP,,,GO:0071526,semaphorin-plexin signaling pathway,11/1059,49/18860,0.224489795918367,3.99799579888613,5.12516944645532,6.73897117913998e-05,0.00103192037760779,0.000763528285743335,HAND2/PLXNB3/SEMA3C/PLXNA4/NCAM1/SEMA6A/CRMP1/SEMA5A/PLXNA3/SEMA6D/EDN1,11
GO_BP,,,GO:0007224,smoothened signaling pathway,22/1059,157/18860,0.140127388535032,2.49556425662956,4.58970081678005,6.77035312134787e-05,0.00103192037760779,0.000763528285743335,FGFR2/PDX1/DCDC2/EVC/HHIP/EVC2/SERPINE2/SFRP1/GLI2/RAB34/GAS1/DZIP1/PRRX1/DZIP1L/GLIS2/GLI1/SLITRK4/DYNC2H1/FOXF1/TMEM231/DHH/GLI3,22
GO_BP,,,GO:0003203,endocardial cushion morphogenesis,10/1059,41/18860,0.24390243902439,4.34372049102927,5.22767685442771,6.78267263271853e-05,0.00103192037760779,0.000763528285743335,GATA5/BMP7/SOX9/BMP5/TGFB2/APLNR/TWIST1/HEYL/SNAI1/MSX2,10
GO_BP,,,GO:0040036,regulation of fibroblast growth factor receptor signaling pathway,10/1059,41/18860,0.24390243902439,4.34372049102927,5.22767685442771,6.78267263271853e-05,0.00103192037760779,0.000763528285743335,WNT4/SULF1/CREB3L1/HHIP/NGFR/SMOC2/SHISA2/GPC1/THBS1/SULF2,10
GO_BP,,,GO:0048644,muscle organ morphogenesis,15/1059,85/18860,0.176470588235294,3.14280953174471,4.82934431097625,6.98804654302662e-05,0.00105952800467776,0.000783955447206161,FGFR2/COL11A1/ANKRD1/RYR2/VANGL2/WNT2/COL3A1/TBX1/TGFB2/FOXC1/MYL3/FZD2/ACTC1/ZFPM2/TGFB1,15
GO_BP,,,GO:0051797,regulation of hair follicle development,7/1059,20/18860,0.35,6.23323890462701,5.71123749498144,7.0067279103313e-05,0.00105952800467776,0.000783955447206161,PKP3/KRT17/NGFR/GAL/CDH3/TGFB2/MSX2,7
GO_BP,,,GO:0001841,neural tube formation,17/1059,105/18860,0.161904761904762,2.88340303071181,4.72024445184743,7.3211321615037e-05,0.00110371613646912,0.000816650691189105,SPINT1/SFRP2/BMP7/SPINT2/GRHL2/CTHRC1/VANGL2/PTK7/SFRP1/OVOL2/ST14/PRICKLE1/BMP5/TGFB2/LHX2/TWIST1/TGFB1,17
GO_BP,,,GO:0060675,ureteric bud morphogenesis,13/1059,67/18860,0.194029850746269,3.45552689808747,4.91099113852845,7.6507631413224e-05,0.00114992588000238,0.000850841746071058,WNT4/GREM1/TACSTD2/SOX9/KIF26B/NPNT/PBX1/FGF1/TCF21/SOX8/TMEM59L/TGFB1/GLI3,13
GO_BP,,,GO:0001558,regulation of cell growth,43/1059,414/18860,0.103864734299517,1.8497534361557,4.26409731957997,7.68353844064277e-05,0.00115137360669271,0.000851912933637532,SYT3/KRT17/SPOCK1/PTPRS/RASAL1/SFRP2/PLXNA4/COL14A1/GDF2/SERPINE2/UNC13A/CRYAB/SFRP1/RGS4/OLFM1/BCL11A/DDR1/TNC/NRG3/CXCL12/CRABP2/TGFB2/BDKRB1/SYT2/WFDC1/IGFBP5/MYOCD/SLIT3/DACT3/LTBP4/ULK2/ISLR2/SEMA5A/PI16/FRZB/KIF26A/PLXNA3/NTRK3/RERG/SEMA6D/EDN1/BDNF/TGFB1,43
GO_BP,,,GO:0010001,glial cell differentiation,31/1059,263/18860,0.11787072243346,2.09918963653924,4.37838718501616,7.79572471905649e-05,0.00116467659091009,0.000861755945710149,SPINT1/LAMA2/DNER/FA2H/NTRK2/CNTN1/SOX9/SERPINE2/LPAR1/LAMC3/PTN/IL6/ID4/GPC1/EGR2/MXRA8/SOX11/PFKFB3/IL34/DLL1/GAP43/PTPRZ1/ITGB4/TSPAN2/GSTP1/NTRK3/TNFRSF21/TRPC4/SOX8/TGFB1/GLI3,31
GO_BP,,,GO:0031069,hair follicle morphogenesis,9/1059,34/18860,0.264705882352941,4.71421429761706,5.28703881748701,7.8550198963082e-05,0.00116652907415323,0.000863126616728665,FGFR2/KRT17/NGFR/GLI2/TGFB2/IGFBP5/FGF7/SNAI1/FOXE1,9
GO_BP,,,GO:0097205,renal filtration,9/1059,34/18860,0.264705882352941,4.71421429761706,5.28703881748701,7.8550198963082e-05,0.00116652907415323,0.000863126616728665,F2RL1/SULF1/ADORA1/ITGA3/CORO2B/SULF2/AQP1/EDN1/GJA5,9
GO_BP,,,GO:0001935,endothelial cell proliferation,26/1059,204/18860,0.127450980392157,2.26980688403785,4.44762952510689,7.98391730347561e-05,0.0011821425174045,0.000874679160722249,PLXNB3/SULF1/GDF2/COL4A3/NGFR/COL8A2/COL8A1/ALDH1A2/CXCL12/CCL11/CCL26/BMPER/SCG2/F3/TEK/APLNR/THBS1/PRKD1/CCL2/FGF7/SEMA5A/FGFR1/EGR3/ECM1/PRKX/NR4A1,26
GO_BP,,,GO:0097530,granulocyte migration,21/1059,148/18860,0.141891891891892,2.52698874511906,4.54874613470069,8.1790063571333e-05,0.00120227307234777,0.000889573961174325,CXCL6/CCL21/GP2/CXCL5/DPEP1/TRPV4/PF4V1/TNFAIP6/CXCL3/CCL11/CCL26/SCG2/TGFB2/THBS1/ITGA9/LGALS3/CCL2/FUT4/IL34/BST1/EDN1,21
GO_BP,,,GO:0002053,positive regulation of mesenchymal cell proliferation,8/1059,27/18860,0.296296296296296,5.27681600391704,5.42410147320147,8.1923732970029e-05,0.00120227307234777,0.000889573961174325,FGFR2/SOX9/WNT2/TBX1/PRRX1/FGFR1/FOXF1/PDGFA,8
GO_BP,,,GO:0062009,secondary palate development,8/1059,27/18860,0.296296296296296,5.27681600391704,5.42410147320147,8.1923732970029e-05,0.00120227307234777,0.000889573961174325,GABRB3/ITGB8/ITGB6/TBX1/TGFB2/SOX11/FZD2/FOXE1,8
GO_BP,,,GO:0061045,negative regulation of wound healing,14/1059,77/18860,0.181818181818182,3.23804618422182,4.79973254512885,8.63966783039141e-05,0.001260742967781,0.000932836425988926,WNT4/PDGFRA/FAP/SERPINE2/C1QTNF1/THBS1/WFDC1/ANGPT1/SLC12A2/MMRN1/PLAT/AJAP1/PDGFA/EDN1,14
GO_BP,,,GO:0008361,regulation of cell size,24/1059,182/18860,0.131868131868132,2.34847305668835,4.45859363892694,8.65447017151642e-05,0.001260742967781,0.000932836425988926,SCTR/PTPRS/TRPV4/PLXNA4/RET/OLFM1/BCL11A/RAP1GAP2/CXCL12/CRABP2/STK39/PRKD1/AQP1/SLC12A8/SLC12A2/ULK2/ISLR2/SEMA5A/GPRC5B/PLXNA3/NTRK3/SEMA6D/EDN1/BDNF,24
GO_BP,,,GO:0070588,calcium ion transmembrane transport,37/1059,339/18860,0.109144542772861,1.94378288639865,4.27685810236312,8.66681597951965e-05,0.001260742967781,0.000932836425988926,CCL21/CACNA1H/TRPV6/GRIN2A/NALCN/GPR35/ITPR3/JPH1/RYR2/TRPV4/GPM6A/SLC24A3/ATP2C2/CACNA1D/F2RL3/PLN/APLNR/BDKRB1/PRKD1/FAIM2/NCS1/SNCA/HAP1/PLCB4/CACHD1/NTSR1/JPH2/GRIN2D/CACNA1C/CNGB1/CACNA2D2/TRPA1/TRPC4/PLCE1/EDN1/JPH3/TGFB1,37
GO_BP,,,GO:0001755,neural crest cell migration,12/1059,59/18860,0.203389830508475,3.62222115523119,4.92028158759041,8.89251466400908e-05,0.00128980351176225,0.000954338615315014,HAND2/BMP7/SEMA3C/RET/OVOL2/SEMA6A/TBX1/TWIST1/SEMA5A/SEMA6D/SOX8/EDN1,12
GO_BP,,,GO:0001655,urogenital system development,13/1059,68/18860,0.191176470588235,3.40471032605677,4.84524601427739,8.97914723351438e-05,0.00129858306647483,0.000960834696315783,FGFR2/BMP7/SULF1/SOX9/EPHB3/SFRP1/OSR1/TNC/MMP2/PBX1/ID4/GLI1/CRIP1,13
GO_BP,,,GO:0097553,calcium ion transmembrane import into cytosol,25/1059,195/18860,0.128205128205128,2.28323769400257,4.39334720627232,9.87449355616096e-05,0.00142393059251886,0.00105358059392509,CCL21/CACNA1H/TRPV6/GRIN2A/ITPR3/JPH1/RYR2/TRPV4/CACNA1D/F2RL3/PLN/APLNR/BDKRB1/PRKD1/SNCA/HAP1/PLCB4/NTSR1/JPH2/GRIN2D/CACNA1C/TRPA1/PLCE1/JPH3/TGFB1,25
GO_BP,,,GO:0010765,positive regulation of sodium ion transport,9/1059,35/18860,0.257142857142857,4.57952246054229,5.16983558789648,0.000100511471983109,0.0014452155292369,0.00106932953308467,FXYD2/PRSS8/WNK2/TESC/CNTN1/ANK3/STK39/ATP1B2/SCN3B,9
GO_BP,,,GO:0006874,intracellular calcium ion homeostasis,34/1059,304/18860,0.111842105263158,1.99182446200487,4.25220834513697,0.000102811670823712,0.0014697932826091,0.0010875148604674,CCL21/PKHD1/ITPR3/JPH1/ADORA1/RYR2/TRPV4/SLC24A3/ATP2C2/CXCL12/PTH1R/CCL11/F2RL3/PLN/APLNR/BDKRB1/PRKD1/SNCA/HAP1/SV2A/PLCB4/NTSR1/JPH2/CACNA1C/STC2/CNGB1/CALB2/TRPA1/TRPC4/PLCE1/EDN1/JPH3/ATP13A4/TGFB1,34
GO_BP,,,GO:0045165,cell fate commitment,34/1059,304/18860,0.111842105263158,1.99182446200487,4.25220834513697,0.000102811670823712,0.0014697932826091,0.0010875148604674,FGFR2/ESRP1/WNT4/GATA5/PDPN/WNT7B/SFRP2/CYP26B1/SOX9/MNX1/DSCAML1/WNT2/SFRP1/TFAP2C/EYA2/GLI2/IL6/GAS1/TBX1/TGFB2/FZD7/PRRX1/DLL1/GAP43/KLF4/FGFR1/TNXB/TEAD4/NTRK3/SOX8/EDN1/ZNF521/DHH/GLI3,34
GO_BP,,,GO:0048864,stem cell development,15/1059,88/18860,0.170454545454545,3.03566829770796,4.66850885364521,0.000105332312223151,0.00150151361979993,0.00111098505759119,HAND2/BMP7/SEMA3C/SOX9/RET/OVOL2/ALDH1A2/SEMA6A/TBX1/FOXC1/TWIST1/SEMA5A/SEMA6D/SOX8/EDN1,15
GO_BP,,,GO:0036293,response to decreased oxygen levels,36/1059,330/18860,0.109090909090909,1.94282771053309,4.21440927266151,0.000108470526636936,0.00154169119454761,0.00114071285000433,FGFR2/CD24/POSTN/ARNT2/ANKRD1/PTGIS/BMP7/ADORA1/RYR2/TRPV4/DIO3/SOD3/CRYAB/SFRP1/KCNK2/KCNK3/MMP2/KCNJ11/PLEKHN1/CXCL12/FOS/TGFB2/PTGS2/THBS1/KCND2/MYOCD/TWIST1/EGR1/AQP1/PLAT/KCNA5/STC2/WTIP/EDN1/TGFB1/CBFA2T3,36
GO_BP,,,GO:0060740,prostate gland epithelium morphogenesis,8/1059,28/18860,0.285714285714286,5.08835828949143,5.28037604284046,0.000109080462408193,0.00154169119454761,0.00114071285000433,FGFR2/BMP7/SULF1/SOX9/SFRP1/TNC/MMP2/ID4,8
GO_BP,,,GO:0090103,cochlea morphogenesis,8/1059,28/18860,0.285714285714286,5.08835828949143,5.28037604284046,0.000109080462408193,0.00154169119454761,0.00114071285000433,SOX9/CTHRC1/VANGL2/PTK7/TBX1/MYO3A/FZD2/FRZB,8
GO_BP,,,GO:0051961,negative regulation of nervous system development,21/1059,151/18860,0.139072847682119,2.47678367071272,4.44390921312331,0.00010960594532795,0.0015445000531739,0.00114279115280595,PTPRS/BMP7/IGDCC4/PTPN13/BCL11A/PTN/IL6/CCL11/ID4/PRTG/SOX11/LHX2/EFNB3/ULK2/SEMA5A/PLXNA3/NTRK3/NEGR1/SEMA6D/NFATC4/TGFB1,21
GO_BP,,,GO:0003253,cardiac neural crest cell migration involved in outflow tract morphogenesis,5/1059,10/18860,0.5,8.90462700661001,6.09832849816619,0.000109900104286143,0.0015445000531739,0.00114279115280595,HAND2/BMP7/SEMA3C/TWIST1/EDN1,5
GO_BP,,,GO:0090101,negative regulation of transmembrane receptor protein serine/threonine kinase signaling pathway,26/1059,208/18860,0.125,2.2261567516525,4.33710631571456,0.000110368870795737,0.00154671868227828,0.00114443273883674,GREM1/VEPH1/CHRDL1/SFRP2/ADAMTSL2/PRDM16/HTRA3/CHRDL2/SFRP1/OVOL2/RASL11B/TNFAIP6/EMILIN1/CILP/ASPN/PMEPA1/FSTL3/BMPER/CDH3/DKK3/IL17RD/LTBP1/FBN1/NBL1/FBN2/HTRA1,26
GO_BP,,,GO:0015698,inorganic anion transport,23/1059,174/18860,0.132183908045977,2.35409679485092,4.37674528154247,0.000116139395158545,0.00162301542391506,0.00120088546679311,SLC34A2/CFTR/CLDN4/GABRB3/GLRB/SLC1A7/OCA2/TMC4/SLC4A3/TTYH1/CLIC6/SFRP4/SLC4A11/GABRP/SLC26A9/KCNK2/CLIC5/SLC12A8/ANO4/SLC12A2/FGFR1/KCNQ1/TTYH2,23
GO_BP,,,GO:0048709,oligodendrocyte differentiation,17/1059,109/18860,0.155963302752294,2.77759007545633,4.53960179589587,0.000118016821852597,0.00164463218127918,0.00121687992339239,FA2H/NTRK2/CNTN1/SOX9/LPAR1/PTN/ID4/SOX11/IL34/PTPRZ1/TSPAN2/GSTP1/TNFRSF21/TRPC4/SOX8/TGFB1/GLI3,17
GO_BP,,,GO:0070482,response to oxygen levels,38/1059,357/18860,0.106442577030812,1.89566289216348,4.16718446467279,0.00011863885518476,0.00164868241492788,0.00121987673208205,FGFR2/CD24/POSTN/ARNT2/ANKRD1/PTGIS/BMP7/ADORA1/RYR2/TRPV4/DIO3/SOD3/COL1A1/LPAR1/CRYAB/SFRP1/KCNK2/KCNK3/MMP2/KCNJ11/PLEKHN1/CXCL12/FOS/TGFB2/PTGS2/THBS1/KCND2/MYOCD/TWIST1/EGR1/AQP1/PLAT/KCNA5/STC2/WTIP/EDN1/TGFB1/CBFA2T3,38
GO_BP,,,GO:1990573,potassium ion import across plasma membrane,11/1059,52/18860,0.211538461538462,3.76734219510423,4.87391935561727,0.000119707482325806,0.00165889895423644,0.00122743605246545,FXYD2/KCNJ16/KCNH2/KCNK5/KCNJ11/STK39/HCN4/ATP1B2/SLC12A8/SLC12A2/KCNQ1,11
GO_BP,,,GO:0001658,branching involved in ureteric bud morphogenesis,12/1059,61/18860,0.19672131147541,3.50345980587935,4.77664842109507,0.000124762882891224,0.001724153728844,0.00127571871775032,WNT4/GREM1/TACSTD2/SOX9/NPNT/PBX1/FGF1/TCF21/SOX8/TMEM59L/TGFB1/GLI3,12
GO_BP,,,GO:0033687,osteoblast proliferation,9/1059,36/18860,0.25,4.45231350330501,5.05697294875031,0.000127391914612757,0.00175560879556362,0.00129899263857942,FGFR2/GREM1/CTHRC1/TMEM119/LTF/SFRP1/FBLN5/MN1/SOX8,9
GO_BP,,,GO:0034762,regulation of transmembrane transport,45/1059,450/18860,0.1,1.780925401322,4.08953587454438,0.000128506346310847,0.00176474198764831,0.00130575037943531,FXYD2/HAMP/WNK2/CFTR/KCNJ16/TESC/KCNH2/GRIN2A/GPR35/JPH1/KCNIP3/RYR2/DPP10/KCNG1/ANK3/KCNN2/RGS4/OSR1/GAL/KCNJ11/KCNS3/CACNA1D/F2RL3/STK39/PLN/APLNR/BDKRB1/THBS1/KCNS1/PRKD1/NR4A3/SNCA/ATP1B2/HAP1/LRRC55/NTSR1/JPH2/GRIN2D/CACNA1C/HEPH/CNIH3/KCNQ1/EDN1/JPH3/TGFB1,45
GO_BP,,,GO:0032309,icosanoid secretion,10/1059,44/18860,0.227272727272727,4.04755773027728,4.9362794472402,0.000128764088747002,0.00176474198764831,0.00130575037943531,PTGES/ABCC4/PLA2R1/BDKRB2/PTGS2/PLA2G4F/PLA2G4A/NTSR1/PLA2G5/EDN1,10
GO_BP,,,GO:0034767,positive regulation of monoatomic ion transmembrane transport,19/1059,131/18860,0.145038167938931,2.58302157443649,4.43455756619048,0.000130727504943725,0.00178672894806327,0.00132201875300233,FXYD2/WNK2/CFTR/TESC/KCNH2/GAL/F2RL3/STK39/APLNR/BDKRB1/SNCA/ATP1B2/HAP1/LRRC55/NTSR1/JPH2/HEPH/KCNQ1/EDN1,19
GO_BP,,,GO:0051145,smooth muscle cell differentiation,14/1059,80/18860,0.175,3.1166194523135,4.62727268104611,0.000132609857548249,0.00180373072944718,0.00133459854237013,FGFR2/COMP/WNT4/EREG/SOX9/NPNT/APLNR/MYOCD/SMARCD3/SGCB/KIT/FOXF1/NFATC4/TGFB1,14
GO_BP,,,GO:0035265,organ growth,24/1059,187/18860,0.128342245989305,2.2856796594507,4.3095471630404,0.000132696572256818,0.00180373072944718,0.00133459854237013,FGFR2/COMP/EVC/SOX9/COL14A1/WNT2/RGS4/KCNK2/FBLN5/TGFB2/NDRG4/FOXC1/DLL1/FGF7/GLI1/FGFR1/BNC2/FES/PI16/MSX2/ZFPM2/CACNA2D2/ECM1/EDN1,24
GO_BP,,,GO:0051235,maintenance of location,27/1059,223/18860,0.121076233183857,2.15627739173516,4.23654255613048,0.000141060130966619,0.00191219114866194,0.00141484949947015,CCL21/ITPR3/JPH1/RYR2/MDFI/ANK3/PGR/F2RL3/PLN/APLNR/BDKRB1/PRKD1/SNCA/HAP1/LTBP1/FBN1/PLCB4/KDELR3/NTSR1/DBN1/NBL1/JPH2/CACNA1C/FBN2/PLCE1/JPH3/TGFB1,27
GO_BP,,,GO:0007611,learning or memory,32/1059,284/18860,0.112676056338028,2.00667650853183,4.16925168758146,0.000141464009858057,0.00191245502457563,0.00141504474391769,NPTX2/GABRB3/B3GAT1/SNAP25/VLDLR/PPP1R1B/NTRK2/GRIN2A/NRXN3/ITPR3/STRA6/TPBG/KCNK2/CLSTN2/PTN/CCL11/PLN/FOS/NDRG4/ITGA3/RCAN2/PTPRZ1/SLITRK4/MAP1A/NTSR1/KIT/TACR2/CLDN5/EN1/JPH3/BRSK1/NFATC4,32
GO_BP,,,GO:0042634,regulation of hair cycle,8/1059,29/18860,0.275862068965517,4.91289765881932,5.14334796279424,0.000143268638996977,0.00192926204860877,0.00142748043035913,PKP3/KRT17/FA2H/NGFR/GAL/CDH3/TGFB2/MSX2,8
GO_BP,,,GO:0003197,endocardial cushion development,11/1059,53/18860,0.207547169811321,3.69626026689472,4.79429876739716,0.000143482805625175,0.00192926204860877,0.00142748043035913,GATA5/BMP7/SOX9/BMP5/TGFB2/APLNR/TWIST1/HEYL/SNAI1/FOXF1/MSX2,11
GO_BP,,,GO:0042475,odontogenesis of dentin-containing tooth,15/1059,91/18860,0.164835164835165,2.93559132086044,4.51438823345557,0.000155528316490361,0.00207998218962243,0.00153899978145668,CFTR/PDGFRA/HAND2/APCDD1/BMP7/ITGB6/NGFR/TNC/GLI2/EDA/TBX1/FOXC1/MSX2/TGFB1/GLI3,15
GO_BP,,,GO:0086003,cardiac muscle cell contraction,15/1059,91/18860,0.164835164835165,2.93559132086044,4.51438823345557,0.000155528316490361,0.00207998218962243,0.00153899978145668,KCNH2/ADORA1/RYR2/SGCD/KCNN2/SCN7A/CACNA1D/PLN/KCNE4/HCN4/KCNA5/CACNA1C/SCN3B/KCNQ1/GJA5,15
GO_BP,,,GO:0055075,potassium ion homeostasis,9/1059,37/18860,0.243243243243243,4.33198070591838,4.94816335940788,0.000160024700157762,0.00213155127895781,0.00157715627030214,FXYD2/KCNH2/KLHL3/ATP6V1B1/ATP1B2/SLC12A8/SLC12A2/KCNA5/KCNQ1,9
GO_BP,,,GO:0098661,inorganic anion transmembrane transport,19/1059,133/18860,0.142857142857143,2.54417914474572,4.35887593614422,0.000160241241875422,0.00213155127895781,0.00157715627030214,CFTR/CLDN4/GABRB3/GLRB/SLC1A7/OCA2/TMC4/SLC4A3/TTYH1/CLIC6/SLC4A11/GABRP/SLC26A9/KCNK2/CLIC5/SLC12A8/ANO4/SLC12A2/TTYH2,19
GO_BP,,,GO:0050768,negative regulation of neurogenesis,20/1059,144/18860,0.138888888888889,2.47350750183611,4.32924525130755,0.00016120614259186,0.00213866815838534,0.00158242212110522,PTPRS/BMP7/IGDCC4/BCL11A/PTN/IL6/CCL11/ID4/PRTG/SOX11/LHX2/EFNB3/ULK2/SEMA5A/PLXNA3/NTRK3/NEGR1/SEMA6D/NFATC4/TGFB1,20
GO_BP,,,GO:1900046,regulation of hemostasis,13/1059,72/18860,0.180555555555556,3.21555975238695,4.59403764770138,0.000164835300668027,0.00218099899155169,0.00161374313112008,COMP/PDGFRA/F2RL1/FAP/SERPINE2/C1QTNF1/EMILIN1/F3/THBS1/ANGPT1/PLAT/PDGFA/EDN1,13
GO_BP,,,GO:0010721,negative regulation of cell development,32/1059,288/18860,0.111111111111111,1.97880600146889,4.08271101141328,0.000183156744053356,0.00241698886383408,0.00178835441562079,PTPRS/BMP7/PTHLH/INHA/CLEC4G/PRDM16/IGDCC4/LTF/SFRP1/BCL11A/TNFAIP6/PTN/IL6/CCL11/FSTL3/ID4/PRTG/SOX11/LHX2/EFNB3/FBN1/ULK2/SEMA5A/S1PR3/FRZB/PLXNA3/NTRK3/NEGR1/SEMA6D/NFATC4/TGFB1/GLI3,32
GO_BP,,,GO:0060412,ventricular septum morphogenesis,10/1059,46/18860,0.217391304347826,3.87157695939566,4.75602267211621,0.000190999643376492,0.00251381805766679,0.00185999931185629,FGFR2/VANGL2/TGFB2/APLNR/SOX11/SLIT3/HEYL/FZD2/ZFPM2/GJA5,10
GO_BP,,,GO:0035581,sequestering of extracellular ligand from receptor,5/1059,11/18860,0.454545454545455,8.09511546055455,5.74112182810318,0.00019216240585547,0.00252003580722472,0.00186459988740859,GREM1/LTBP1/FBN1/NBL1/FBN2,5
GO_BP,,,GO:0070252,actin-mediated cell contraction,18/1059,124/18860,0.145161290322581,2.58521429224162,4.3196195016058,0.000192485147084501,0.00252003580722472,0.00186459988740859,KCNH2/PDPN/ADORA1/RYR2/SGCD/KCNN2/SCN7A/CACNA1D/PLN/KCNE4/HCN4/LIMCH1/ACTC1/KCNA5/CACNA1C/SCN3B/KCNQ1/GJA5,18
GO_BP,,,GO:0010543,regulation of platelet activation,11/1059,55/18860,0.2,3.561850802644,4.64070134167817,0.000203222288280404,0.0026536243679659,0.00196344340963275,PDGFRA/PDPN/SVEP1/SERPINE2/SELP/C1QTNF1/EMILIN1/IL6/PLA2G4A/MMRN1/PDGFA,11
GO_BP,,,GO:1904064,positive regulation of cation transmembrane transport,18/1059,125/18860,0.144,2.56453257790368,4.28053328859204,0.000213292567180798,0.00277782859090176,0.00205534336575159,FXYD2/WNK2/TESC/KCNH2/GAL/F2RL3/STK39/APLNR/BDKRB1/SNCA/ATP1B2/HAP1/LRRC55/NTSR1/JPH2/HEPH/KCNQ1/EDN1,18
GO_BP,,,GO:0042471,ear morphogenesis,19/1059,136/18860,0.139705882352941,2.48805754596456,4.24790675131894,0.000215474011760448,0.00279891177156195,0.00207094302357094,FGFR2/COL11A1/SOX9/CTHRC1/ALDH1A3/VANGL2/PTK7/OSR1/ATP6V1B1/TBX1/MYO3A/NR4A3/PRRX1/TWIST1/FZD2/FGFR1/FRZB/KCNQ1/EDN1,19
GO_BP,,,GO:0072087,renal vesicle development,6/1059,17/18860,0.352941176470588,6.28561906348942,5.31778049809912,0.000223758044619708,0.00289141888826765,0.00213938997138788,WNT4/GREM1/SOX9/KIF26B/OSR1/SOX8,6
GO_BP,,,GO:0072224,metanephric glomerulus development,6/1059,17/18860,0.352941176470588,6.28561906348942,5.31778049809912,0.000223758044619708,0.00289141888826765,0.00213938997138788,PDGFRA/RET/OSR1/EGR1/AQP1/TCF21,6
GO_BP,,,GO:0048704,embryonic skeletal system morphogenesis,15/1059,94/18860,0.159574468085106,2.84190223615213,4.3664627156861,0.000225288482921198,0.00290365337443772,0.00214844239098836,FGFR2/PDGFRA/COL11A1/BMP7/GRHL2/DSCAML1/MDFI/OSR1/HOXB9/TBX1/SOX11/PRRX1/TWIST1/MMP16/GLI3,15
GO_BP,,,GO:0007272,ensheathment of neurons,21/1059,159/18860,0.132075471698113,2.35216562438755,4.1761986446696,0.000228666414127368,0.00293199848011252,0.00216941522030224,TMEM163/FA2H/NTRK2/CNTN1/LPAR1/CLDN11/PTN/ID4/GPC1/EGR2/MARVELD1/PTPRZ1/ITGB4/TSPAN2/JAM2/NFASC/NTRK3/TNFRSF21/CLDN5/DHH/TGFB1,21
GO_BP,,,GO:0008366,axon ensheathment,21/1059,159/18860,0.132075471698113,2.35216562438755,4.1761986446696,0.000228666414127368,0.00293199848011252,0.00216941522030224,TMEM163/FA2H/NTRK2/CNTN1/LPAR1/CLDN11/PTN/ID4/GPC1/EGR2/MARVELD1/PTPRZ1/ITGB4/TSPAN2/JAM2/NFASC/NTRK3/TNFRSF21/CLDN5/DHH/TGFB1,21
GO_BP,,,GO:0055007,cardiac muscle cell differentiation,19/1059,137/18860,0.138686131386861,2.46989654197942,4.21157407194871,0.00023726761751686,0.00303109950153472,0.00224274106466372,PDGFRA/NEBL/GREM1/FHOD3/COL14A1/SGCD/OBSL1/MYH11/RGS4/PRICKLE1/FZD7/FHL2/MYOCD/DLL1/ACTC1/SGCB/PI16/EDN1/TGFB1,19
GO_BP,,,GO:0001516,prostaglandin biosynthetic process,8/1059,31/18860,0.258064516129032,4.59593651954065,4.88724764230581,0.000238223096502528,0.00303109950153472,0.00224274106466372,PTGDS/PTGES/PTGIS/CTHRC1/PTGS2/PLA2G4F/PLA2G4A/EDN1,8
GO_BP,,,GO:0003094,glomerular filtration,8/1059,31/18860,0.258064516129032,4.59593651954065,4.88724764230581,0.000238223096502528,0.00303109950153472,0.00224274106466372,F2RL1/SULF1/ADORA1/CORO2B/SULF2/AQP1/EDN1/GJA5,8
GO_BP,,,GO:0007596,blood coagulation,28/1059,243/18860,0.11522633744856,2.05209511263441,4.02613562760788,0.000248490585497181,0.00315367516032774,0.00233343602976273,COMP/PDGFRA/ANXA8/PDPN/SVEP1/ITPR3/F2RL1/FAP/ADRA2A/ANGPTL1/SERPINE2/FBLN1/F2RL2/COL3A1/SELP/C1QTNF1/EMILIN1/IL6/TFPI2/F2RL3/F3/THBS1/PLA2G4A/ANGPT1/MMRN1/PLAT/PDGFA/EDN1,28
GO_BP,,,GO:0045109,intermediate filament organization,13/1059,75/18860,0.173333333333333,3.08693736229147,4.41692023560058,0.000251824499066922,0.00318785466376065,0.00235872578876932,KRT23/KRT19/KRT7/KRT80/KRT17/KRT5/DES/KRT86/KRT6B/KRT15/KRT81/PKP1/NEFL,13
GO_BP,,,GO:0019233,sensory perception of pain,14/1059,85/18860,0.164705882352941,2.93328889629506,4.3571384178015,0.000257348892678281,0.00324129301537834,0.00239826536361345,PTGES/GRIN2A/ADORA1/HOXD1/CXCL12/NPY1R/KCND2/NDN/CCL2/AQP1/NTSR1/GRIN2D/TRPA1/EPHB1,14
GO_BP,,,GO:0051279,regulation of release of sequestered calcium ion into cytosol,14/1059,85/18860,0.164705882352941,2.93328889629506,4.3571384178015,0.000257348892678281,0.00324129301537834,0.00239826536361345,JPH1/RYR2/F2RL3/PLN/APLNR/BDKRB1/PRKD1/SNCA/HAP1/NTSR1/JPH2/CACNA1C/JPH3/TGFB1,14
GO_BP,,,GO:0048638,regulation of developmental growth,35/1059,332/18860,0.105421686746988,1.87748159777922,3.93439444682051,0.000260551583290127,0.00327334375471813,0.00242198002861662,FGFR2/SYT3/PTPRS/RASAL1/PLXNA4/COL14A1/DIO3/UNC13A/WNT2/RGS4/KCNK2/OLFM1/BCL11A/CXCL12/CRABP2/NPY1R/SYT2/SLC6A3/FOXC1/DLL1/GLI1/ULK2/ISLR2/SEMA5A/FOXS1/FGFR1/PI16/PLXNA3/NTRK3/STC2/ZFPM2/CACNA2D2/SEMA6D/EDN1/BDNF,35
GO_BP,,,GO:0006816,calcium ion transport,43/1059,439/18860,0.0979498861047836,1.74441440220606,3.84924483682188,0.000281977237352781,0.00353359384340072,0.00261454169169475,CCL21/CACNA1H/TRPV6/GRIN2A/NALCN/GPR35/ITPR3/JPH1/RYR2/TRPV4/ADRA2A/GPM6A/SLC24A3/RGS4/ATP2C2/CXCL12/CACNA1D/F2RL3/PLN/APLNR/BDKRB1/PRKD1/LGALS3/CCL2/FAIM2/NCS1/SNCA/HAP1/PLCB4/CACHD1/NTSR1/JPH2/GRIN2D/CACNA1C/STC2/CNGB1/CACNA2D2/TRPA1/TRPC4/PLCE1/EDN1/JPH3/TGFB1,43
GO_BP,,,GO:0062237,protein localization to postsynapse,11/1059,57/18860,0.192982456140351,3.4368735814986,4.49409206210845,0.000282776656375375,0.00353470820469218,0.00261536621884339,GPC4/GRIN2A/OLFM1/NPTX1/LRRC7/GRIP1/TMEM108/ZDHHC15/CNIH3/CACNA2D2/GRIP2,11
GO_BP,,,GO:0090263,positive regulation of canonical Wnt signaling pathway,17/1059,117/18860,0.145299145299145,2.58766938653624,4.20163729434095,0.0002836719065343,0.00353701186718833,0.0026170707219376,FGFR2/WNK2/SFRP2/LGR6/SFRP4/RSPO3/COL1A1/PTK7/SFRP1/DKK2/EDA/CDH3/DACT1/SULF2/SEMA5A/GPRC5B/TGFB1,17
GO_BP,,,GO:0098659,inorganic cation import across plasma membrane,19/1059,139/18860,0.136690647482014,2.43435846223871,4.13986032475317,0.000286701197448374,0.00355695375886699,0.00263182592853908,FXYD2/CACNA1H/KCNJ16/SLC5A1/SLC9A3/KCNH2/TRPV6/TRPV4/KCNK5/KCNJ11/CACNA1D/STK39/HCN4/ATP1B2/SLC12A8/SLC12A2/SLC9A2/CACNA1C/KCNQ1,19
GO_BP,,,GO:0099587,inorganic ion import across plasma membrane,19/1059,139/18860,0.136690647482014,2.43435846223871,4.13986032475317,0.000286701197448374,0.00355695375886699,0.00263182592853908,FXYD2/CACNA1H/KCNJ16/SLC5A1/SLC9A3/KCNH2/TRPV6/TRPV4/KCNK5/KCNJ11/CACNA1D/STK39/HCN4/ATP1B2/SLC12A8/SLC12A2/SLC9A2/CACNA1C/KCNQ1,19
GO_BP,,,GO:0006690,icosanoid metabolic process,18/1059,128/18860,0.140625,2.50442634560907,4.1655173786018,0.000287943202279163,0.00356347619736029,0.00263665194650493,PTGDS/PTGES/DPEP1/GGT6/PTGIS/CTHRC1/GGT1/GGT5/CYP1B1/ATP6V1B1/DAGLA/PTGS2/PLA2G4F/PLA2G4A/GSTP1/PLA2G5/LTC4S/EDN1,18
GO_BP,,,GO:0060441,epithelial tube branching involved in lung morphogenesis,8/1059,32/18860,0.25,4.45231350330501,4.76725333801794,0.000302132704838102,0.00372980200141329,0.00275971808493886,FGFR2/LAMA1/SOX9/HHIP/VANGL2/WNT2/TNC/FOXF1,8
GO_BP,,,GO:0007631,feeding behavior,16/1059,107/18860,0.149532710280374,2.66306602066841,4.20776146987203,0.000304234183981718,0.00374644818145804,0.00277203476129252,CNTFR/UCHL1/HAND2/NTRK2/MMP17/STRA6/GAL/NPY1R/FOS/SGIP1/NR4A3/NPY5R/NEGR1/EN1/GLS/DACH1,16
GO_BP,,,GO:0048639,positive regulation of developmental growth,22/1059,174/18860,0.126436781609195,2.25174476029219,4.04592049411615,0.000307529040203903,0.00376908659556139,0.00278878515200808,FGFR2/SYT3/RASAL1/DIO3/UNC13A/WNT2/BCL11A/CXCL12/CRABP2/SYT2/SLC6A3/DLL1/GLI1/ISLR2/SEMA5A/FOXS1/FGFR1/NTRK3/ZFPM2/CACNA2D2/EDN1/BDNF,22
GO_BP,,,GO:0032535,regulation of cellular component size,37/1059,361/18860,0.102493074792244,1.82532520357103,3.8617992392676,0.000307587770411643,0.00376908659556139,0.00278878515200808,CCL21/SCTR/PTPRS/WNT7B/ELN/F2RL1/TRPV4/PLXNA4/RET/OLFM1/BCL11A/PLEKHH2/RAP1GAP2/DNM1/CXCL12/SCIN/CRABP2/CCL11/CCL26/STK39/ARHGAP28/MYO3A/NEFL/PRKD1/AQP1/SLC12A8/SLC12A2/ULK2/ISLR2/SEMA5A/GPRC5B/PLXNA3/NTRK3/SEMA6D/EDN1/NCK2/BDNF,37
GO_BP,,,GO:0014831,gastro-intestinal system smooth muscle contraction,5/1059,12/18860,0.416666666666667,7.42052250550834,5.42642080690719,0.000314203243343536,0.00383127729322081,0.00283480067588324,SULF1/PTGER3/SULF2/KIT/TACR2,5
GO_BP,,,GO:0061309,cardiac neural crest cell development involved in outflow tract morphogenesis,5/1059,12/18860,0.416666666666667,7.42052250550834,5.42642080690719,0.000314203243343536,0.00383127729322081,0.00283480067588324,HAND2/BMP7/SEMA3C/TWIST1/EDN1,5
GO_BP,,,GO:0006821,chloride transport,18/1059,129/18860,0.13953488372093,2.48501218789117,4.12790317157628,0.00031743000505497,0.00386115959694004,0.00285691089352009,CFTR/CLDN4/GABRB3/GLRB/SLC1A7/OCA2/TMC4/SLC4A3/TTYH1/CLIC6/GABRP/SLC26A9/KCNK2/CLIC5/SLC12A8/ANO4/SLC12A2/TTYH2,18
GO_BP,,,GO:0072189,ureter development,6/1059,18/18860,0.333333333333333,5.93641800440667,5.11057528864428,0.000319755566476527,0.00387052054311611,0.0028638371519232,SOX9/RET/OSR1/ALDH1A2/FOXF1/SOX8,6
GO_BP,,,GO:0097094,craniofacial suture morphogenesis,6/1059,18/18860,0.333333333333333,5.93641800440667,5.11057528864428,0.000319755566476527,0.00387052054311611,0.0028638371519232,FREM1/TWIST1/MMP16/MSX2/TGFB1/GLI3,6
GO_BP,,,GO:0032970,regulation of actin filament-based process,40/1059,402/18860,0.0995024875621891,1.77206507594229,3.8164512892167,0.000329924420864779,0.0039664013319787,0.00293478031376451,CCL21/WNT4/PDGFRA/PDPN/TACSTD2/FHOD3/ELN/F2RL1/ADORA1/RYR2/ARHGEF16/VANGL2/LPAR1/EPHA3/SFRP1/RGS4/PLEKHH2/CXCL12/SCIN/CCL11/CCL26/PLN/ARHGAP28/TGFB2/FZD10/HCN4/MYO3A/PRKD1/CORO2B/LIMCH1/SEMA5A/ARHGEF19/CACNA1C/PDGFA/BST1/EDN1/GJA5/NCK2/SYNPO2/TGFB1,40
GO_BP,,,GO:0014855,striated muscle cell proliferation,14/1059,87/18860,0.160919540229885,2.8658569676446,4.25457560020655,0.000330068372148579,0.0039664013319787,0.00293478031376451,FGFR2/HGF/WNT2/KCNK2/FOS/TGFB2/NDRG4/FOXC1/ANGPT1/GLI1/FGFR1/FES/ZFPM2/EPHB1,14
GO_BP,,,GO:0042310,vasoconstriction,14/1059,87/18860,0.160919540229885,2.8658569676446,4.25457560020655,0.000330068372148579,0.0039664013319787,0.00293478031376451,CRP/COMP/SVEP1/ADRA2A/MMP2/BDKRB2/ITGA9/OXTR/HRH2/KCNA5/KCNMB4/GRIP2/EDN1/GJA5,14
GO_BP,,,GO:0006820,monoatomic anion transport,22/1059,175/18860,0.125714285714286,2.23887764737623,4.01592876519617,0.00033352186297322,0.00399824401998017,0.00295834103948599,CFTR/CLDN4/GABRB3/GLRB/SLC1A7/OCA2/TMC4/SLC4A3/TTYH1/CLIC6/SLC4A11/GABRP/ABCC4/SLC26A9/KCNK2/CLIC5/SLC12A8/ANO4/SLC12A2/TRPA1/KCNQ1/TTYH2,22
GO_BP,,,GO:0060444,branching involved in mammary gland duct morphogenesis,7/1059,25/18860,0.28,4.98659112370161,4.86490089765992,0.000339352507391028,0.0040486300342215,0.00299562215914786,WNT4/PGR/TFAP2C/DDR1/CCL11/MSX2/TGFB1,7
GO_BP,,,GO:0098743,cell aggregation,7/1059,25/18860,0.28,4.98659112370161,4.86490089765992,0.000339352507391028,0.0040486300342215,0.00299562215914786,COL11A1/SOX9/LTF/BMPR1B/MGP/TGFB2/BARX2,7
GO_BP,,,GO:0045664,regulation of neuron differentiation,24/1059,199/18860,0.120603015075377,2.14784973023759,3.97035398113354,0.00034267747890448,0.0040785178410282,0.00301773644857458,ESRP1/SFRP2/BMP7/SOX9/SFRP1/BCL11A/CXCL12/PBX1/LTK/ID4/SOX11/GDF6/RAP1GAP/HEYL/BEND6/DLL1/CNTN4/FGFR1/NBL1/NLGN1/GPRC5B/DUOXA1/SOX8/GLI3,24
GO_BP,,,GO:0050817,coagulation,28/1059,248/18860,0.112903225806452,2.01072222729903,3.90792522535332,0.000347739425231463,0.00412888697023038,0.00305500507482584,COMP/PDGFRA/ANXA8/PDPN/SVEP1/ITPR3/F2RL1/FAP/ADRA2A/ANGPTL1/SERPINE2/FBLN1/F2RL2/COL3A1/SELP/C1QTNF1/EMILIN1/IL6/TFPI2/F2RL3/F3/THBS1/PLA2G4A/ANGPT1/MMRN1/PLAT/PDGFA/EDN1,28
GO_BP,,,GO:0086001,cardiac muscle cell action potential,14/1059,88/18860,0.159090909090909,2.83329041119409,4.20438463653392,0.000372586005107443,0.00441336994145126,0.00326549689188152,KCNH2/SLC4A3/RYR2/ANK3/KCNN2/SCN7A/CACNA1D/KCNE4/HCN4/KCNA5/CACNA1C/SCN3B/KCNQ1/GJA5,14
GO_BP,,,GO:0035767,endothelial cell chemotaxis,8/1059,33/18860,0.242424242424242,4.31739491229576,4.65209626706121,0.00037937059614086,0.00447243771516772,0.00330920173286252,SMOC2/THBS1/PRKD1/FGF1/SEMA5A/FGFR1/EGR3/NR4A1,8
GO_BP,,,GO:0046457,prostanoid biosynthetic process,8/1059,33/18860,0.242424242424242,4.31739491229576,4.65209626706121,0.00037937059614086,0.00447243771516772,0.00330920173286252,PTGDS/PTGES/PTGIS/CTHRC1/PTGS2/PLA2G4F/PLA2G4A/EDN1,8
GO_BP,,,GO:0030902,hindbrain development,21/1059,165/18860,0.127272727272727,2.26663232895528,3.9857946156781,0.000381412660269421,0.00448588176085194,0.00331914911773589,KNDC1/SEZ6L2/GABRB3/PTPRS/CNTN1/BMP7/SERPINE2/LPAR1/GLI2/EN2/ALDH1A2/BMP5/EGR2/FOXC1/FAIM2/ATP1B2/HAP1/DLL1/GLI1/EN1/EPHB1,21
GO_BP,,,GO:0007162,negative regulation of cell adhesion,34/1059,326/18860,0.104294478527607,1.85740686027448,3.80887118307298,0.000386207762192203,0.00453156513421276,0.00335295070602318,EPCAM/CCL21/POSTN/VTCN1/SPOCK1/TACSTD2/SPINT2/PLXNB3/CLEC4G/TRPV4/SERPINE2/COL1A1/FBLN1/TNC/MMP2/C1QTNF1/CXCL12/SEMA6A/CYP1B1/APOD/FZD7/THBS1/LGALS3/CORO2B/CDSN/ANGPT1/KLF4/SEMA5A/AJAP1/PLA2G5/ABCA12/TNFRSF21/TGFB1/GLI3,34
GO_BP,,,GO:0008016,regulation of heart contraction,26/1059,225/18860,0.115555555555556,2.05795824152765,3.89385878048011,0.000389312929437636,0.00455725135047585,0.00337195619626851,CACNA1H/KCNH2/SLC4A3/JPH1/ADORA1/RYR2/DES/KCNN2/RGS4/HSPB7/CACNA1D/PLN/KCNE4/TGFB2/KCND2/HCN4/ATP1B2/MYL3/KCNA5/JPH2/CACNA1C/SCN3B/KCNQ1/EDN1/GJA5/JPH3,26
GO_BP,,,GO:0006693,prostaglandin metabolic process,10/1059,50/18860,0.2,3.561850802644,4.42414699524903,0.000392511750387544,0.00457317554608438,0.0033837386690626,PTGDS/PTGES/PTGIS/CTHRC1/ATP6V1B1/PTGS2/PLA2G4F/PLA2G4A/GSTP1/EDN1,10
GO_BP,,,GO:0022602,ovulation cycle process,10/1059,50/18860,0.2,3.561850802644,4.42414699524903,0.000392511750387544,0.00457317554608438,0.0033837386690626,PDGFRA/EREG/PGR/MMP2/TNFAIP6/BMPR1B/TGFB2/PTX3/SLIT3/NPY5R,10
GO_BP,,,GO:0007599,hemostasis,28/1059,250/18860,0.112,1.99463644948064,3.86141339103037,0.000396355201905567,0.00460716619037429,0.0034088886892862,COMP/PDGFRA/ANXA8/PDPN/SVEP1/ITPR3/F2RL1/FAP/ADRA2A/ANGPTL1/SERPINE2/FBLN1/F2RL2/COL3A1/SELP/C1QTNF1/EMILIN1/IL6/TFPI2/F2RL3/F3/THBS1/PLA2G4A/ANGPT1/MMRN1/PLAT/PDGFA/EDN1,28
GO_BP,,,GO:0007204,positive regulation of cytosolic calcium ion concentration,21/1059,166/18860,0.126506024096386,2.25297791733506,3.9548630756407,0.000414074553416609,0.00480191352738375,0.00355298420634985,CD24/GPR35/ITPR3/JPH1/F2RL1/RYR2/TRPV4/ADCY5/LPAR1/C1QTNF1/PTGER1/BDKRB2/BDKRB1/GIPR/PTGER3/S1PR3/PTGIR/JPH2/CACNA1C/EDN1/JPH3,21
GO_BP,,,GO:0035904,aorta development,12/1059,69/18860,0.173913043478261,3.09726156751653,4.25683981282433,0.000417542394651233,0.0048306147279957,0.00357422051389599,LOXL1/NGFR/PCDHA10/COL3A1/PRICKLE1/TBX1/TGFB2/APLNR/EGR2/FKBP10/LOX/ADAMTS6,12
GO_BP,,,GO:0001938,positive regulation of endothelial cell proliferation,16/1059,110/18860,0.145454545454545,2.59043694737746,4.08034864579246,0.000418491446787165,0.0048306147279957,0.00357422051389599,PLXNB3/GDF2/CXCL12/CCL11/CCL26/SCG2/F3/TEK/APLNR/PRKD1/FGF7/SEMA5A/FGFR1/EGR3/ECM1/NR4A1,16
GO_BP,,,GO:0055002,striated muscle cell development,22/1059,178/18860,0.123595505617978,2.20114375444292,3.92715836618173,0.000423402377514529,0.00487598802808978,0.00360779267584871,KRT19/FLNC/PDGFRA/NEBL/DNER/ANKRD1/FHOD3/OBSCN/COL14A1/SGCD/OBSL1/MYH11/RGS4/MYOM2/PRICKLE1/PRKD1/FHL2/ACTC1/SGCB/PI16/EDN1/MYOM3,22
GO_BP,,,GO:0060048,cardiac muscle contraction,20/1059,155/18860,0.129032258064516,2.29796825977033,3.95763898554655,0.000434499597617254,0.00499222978786568,0.00369380112524015,KCNH2/JPH1/ADORA1/RYR2/SGCD/KCNN2/SCN7A/CACNA1D/PLN/KCNE4/HCN4/MYL3/ACTC1/KCNA5/JPH2/CACNA1C/SCN3B/KCNQ1/GJA5/JPH3,20
GO_BP,,,GO:0043586,tongue development,6/1059,19/18860,0.315789473684211,5.62397495154316,4.91841769988698,0.000445246893110142,0.00509219147867346,0.00376776378755273,HAND2/CYP26B1/TBX1/BNC2/KIT/GLI3,6
GO_BP,,,GO:0055064,chloride ion homeostasis,6/1059,19/18860,0.315789473684211,5.62397495154316,4.91841769988698,0.000445246893110142,0.00509219147867346,0.00376776378755273,CA12/STK39/ATP6V1B1/SLC12A8/SLC12A2/KCNQ1,6
GO_BP,,,GO:0060395,SMAD protein signal transduction,15/1059,100/18860,0.15,2.671388101983,4.08738925998753,0.000448624027345098,0.00511904710101345,0.00378763453313812,GREM1/VEPH1/BMP7/GDF2/OVOL2/EMILIN1/CILP/PMEPA1/BMPER/FOS/BMP5/TGFB2/GDF6/SMAD9/TGFB1,15
GO_BP,,,GO:0031102,neuron projection regeneration,11/1059,60/18860,0.183333333333333,3.26502990242367,4.28603536937397,0.000450290054756281,0.00512629982245422,0.00379300089481564,PTPRS/TNC/MMP2/PTN/RTN4RL1/APOD/NEFL/PRRX1/GAP43/KLF4/NTRK3,11
GO_BP,,,GO:0031032,actomyosin structure organization,25/1059,215/18860,0.116279069767442,2.0708434899093,3.85167067535154,0.000454672709492191,0.00516437609525948,0.0038211739127474,KRT19/WNT4/FLNC/PDGFRA/NEBL/ANKRD1/TACSTD2/FHOD3/ELN/OBSCN/LPAR1/SFRP1/OBSL1/MYH11/MYOM2/EPB41L1/ARHGAP28/PRKD1/CORO2B/CNN1/FHDC1/LIMCH1/ACTC1/EDN1/MYOM3,25
GO_BP,,,GO:0060047,heart contraction,29/1059,265/18860,0.109433962264151,1.9489372316354,3.79443783758628,0.000462869595061578,0.00521094135122938,0.00385562801486361,CACNA1H/KCNH2/SLC4A3/JPH1/ADORA1/RYR2/DES/SGCD/KCNN2/RGS4/SCN7A/HSPB7/CACNA1D/PLN/KCNE4/TGFB2/KCND2/HCN4/ATP1B2/MYL3/ACTC1/KCNA5/JPH2/CACNA1C/SCN3B/KCNQ1/EDN1/GJA5/JPH3,29
GO_BP,,,GO:0010811,positive regulation of cell-substrate adhesion,18/1059,133/18860,0.135338345864662,2.41027497923278,3.98089411532387,0.000463173303957169,0.00521094135122938,0.00385562801486361,CCL21/WNT4/CEACAM6/COL16A1/CCDC80/FBLN2/OLFM4/HAS2/FBLN1/SFRP1/ABI3BP/NPNT/COL8A1/EMILIN1/TEK/ITGA3/EGFL6/FOXF1,18
GO_BP,,,GO:0051209,release of sequestered calcium ion into cytosol,18/1059,133/18860,0.135338345864662,2.41027497923278,3.98089411532387,0.000463173303957169,0.00521094135122938,0.00385562801486361,CCL21/ITPR3/JPH1/RYR2/F2RL3/PLN/APLNR/BDKRB1/PRKD1/SNCA/HAP1/PLCB4/NTSR1/JPH2/CACNA1C/PLCE1/JPH3/TGFB1,18
GO_BP,,,GO:0046545,development of primary female sexual characteristics,16/1059,111/18860,0.144144144144144,2.56709967758126,4.03881691376066,0.000463992455056996,0.00521094135122938,0.00385562801486361,WNT4/PDGFRA/EREG/INHA/SFRP1/PGR/MMP2/TNFAIP6/BMPR1B/PTX3/SLIT3/FOXC1/PCYT1B/KIT/ZFPM2/DACH1,16
GO_BP,,,GO:0030850,prostate gland development,10/1059,51/18860,0.196078431372549,3.49201059082745,4.34647542780491,0.000464009450973792,0.00521094135122938,0.00385562801486361,FGFR2/BMP7/SULF1/SOX9/SFRP1/TNC/MMP2/ID4/GLI1/CRIP1,10
GO_BP,,,GO:0001843,neural tube closure,14/1059,90/18860,0.155555555555556,2.77032840205645,4.10608623042427,0.000471793497375851,0.0052524727601528,0.00388635752282557,SPINT1/SFRP2/SPINT2/GRHL2/CTHRC1/VANGL2/PTK7/SFRP1/ST14/PRICKLE1/TGFB2/LHX2/TWIST1/TGFB1,14
GO_BP,,,GO:0034505,tooth mineralization,8/1059,34/18860,0.235294117647059,4.19041270899295,4.54142773804719,0.000471930718349407,0.0052524727601528,0.00388635752282557,CFTR/ITGB6/COL1A1/ASPN/TBX1/FGFR1/MSX2/TGFB1,8
GO_BP,,,GO:0060603,mammary gland duct morphogenesis,8/1059,34/18860,0.235294117647059,4.19041270899295,4.54142773804719,0.000471930718349407,0.0052524727601528,0.00388635752282557,FGFR2/WNT4/PGR/TFAP2C/DDR1/CCL11/MSX2/TGFB1,8
GO_BP,,,GO:0061037,negative regulation of cartilage development,8/1059,34/18860,0.235294117647059,4.19041270899295,4.54142773804719,0.000471930718349407,0.0052524727601528,0.00388635752282557,EFEMP1/GREM1/PTHLH/SOX9/TGFB2/CTSK/FRZB/GLI3,8
GO_BP,,,GO:0030193,regulation of blood coagulation,12/1059,70/18860,0.171428571428571,3.05301497369486,4.1972308575734,0.00047859869303054,0.00531479575407798,0.00393247093404088,PDGFRA/F2RL1/FAP/SERPINE2/C1QTNF1/EMILIN1/F3/THBS1/ANGPT1/PLAT/PDGFA/EDN1,12
GO_BP,,,GO:0033690,positive regulation of osteoblast proliferation,5/1059,13/18860,0.384615384615385,6.8497130820077,5.14600538483589,0.000487027521431078,0.00536053521929118,0.00396631402525496,CTHRC1/TMEM119/LTF/FBLN5/SOX8,5
GO_BP,,,GO:0042045,epithelial fluid transport,5/1059,13/18860,0.384615384615385,6.8497130820077,5.14600538483589,0.000487027521431078,0.00536053521929118,0.00396631402525496,CFTR/SLC5A1/PKP1/AQP1/EDN1,5
GO_BP,,,GO:1900115,extracellular regulation of signal transduction,5/1059,13/18860,0.384615384615385,6.8497130820077,5.14600538483589,0.000487027521431078,0.00536053521929118,0.00396631402525496,GREM1/LTBP1/FBN1/NBL1/FBN2,5
GO_BP,,,GO:1900116,extracellular negative regulation of signal transduction,5/1059,13/18860,0.384615384615385,6.8497130820077,5.14600538483589,0.000487027521431078,0.00536053521929118,0.00396631402525496,GREM1/LTBP1/FBN1/NBL1/FBN2,5
GO_BP,,,GO:0090257,regulation of muscle system process,29/1059,266/18860,0.109022556390977,1.94161039993752,3.77233941906155,0.000492377980264589,0.00540746236604047,0.0040010358940055,GATA5/HAND2/JPH1/ADORA1/RYR2/TRPV4/ADRA2A/PDE9A/RGS4/NPNT/PLN/APLNR/HCN4/PRKD1/IGFBP5/NR4A3/CNN1/MYOCD/MYL3/KLF4/PI16/JPH2/KIT/CACNA1C/TACR2/KCNQ1/EDN1/GJA5/JPH3,29
GO_BP,,,GO:0031345,negative regulation of cell projection organization,23/1059,192/18860,0.119791666666667,2.13340022033365,3.85008325773344,0.00049660410459164,0.00543068482522321,0.00401821842556056,CCL21/STMN2/SPOCK1/PTPRS/TACSTD2/PLXNB3/TRPV4/LPAR1/BCL11A/RTN4RL1/ITGA3/STMN3/CRMP1/RAP1GAP/EFNB3/FAT3/ULK2/SEMA5A/NLGN1/PLXNA3/SEMA6D/DPYSL3/NFATC4,23
GO_BP,,,GO:0016358,dendrite development,27/1059,241/18860,0.112033195020747,1.9952276280371,3.79260732313855,0.000496675697583229,0.00543068482522321,0.00401821842556056,CTNND2/KNDC1/DCDC2/VLDLR/PTPRS/SDK1/BMP7/LPAR1/EPHB3/TPBG/OBSL1/BCL11A/TNIK/PTN/PRICKLE1/BMP5/MARK1/MAP6/FAT3/TANC2/MAP1A/DBN1/NLGN1/ZDHHC15/EPHB1/NCK2/NFATC4,27
GO_BP,,,GO:0051283,negative regulation of sequestering of calcium ion,18/1059,134/18860,0.134328358208955,2.39228785252209,3.94497298822506,0.000507566986000062,0.00552932565530227,0.00409120376971003,CCL21/ITPR3/JPH1/RYR2/F2RL3/PLN/APLNR/BDKRB1/PRKD1/SNCA/HAP1/PLCB4/NTSR1/JPH2/CACNA1C/PLCE1/JPH3/TGFB1,18
GO_BP,,,GO:0051047,positive regulation of secretion,34/1059,331/18860,0.102719033232628,1.82934935483227,3.71287755923631,0.00050903138696049,0.00552932565530227,0.00409120376971003,PDX1/CFTR/PTGES/ANKRD1/INHA/F2RL1/ADORA1/ACHE/F2RL2/GAL/C1QTNF1/CXCL12/PLA2R1/SCIN/RAB27B/RAB3D/TGFB2/SOX11/PRKD1/TMEM132A/GABBR1/GIPR/PLA2G4A/SNCA/AQP1/SLC12A2/FGFR1/NTSR1/NLGN1/TACR2/NEGR1/TRPA1/EDN1/TGFB1,34
GO_BP,,,GO:0070371,ERK1 and ERK2 cascade,34/1059,331/18860,0.102719033232628,1.82934935483227,3.71287755923631,0.00050903138696049,0.00552932565530227,0.00409120376971003,FGFR2/WNK2/CCL21/PDGFRA/PKHD1/HAND2/F2RL1/SOX9/TRPV4/ARHGAP8/FBLN1/TPBG/NPNT/EMILIN1/SEMA6A/CCL11/BMPER/TNFAIP8L3/TEK/NDRG4/FGF1/PSCA/GPBAR1/ANGPT1/KLF4/NPY5R/GSTP1/PLA2G5/PTPRR/EPHB1/PDGFA/EDN1/PDGFD/TGFB1,34
GO_BP,,,GO:0045926,negative regulation of growth,26/1059,229/18860,0.11353711790393,2.02201137268,3.79525094441374,0.000510789925703329,0.00553633960865809,0.0040963934644755,PTPRS/SFRP2/PTK6/GDF2/SERPINE2/CRYAB/SFRP1/RGS4/KCNK2/BCL11A/TMPRSS4/TGFB2/BDKRB1/WFDC1/IGFBP5/SLIT3/DACT3/ULK2/SEMA5A/PI16/FRZB/PLXNA3/STC2/RERG/SEMA6D/TGFB1,26
GO_BP,,,GO:0042552,myelination,20/1059,157/18860,0.127388535031847,2.26869477875414,3.89346658726332,0.000513747630528599,0.0055562923084343,0.00411115666809728,TMEM163/FA2H/NTRK2/CNTN1/LPAR1/PTN/ID4/GPC1/EGR2/MARVELD1/PTPRZ1/ITGB4/TSPAN2/JAM2/NFASC/NTRK3/TNFRSF21/CLDN5/DHH/TGFB1,20
GO_BP,,,GO:0060350,endochondral bone morphogenesis,11/1059,61/18860,0.180327868852459,3.21150482205607,4.21959281779152,0.000521906032566595,0.00562009201735673,0.00415836271561946,COMP/SOX9/TRPV4/COL1A1/TMEM119/COL3A1/GALNT3/BMPR1B/FOXC1/COL13A1/MMP16,11
GO_BP,,,GO:0071715,icosanoid transport,11/1059,61/18860,0.180327868852459,3.21150482205607,4.21959281779152,0.000521906032566595,0.00562009201735673,0.00415836271561946,PTGES/SLCO2A1/ABCC4/PLA2R1/BDKRB2/PTGS2/PLA2G4F/PLA2G4A/NTSR1/PLA2G5/EDN1,11
GO_BP,,,GO:0055013,cardiac muscle cell development,14/1059,91/18860,0.153846153846154,2.73988523280308,4.05794205516364,0.000529296257536846,0.00567510534751252,0.00419906763295452,PDGFRA/NEBL/FHOD3/COL14A1/SGCD/OBSL1/MYH11/RGS4/PRICKLE1/FHL2/ACTC1/SGCB/PI16/EDN1,14
GO_BP,,,GO:0060606,tube closure,14/1059,91/18860,0.153846153846154,2.73988523280308,4.05794205516364,0.000529296257536846,0.00567510534751252,0.00419906763295452,SPINT1/SFRP2/SPINT2/GRHL2/CTHRC1/VANGL2/PTK7/SFRP1/ST14/PRICKLE1/TGFB2/LHX2/TWIST1/TGFB1,14
GO_BP,,,GO:0001936,regulation of endothelial cell proliferation,22/1059,181/18860,0.121546961325967,2.16466070878917,3.84013958569546,0.000533755465177026,0.0057063494672862,0.00422218547201266,PLXNB3/SULF1/GDF2/COL4A3/NGFR/ALDH1A2/CXCL12/CCL11/CCL26/SCG2/F3/TEK/APLNR/THBS1/PRKD1/CCL2/FGF7/SEMA5A/FGFR1/EGR3/ECM1/NR4A1,22
GO_BP,,,GO:0086091,regulation of heart rate by cardiac conduction,9/1059,43/18860,0.209302325581395,3.72751828183675,4.36728783353545,0.000535651296728172,0.0057063494672862,0.00422218547201266,KCNH2/CACNA1D/KCNE4/HCN4/KCNA5/CACNA1C/SCN3B/KCNQ1/GJA5,9
GO_BP,,,GO:1904861,excitatory synapse assembly,9/1059,43/18860,0.209302325581395,3.72751828183675,4.36728783353545,0.000535651296728172,0.0057063494672862,0.00422218547201266,PTPRS/CSMD2/PTPN13/NPTX1/PRICKLE1/FGFR1/NLGN1/NTRK3/LRFN4,9
GO_BP,,,GO:0006692,prostanoid metabolic process,10/1059,52/18860,0.192307692307692,3.42485654100385,4.27072418102187,0.000545986110175693,0.00577778066720717,0.00427503813662491,PTGDS/PTGES/PTGIS/CTHRC1/ATP6V1B1/PTGS2/PLA2G4F/PLA2G4A/GSTP1/EDN1,10
GO_BP,,,GO:0043114,regulation of vascular permeability,10/1059,52/18860,0.192307692307692,3.42485654100385,4.27072418102187,0.000545986110175693,0.00577778066720717,0.00427503813662491,C2CD4A/TRPV4/BDKRB2/TEK/ANGPT1/C2CD4B/PTP4A3/TACR2/CLDN5/TGFB1,10
GO_BP,,,GO:0097120,receptor localization to synapse,13/1059,81/18860,0.160493827160494,2.85827533545507,4.0879111818855,0.000546997641001043,0.00577778066720717,0.00427503813662491,GPC4/OLFM1/NPTX1/DLG3/KIF5C/LRRC7/GRIP1/DBN1/NLGN1/TMEM108/CNIH3/CACNA2D2/GRIP2,13
GO_BP,,,GO:0007566,embryo implantation,12/1059,71/18860,0.169014084507042,3.01001476279775,4.13867857233993,0.000547001948593885,0.00577778066720717,0.00427503813662491,PTGIS/FBLN1/TIMP1/DDR1/MMP2/PTGS2/PCSK5/ITGB4/TEAD4/STC2/FBN2/TPPP3,12
GO_BP,,,GO:0001704,formation of primary germ layer,18/1059,135/18860,0.133333333333333,2.37456720176267,3.90937254251909,0.000555584552767427,0.00585600243647871,0.00433291521192617,FGFR2/COL11A1/SFRP2/BMP7/COL5A1/EYA2/MMP2/COL8A1/FZD7/ITGA3/NR4A3/COL12A1/FOXC1/ITGB4/SNAI1/KLF4/FGFR1/FOXF1,18
GO_BP,,,GO:0048675,axon extension,16/1059,113/18860,0.141592920353982,2.5216642850577,3.95710240737006,0.000567851723823367,0.00597264762372357,0.00441922216136712,PTPRS/PLXNA4/OLFM1/BCL11A/CXCL12/NDN/DCLK1/LHX2/SLIT3/ULK2/ISLR2/SEMA5A/PLXNA3/NTRK3/SEMA6D/EDN1,16
GO_BP,,,GO:0031099,regeneration,23/1059,194/18860,0.118556701030928,2.11140640362918,3.79518751958524,0.00057502758034123,0.00603536331687261,0.00446562613469527,PDX1/POSTN/PTPRS/LGR6/KLF5/TNC/MMP2/CXCL12/PTN/IL6/RTN4RL1/APOD/FZD7/NEFL/PTPRU/PRRX1/SULF2/GAP43/GLI1/KLF4/GSTP1/NTRK3/TGFB1,23
GO_BP,,,GO:0010464,regulation of mesenchymal cell proliferation,8/1059,35/18860,0.228571428571429,4.07068663159315,4.43493376624411,0.000581980865420904,0.00606992621691614,0.00449119957271742,FGFR2/SOX9/WNT2/TBX1/PRRX1/FGFR1/FOXF1/PDGFA,8
GO_BP,,,GO:0048333,mesodermal cell differentiation,8/1059,35/18860,0.228571428571429,4.07068663159315,4.43493376624411,0.000581980865420904,0.00606992621691614,0.00449119957271742,FGFR2/SFRP2/EYA2/ITGA3/ITGB4/KLF4/FGFR1/FOXF1,8
GO_BP,,,GO:0098868,bone growth,8/1059,35/18860,0.228571428571429,4.07068663159315,4.43493376624411,0.000581980865420904,0.00606992621691614,0.00449119957271742,FGFR2/COMP/EVC/SOX9/FBLN5/BNC2/MSX2/ECM1,8
GO_BP,,,GO:0030048,actin filament-based movement,19/1059,147/18860,0.129251700680272,2.30187636905565,3.86493160388313,0.000585257423255157,0.00609132987592972,0.00450703635569981,KCNH2/PDPN/MYO7B/ADORA1/RYR2/SGCD/KCNN2/SCN7A/CACNA1D/PLN/KCNE4/HCN4/LIMCH1/ACTC1/KCNA5/CACNA1C/SCN3B/KCNQ1/GJA5,19
GO_BP,,,GO:0055008,cardiac muscle tissue morphogenesis,11/1059,62/18860,0.17741935483871,3.1597063571842,4.15451029002063,0.000602789108897065,0.00626070107883695,0.00463235581543355,FGFR2/COL11A1/ANKRD1/RYR2/WNT2/TGFB2/FOXC1/MYL3/ACTC1/ZFPM2/TGFB1,11
GO_BP,,,GO:0051282,regulation of sequestering of calcium ion,18/1059,136/18860,0.132352941176471,2.35710714880853,3.87408715161628,0.000607465821734594,0.00629613013152001,0.00465857012852166,CCL21/ITPR3/JPH1/RYR2/F2RL3/PLN/APLNR/BDKRB1/PRKD1/SNCA/HAP1/PLCB4/NTSR1/JPH2/CACNA1C/PLCE1/JPH3/TGFB1,18
GO_BP,,,GO:0032890,regulation of organic acid transport,12/1059,72/18860,0.166666666666667,2.96820900220334,4.08114754969953,0.000623435278179055,0.00644821311630104,0.00477109786145564,PTGES/ADORA1/RGS4/PLA2R1/THBS1/GABBR1/PLA2G4A/SNCA/SLC12A2/NPY5R/NTSR1/EDN1,12
GO_BP,,,GO:0006029,proteoglycan metabolic process,16/1059,114/18860,0.140350877192982,2.49954442290807,3.9169007350524,0.000626843895067905,0.00645662190054415,0.00477731960564991,B3GNT3/B3GAT1/COL11A1/SULF1/VANGL2/CHST8/GALNT3/BMPR1B/DSEL/GPC1/FOXL1/SULF2/ANGPT1/CHST1/CHST6/XYLT1,16
GO_BP,,,GO:0042472,inner ear morphogenesis,16/1059,114/18860,0.140350877192982,2.49954442290807,3.9169007350524,0.000626843895067905,0.00645662190054415,0.00477731960564991,FGFR2/COL11A1/SOX9/CTHRC1/ALDH1A3/VANGL2/PTK7/ATP6V1B1/TBX1/MYO3A/NR4A3/PRRX1/FZD2/FGFR1/FRZB/KCNQ1,16
GO_BP,,,GO:0048013,ephrin receptor signaling pathway,10/1059,53/18860,0.188679245283019,3.36023660626793,4.19680532741308,0.000639591529838605,0.00655430081012051,0.00484959321512646,EPHA10/EPHB6/EPHB3/EPHA3/MMP2/EPHA6/EFNB3/NTRK3/EPHB1/NCK2,10
GO_BP,,,GO:1900047,negative regulation of hemostasis,10/1059,53/18860,0.188679245283019,3.36023660626793,4.19680532741308,0.000639591529838605,0.00655430081012051,0.00484959321512646,COMP/PDGFRA/FAP/SERPINE2/C1QTNF1/THBS1/ANGPT1/PLAT/PDGFA/EDN1,10
GO_BP,,,GO:0030501,positive regulation of bone mineralization,9/1059,44/18860,0.204545454545455,3.64280195724955,4.2806765742581,0.00064027943592333,0.00655430081012051,0.00484959321512646,WNT4/BMP7/TMEM119/LTF/OSR1/PTN/BMPR1B/PKDCC/FBN2,9
GO_BP,,,GO:0021953,central nervous system neuron differentiation,27/1059,245/18860,0.110204081632653,1.96265248308955,3.6991859893156,0.000641643550355265,0.00655477754213027,0.00484994595394437,KNDC1/FGFR2/WNT4/SPOCK1/LONRF2/NTRK2/SFRP2/MNX1/BRSK2/PLXNA4/EPHB3/WNT2/CDH11/SFRP1/MDGA1/TFAP2C/GLI2/EN2/BMPR1B/ID4/FAIM2/DYNC2H1/PLXNA3/EN1/EPHB1/BRSK1/GLI3,27
GO_BP,,,GO:0048660,regulation of smooth muscle cell proliferation,21/1059,172/18860,0.122093023255814,2.17438566440477,3.7737981059425,0.000666094791870357,0.00679061801138325,0.00502444669363813,FGFR2/OGN/EREG/ELN/MMP2/PDE1A/IL6/APOD/NDRG4/THBS1/IGFBP5/NR4A3/CNN1/MYOCD/KLF4/PTGIR/NPY5R/GSTP1/EDN1/PDGFD/TGFB1,21
GO_BP,,,GO:0007548,sex differentiation,31/1059,297/18860,0.104377104377104,1.85887836501623,3.63890665823103,0.00067499891577961,0.00686732025767599,0.0050811994585756,CNTFR/WNT4/PDGFRA/TESC/EREG/SFRP2/INHA/SOX9/STRA6/SFRP1/PGR/TFAP2C/OSR1/MMP2/TNFAIP6/PBX1/BMPR1B/BMP5/TGFB2/PTX3/FOXF2/SLIT3/MAMLD1/FOXC1/PCYT1B/TCF21/KIT/ZFPM2/SOX8/DHH/DACH1,31
GO_BP,,,GO:0046660,female sex differentiation,17/1059,126/18860,0.134920634920635,2.40283585892651,3.85355874137046,0.000682468377321205,0.0069291432187204,0.00512694289042374,WNT4/PDGFRA/EREG/INHA/STRA6/SFRP1/PGR/MMP2/TNFAIP6/BMPR1B/PTX3/SLIT3/FOXC1/PCYT1B/KIT/ZFPM2/DACH1,17
GO_BP,,,GO:0010718,positive regulation of epithelial to mesenchymal transition,11/1059,63/18860,0.174603174603175,3.10955228802254,4.09073558455315,0.000693850172575774,0.00701291461335654,0.00518892618945418,PDPN/BMP7/COL1A1/OLFM1/IL6/TGFB2/FOXC1/TWIST1/SNAI1/TNXB/TGFB1,11
GO_BP,,,GO:0086002,cardiac muscle cell action potential involved in contraction,11/1059,63/18860,0.174603174603175,3.10955228802254,4.09073558455315,0.000693850172575774,0.00701291461335654,0.00518892618945418,KCNH2/RYR2/KCNN2/SCN7A/CACNA1D/KCNE4/KCNA5/CACNA1C/SCN3B/KCNQ1/GJA5,11
GO_BP,,,GO:0048844,artery morphogenesis,13/1059,83/18860,0.156626506024096,2.78940123098627,3.98491245745116,0.000694948121484377,0.00701291461335654,0.00518892618945418,COMP/HAND2/STRA6/COL3A1/TBX1/TGFB2/FKBP10/PRRX1/MYOCD/FOXC1/FOXF1/EDN1/GJA5,13
GO_BP,,,GO:0060317,cardiac epithelial to mesenchymal transition,8/1059,36/18860,0.222222222222222,3.95761200293778,4.33233073341608,0.000711863422794657,0.00715007981060142,0.00529041610106811,WNT2/HAS2/OLFM1/TGFB2/TWIST1/HEYL/SNAI1/MSX2,8
GO_BP,,,GO:0098698,postsynaptic specialization assembly,8/1059,36/18860,0.222222222222222,3.95761200293778,4.33233073341608,0.000711863422794657,0.00715007981060142,0.00529041610106811,PTPRS/CSMD2/NPTX1/PRICKLE1/GAP43/FGFR1/NTRK3/LRFN4,8
GO_BP,,,GO:0001764,neuron migration,23/1059,197/18860,0.116751269035533,2.0792530066196,3.71407579592312,0.000712852178102171,0.00715007981060142,0.00529041610106811,DCDC2/DNER/SPOCK1/NTRK2/FLRT2/GPM6A/MDGA1/COL3A1/NRG3/CXCL12/SEMA6A/NDN/ITGA3/TNN/TWIST1/MARK1/FAT3/FGFR1/KIF26A/PLXNA3/NTRK3/FILIP1/KIRREL3,23
GO_BP,,,GO:0003272,endocardial cushion formation,7/1059,28/18860,0.25,4.45231350330501,4.45888354797153,0.000721087821267501,0.00718780162760294,0.00531832685357894,BMP7/BMP5/TGFB2/APLNR/HEYL/SNAI1/MSX2,7
GO_BP,,,GO:0010640,regulation of platelet-derived growth factor receptor signaling pathway,7/1059,28/18860,0.25,4.45231350330501,4.45888354797153,0.000721087821267501,0.00718780162760294,0.00531832685357894,APOD/F3/NDRG4/LOX/MYOCD/SNCA/PTGIR,7
GO_BP,,,GO:0010642,negative regulation of platelet-derived growth factor receptor signaling pathway,5/1059,14/18860,0.357142857142857,6.36044786186429,4.893736832872,0.000722701993290147,0.00718780162760294,0.00531832685357894,APOD/NDRG4/MYOCD/SNCA/PTGIR,5
GO_BP,,,GO:0010927,cellular component assembly involved in morphogenesis,18/1059,138/18860,0.130434782608696,2.32294617563739,3.80443972780826,0.000723836907623934,0.00718780162760294,0.00531832685357894,KRT19/FLNC/PDGFRA/NEBL/ANKRD1/CNTN1/FHOD3/OBSCN/OBSL1/MYH11/MYOM2/PLN/GPC1/PRKD1/ITGB4/ACTC1/EDN1/MYOM3,18
GO_BP,,,GO:0032989,cellular anatomical entity morphogenesis,18/1059,138/18860,0.130434782608696,2.32294617563739,3.80443972780826,0.000723836907623934,0.00718780162760294,0.00531832685357894,KRT19/FLNC/PDGFRA/NEBL/ANKRD1/CNTN1/FHOD3/OBSCN/OBSL1/MYH11/MYOM2/PLN/GPC1/PRKD1/ITGB4/ACTC1/EDN1/MYOM3,18
GO_BP,,,GO:0008589,regulation of smoothened signaling pathway,14/1059,94/18860,0.148936170212766,2.65244208707532,3.91732341783691,0.000738795904470654,0.0073217323202022,0.00541742352261245,FGFR2/DCDC2/EVC/HHIP/SERPINE2/SFRP1/RAB34/GAS1/PRRX1/GLIS2/GLI1/DYNC2H1/DHH/GLI3,14
GO_BP,,,GO:0031103,axon regeneration,10/1059,54/18860,0.185185185185185,3.29801000244815,4.12463657870921,0.000746054533514486,0.0073643279845924,0.00544894048391846,PTPRS/TNC/MMP2/PTN/RTN4RL1/APOD/NEFL/GAP43/KLF4/NTRK3,10
GO_BP,,,GO:0070169,positive regulation of biomineral tissue development,10/1059,54/18860,0.185185185185185,3.29801000244815,4.12463657870921,0.000746054533514486,0.0073643279845924,0.00544894048391846,CFTR/WNT4/BMP7/TMEM119/LTF/OSR1/PTN/BMPR1B/PKDCC/FBN2,10
GO_BP,,,GO:0030900,forebrain development,40/1059,419/18860,0.0954653937947494,1.70016744756277,3.53510081222113,0.000750910331053381,0.00739487086712847,0.00547153947047834,FGFR2/WNT4/PTPRS/NTRK2/WNT7B/APLP1/PLXNA4/ALDH1A3/LPAR1/EPHB3/MDGA1/COL3A1/CRTAC1/TFAP2C/GLI2/PCDH9/NRG3/ALDH1A2/CXCL12/RTN4RL1/FOS/ID4/VAX2/SLC6A3/NEFL/NR4A3/LHX2/ATP1B2/AQP1/HAP1/GLI1/SEMA5A/FGFR1/DYNC2H1/KIF26A/PLXNA3/TMEM108/FILIP1/KIRREL3/GLI3,40
GO_BP,,,GO:0071675,regulation of mononuclear cell migration,19/1059,150/18860,0.126666666666667,2.25583884167454,3.76641141293697,0.000752121539450654,0.00739487086712847,0.00547153947047834,CCL21/GREM1/TRPV4/EMILIN1/CXCL12/STK39/MMP28/APOD/BMP5/THBS1/LGALS3/CCL2/IL34/JAM2/NBL1/SPNS2/ECM1/PDGFD/TGFB1,19
GO_BP,,,GO:0071674,mononuclear cell migration,26/1059,235/18860,0.11063829787234,1.97038555039881,3.65102848803898,0.000755177901759469,0.00741027625493759,0.00548293807215377,CCL21/GREM1/TRPV4/RET/MMP2/CH25H/EMILIN1/CXCL12/IL6/CCL26/STK39/MMP28/APOD/BMP5/THBS1/LGALS3/CCL2/FUT4/IL34/SLC12A2/JAM2/NBL1/SPNS2/ECM1/PDGFD/TGFB1,26
GO_BP,,,GO:0030308,negative regulation of cell growth,21/1059,174/18860,0.120689655172414,2.14939272573345,3.71509570668983,0.000775449932561767,0.00759421931987164,0.00561903939943742,PTPRS/SFRP2/GDF2/SERPINE2/CRYAB/SFRP1/RGS4/BCL11A/TGFB2/BDKRB1/WFDC1/SLIT3/DACT3/ULK2/SEMA5A/PI16/FRZB/PLXNA3/RERG/SEMA6D/TGFB1,21
GO_BP,,,GO:0048678,response to axon injury,13/1059,84/18860,0.154761904761905,2.75619407347453,3.93455592061732,0.0007807254871165,0.00761590058510703,0.00563508158606068,PTPRS/KCNK2/TNC/MMP2/PTN/RTN4RL1/APOD/NEFL/GIPR/GAP43/KLF4/NTRK3/DPYSL3,13
GO_BP,,,GO:0060390,regulation of SMAD protein signal transduction,13/1059,84/18860,0.154761904761905,2.75619407347453,3.93455592061732,0.0007807254871165,0.00761590058510703,0.00563508158606068,GREM1/VEPH1/BMP7/GDF2/OVOL2/EMILIN1/CILP/PMEPA1/BMPER/BMP5/TGFB2/GDF6/TGFB1,13
GO_BP,,,GO:0044331,cell-cell adhesion mediated by cadherin,11/1059,64/18860,0.171875,3.06096553352219,4.02821931895773,0.000796057668163391,0.00775026790433047,0.00573450131953317,EPCAM/CDH17/CDH19/CDH11/CDH6/CDH3/PRKD1/PTPRU/FAT3/DCHS2/TGFB1,11
GO_BP,,,GO:0061180,mammary gland epithelium development,12/1059,74/18860,0.162162162162162,2.88798713727892,3.96901593223409,0.00080333733497653,0.00777951405828367,0.00575614084354784,FGFR2/WNT4/WNT7B/WNT2/PGR/TFAP2C/DDR1/ATP2C2/CCL11/FOXF1/MSX2/TGFB1,12
GO_BP,,,GO:0001502,cartilage condensation,6/1059,21/18860,0.285714285714286,5.08835828949143,4.57209013295789,0.000808443973494001,0.00777951405828367,0.00575614084354784,COL11A1/SOX9/BMPR1B/MGP/TGFB2/BARX2,6
GO_BP,,,GO:0048245,eosinophil chemotaxis,6/1059,21/18860,0.285714285714286,5.08835828949143,4.57209013295789,0.000808443973494001,0.00777951405828367,0.00575614084354784,CCL21/CCL11/CCL26/SCG2/LGALS3/CCL2,6
GO_BP,,,GO:0055081,monoatomic anion homeostasis,6/1059,21/18860,0.285714285714286,5.08835828949143,4.57209013295789,0.000808443973494001,0.00777951405828367,0.00575614084354784,CA12/STK39/ATP6V1B1/SLC12A8/SLC12A2/KCNQ1,6
GO_BP,,,GO:0060602,branch elongation of an epithelium,6/1059,21/18860,0.285714285714286,5.08835828949143,4.57209013295789,0.000808443973494001,0.00777951405828367,0.00575614084354784,FGFR2/SOX9/TFAP2C/TNC/FGF1/TGFB1,6
GO_BP,,,GO:0060973,cell migration involved in heart development,6/1059,21/18860,0.285714285714286,5.08835828949143,4.57209013295789,0.000808443973494001,0.00777951405828367,0.00575614084354784,HAND2/BMP7/SEMA3C/NDRG4/TWIST1/EDN1,6
GO_BP,,,GO:0098656,monoatomic anion transmembrane transport,19/1059,151/18860,0.125827814569536,2.24089951159722,3.73409110725456,0.000816151787986917,0.00783852344639945,0.00579980248443456,CFTR/CLDN4/GABRB3/GLRB/SLC1A7/OCA2/TMC4/SLC4A3/TTYH1/CLIC6/GABRP/ABCC4/SLC26A9/KCNK2/CLIC5/SLC12A8/ANO4/SLC12A2/TTYH2,19
GO_BP,,,GO:0055017,cardiac muscle tissue growth,14/1059,95/18860,0.147368421052632,2.62452164405348,3.8716681914646,0.000822607914266339,0.00788530707798658,0.00583441816487047,FGFR2/COL14A1/WNT2/RGS4/KCNK2/TGFB2/NDRG4/FOXC1/GLI1/FGFR1/FES/PI16/ZFPM2/EDN1,14
GO_BP,,,GO:0009952,anterior/posterior pattern specification,25/1059,224/18860,0.111607142857143,1.98763995683259,3.62686524917161,0.000833073365844792,0.00796978144050914,0.00589692159692366,SFRP2/SEMA3C/LEFTY1/VANGL2/HOXC6/WNT2/SFRP1/OSR1/BHLHE41/HES2/ALDH1A2/MEOX1/PBX1/HOXB9/PRICKLE1/TBX1/PCSK5/FOXC1/HEYL/DLL1/FOXF1/MSX2/HES4/EN1/GLI3,25
GO_BP,,,GO:0007229,integrin-mediated signaling pathway,16/1059,117/18860,0.136752136752137,2.4354535402694,3.79881049558298,0.000836226313958949,0.00796978144050914,0.00589692159692366,ITGB8/LAMA2/ITGBL1/COL16A1/CDH17/LAMA1/ITGB6/TIMP1/COL3A1/PTN/ITGA11/ITGA3/PRKD1/ITGA9/ITGB4/BST1,16
GO_BP,,,GO:0018958,phenol-containing compound metabolic process,16/1059,117/18860,0.136752136752137,2.4354535402694,3.79881049558298,0.000836226313958949,0.00796978144050914,0.00589692159692366,DUOX2/OCA2/HAND2/MOXD1/GRIN2A/DIO3/MDGA1/CDH3/TGFB2/SNCAIP/SLC6A3/SNCA/RNF180/CTSK/FOXE1/DUOXA1,16
GO_BP,,,GO:0003015,heart process,29/1059,275/18860,0.105454545454545,1.87806678684866,3.57764895454269,0.000841819522446672,0.00800774784736557,0.0059250133239328,CACNA1H/KCNH2/SLC4A3/JPH1/ADORA1/RYR2/DES/SGCD/KCNN2/RGS4/SCN7A/HSPB7/CACNA1D/PLN/KCNE4/TGFB2/KCND2/HCN4/ATP1B2/MYL3/ACTC1/KCNA5/JPH2/CACNA1C/SCN3B/KCNQ1/EDN1/GJA5/JPH3,29
GO_BP,,,GO:0051208,sequestering of calcium ion,18/1059,140/18860,0.128571428571429,2.28976123027115,3.73598844146586,0.000858835317500302,0.00815401852016031,0.00603324046865922,CCL21/ITPR3/JPH1/RYR2/F2RL3/PLN/APLNR/BDKRB1/PRKD1/SNCA/HAP1/PLCB4/NTSR1/JPH2/CACNA1C/PLCE1/JPH3/TGFB1,18
GO_BP,,,GO:0090183,regulation of kidney development,8/1059,37/18860,0.216216216216216,3.8506495163719,4.2333616945532,0.000864094794556559,0.00818832686270264,0.00605862555702113,WNT4/GREM1/TACSTD2/SOX9/RET/OSR1/SOX8/TGFB1,8
GO_BP,,,GO:0032330,regulation of chondrocyte differentiation,10/1059,55/18860,0.181818181818182,3.23804618422182,4.05414082628729,0.000866683921344282,0.00819724811537605,0.00606522648177097,EFEMP1/GREM1/PTHLH/SOX9/BMPR1B/SCIN/MBOAT2/GDF6/PKDCC/GLI3,10
GO_BP,,,GO:0048483,autonomic nervous system development,9/1059,46/18860,0.195652173913043,3.48441926345609,4.11479633355401,0.000899676306693607,0.00847848100156643,0.00627331352816246,HAND2/PLXNA4/RET/TBX1/EGR2/SOX11/KIF26A/PLXNA3/SOX8,9
GO_BP,,,GO:0048659,smooth muscle cell proliferation,21/1059,176/18860,0.119318181818182,2.12496780839557,3.6571823054325,0.000899971900312918,0.00847848100156643,0.00627331352816246,FGFR2/OGN/EREG/ELN/MMP2/PDE1A/IL6/APOD/NDRG4/THBS1/IGFBP5/NR4A3/CNN1/MYOCD/KLF4/PTGIR/NPY5R/GSTP1/EDN1/PDGFD/TGFB1,21
GO_BP,,,GO:0006833,water transport,7/1059,29/18860,0.241379310344828,4.2987854514669,4.33612195127464,0.000904939379262668,0.00847848100156643,0.00627331352816246,CFTR/SLC5A1/SLC4A11/HAS2/PKP1/SLC14A1/AQP1,7
GO_BP,,,GO:0097107,postsynaptic density assembly,7/1059,29/18860,0.241379310344828,4.2987854514669,4.33612195127464,0.000904939379262668,0.00847848100156643,0.00627331352816246,PTPRS/CSMD2/NPTX1/PRICKLE1/FGFR1/NTRK3/LRFN4,7
GO_BP,,,GO:1903055,positive regulation of extracellular matrix organization,7/1059,29/18860,0.241379310344828,4.2987854514669,4.33612195127464,0.000904939379262668,0.00847848100156643,0.00627331352816246,PDPN/SOX9/EMILIN1/IL6/TGFB2/TNXB/TGFB1,7
GO_BP,,,GO:1902893,regulation of miRNA transcription,12/1059,75/18860,0.16,2.8494806421152,3.91435249620553,0.000908387398959312,0.00849478817635823,0.0062853793711134,SOX9/NGFR/IL6/FOS/TGFB2/MYOCD/TWIST1/EGR1/KLF4/FOSL1/NFATC4/TGFB1,12
GO_BP,,,GO:0008306,associative learning,14/1059,96/18860,0.145833333333333,2.59718287692792,3.82659641381689,0.000914299853261519,0.00853403709188754,0.00631442003921306,NPTX2/B3GAT1/SNAP25/PPP1R1B/GRIN2A/TPBG/CLSTN2/PLN/FOS/NDRG4/MAP1A/NTSR1/KIT/BRSK1,14
GO_BP,,,GO:0008585,female gonad development,15/1059,107/18860,0.14018691588785,2.49662439437664,3.78664369499747,0.0009266025440718,0.0086326735145266,0.00638740212225327,WNT4/PDGFRA/EREG/INHA/SFRP1/PGR/MMP2/TNFAIP6/BMPR1B/PTX3/SLIT3/FOXC1/PCYT1B/KIT/ZFPM2,15
GO_BP,,,GO:0070372,regulation of ERK1 and ERK2 cascade,31/1059,303/18860,0.102310231023102,1.82206889244165,3.51852592368081,0.000940069090374305,0.00874176397123769,0.00646811925044553,FGFR2/WNK2/CCL21/PDGFRA/PKHD1/HAND2/F2RL1/TRPV4/ARHGAP8/FBLN1/TPBG/NPNT/EMILIN1/SEMA6A/BMPER/TNFAIP8L3/TEK/NDRG4/FGF1/PSCA/GPBAR1/ANGPT1/KLF4/NPY5R/GSTP1/PLA2G5/PTPRR/EPHB1/PDGFA/PDGFD/TGFB1,31
GO_BP,,,GO:0030856,regulation of epithelial cell differentiation,21/1059,177/18860,0.11864406779661,2.11296234055153,3.62851485829384,0.000968441656409541,0.00897822301896949,0.00664307768258901,ESRP1/PROM1/CD24/ETV4/BMP7/SFRP4/SOX9/GDF2/OVOL2/OSR1/CDKN1C/PKP1/FOXC1/DLL1/S1PR3/AJAP1/FRZB/ABCA12/MSX2/CLDN5/PRKX,21
GO_BP,,,GO:0045807,positive regulation of endocytosis,20/1059,165/18860,0.121212121212121,2.15869745614788,3.6461489070971,0.000969106685665651,0.00897822301896949,0.00664307768258901,HAMP/CCL21/GREM1/TUB/COLEC10/F2RL1/SFRP4/FCN3/COLEC11/SGIP1/APLNR/PTX3/CCL2/RAP1GAP/SNCA/ANGPT1/DLL1/NTF3/PLA2G5/NLGN1,20
GO_BP,,,GO:0045778,positive regulation of ossification,10/1059,56/18860,0.178571428571429,3.18022393093215,3.98524572669359,0.00100286907973974,0.00923939568834296,0.00683632197241689,WNT4/BMP7/TMEM119/LTF/OSR1/PTN/BMPR1B/SOX11/PKDCC/FBN2,10
GO_BP,,,GO:0099084,postsynaptic specialization organization,10/1059,56/18860,0.178571428571429,3.18022393093215,3.98524572669359,0.00100286907973974,0.00923939568834296,0.00683632197241689,PTPRS/CSMD2/NPTX1/PRICKLE1/GAP43/FGFR1/NLGN1/NTRK3/TMEM108/LRFN4,10
GO_BP,,,GO:1903539,protein localization to postsynaptic membrane,10/1059,56/18860,0.178571428571429,3.18022393093215,3.98524572669359,0.00100286907973974,0.00923939568834296,0.00683632197241689,GPC4/GRIN2A/OLFM1/NPTX1/LRRC7/GRIP1/TMEM108/CNIH3/CACNA2D2/GRIP2,10
GO_BP,,,GO:0007498,mesoderm development,18/1059,142/18860,0.126760563380282,2.25751107209831,3.66869306316054,0.00101481425098019,0.00933216432278453,0.00690496241984184,FGFR2/OVOL1/SFRP2/BMP7/OSR1/EYA2/TBX1/ITGA3/NR4A3/LHX2/FOXC1/ITGB4/SNAI1/KLF4/FGFR1/FOXF1/BMX/ZFPM2,18
GO_BP,,,GO:0002028,regulation of sodium ion transport,12/1059,76/18860,0.157894736842105,2.81198747577158,3.86058445959848,0.00102463153708439,0.00937048142829938,0.00693331363232223,FXYD2/PRSS8/WNK2/TESC/CNTN1/SERPINE2/ANK3/OSR1/STK39/ATP1B2/SCN3B/TGFB1,12
GO_BP,,,GO:0050818,regulation of coagulation,12/1059,76/18860,0.157894736842105,2.81198747577158,3.86058445959848,0.00102463153708439,0.00937048142829938,0.00693331363232223,PDGFRA/F2RL1/FAP/SERPINE2/C1QTNF1/EMILIN1/F3/THBS1/ANGPT1/PLAT/PDGFA/EDN1,12
GO_BP,,,GO:0061614,miRNA transcription,12/1059,76/18860,0.157894736842105,2.81198747577158,3.86058445959848,0.00102463153708439,0.00937048142829938,0.00693331363232223,SOX9/NGFR/IL6/FOS/TGFB2/MYOCD/TWIST1/EGR1/KLF4/FOSL1/NFATC4/TGFB1,12
GO_BP,,,GO:0061307,cardiac neural crest cell differentiation involved in heart development,5/1059,15/18860,0.333333333333333,5.93641800440667,4.66492425540299,0.00103419346546691,0.00940605574167798,0.00695963542526271,HAND2/BMP7/SEMA3C/TWIST1/EDN1,5
GO_BP,,,GO:0061308,cardiac neural crest cell development involved in heart development,5/1059,15/18860,0.333333333333333,5.93641800440667,4.66492425540299,0.00103419346546691,0.00940605574167798,0.00695963542526271,HAND2/BMP7/SEMA3C/TWIST1/EDN1,5
GO_BP,,,GO:1900748,positive regulation of vascular endothelial growth factor signaling pathway,5/1059,15/18860,0.333333333333333,5.93641800440667,4.66492425540299,0.00103419346546691,0.00940605574167798,0.00695963542526271,GREM1/CCBE1/ADAMTS3/SMOC2/TNXB,5
GO_BP,,,GO:0006023,aminoglycan biosynthetic process,8/1059,38/18860,0.210526315789474,3.74931663436211,4.13779322041464,0.00104136350790591,0.00941960627605799,0.00696966160219514,B3GNT3/B3GAT1/HAS2/HAS1/GALNT5/B3GNT8/TGFB1/XYLT1,8
GO_BP,,,GO:0032414,positive regulation of ion transmembrane transporter activity,8/1059,38/18860,0.210526315789474,3.74931663436211,4.13779322041464,0.00104136350790591,0.00941960627605799,0.00696966160219514,WNK2/CFTR/TESC/GAL/HAP1/LRRC55/JPH2/EDN1,8
GO_BP,,,GO:0043268,positive regulation of potassium ion transport,8/1059,38/18860,0.210526315789474,3.74931663436211,4.13779322041464,0.00104136350790591,0.00941960627605799,0.00696966160219514,KCNH2/ADORA1/ADRA2A/GAL/STK39/ATP1B2/LRRC55/KCNQ1,8
GO_BP,,,GO:0097106,postsynaptic density organization,9/1059,47/18860,0.191489361702128,3.41028268338256,4.03527365482454,0.00105815346287698,0.0095467073784511,0.00706370498861539,PTPRS/CSMD2/NPTX1/PRICKLE1/FGFR1/NLGN1/NTRK3/TMEM108/LRFN4,9
GO_BP,,,GO:0019370,leukotriene biosynthetic process,6/1059,22/18860,0.272727272727273,4.85706927633273,4.41505881706925,0.00105925275837287,0.0095467073784511,0.00706370498861539,GGT6/GGT1/GGT5/PLA2G4A/PLA2G5/LTC4S,6
GO_BP,,,GO:0007369,gastrulation,23/1059,203/18860,0.113300492610837,2.01779725272936,3.55609617241695,0.00107644580028931,0.00968411908940199,0.00716537729820444,FGFR2/COL11A1/SFRP2/BMP7/VANGL2/SFRP1/COL5A1/OSR1/EYA2/MMP2/COL8A1/PRICKLE1/FZD7/APLNR/ITGA3/NR4A3/COL12A1/FOXC1/ITGB4/SNAI1/KLF4/FGFR1/FOXF1,23
GO_BP,,,GO:0032412,regulation of monoatomic ion transmembrane transporter activity,13/1059,87/18860,0.149425287356322,2.66115289852713,3.78780405617463,0.00109315013461203,0.00981664606443112,0.00726343534246298,WNK2/CFTR/TESC/GPR35/ANK3/GAL/PLN/HAP1/LRRC55/JPH2/CNIH3/KCNQ1/EDN1,13
GO_BP,,,GO:0055006,cardiac cell development,14/1059,98/18860,0.142857142857143,2.54417914474572,3.73814604665839,0.00112365199179454,0.0100235053215712,0.00741649259127948,PDGFRA/NEBL/FHOD3/COL14A1/SGCD/OBSL1/MYH11/RGS4/PRICKLE1/FHL2/ACTC1/SGCB/PI16/EDN1,14
GO_BP,,,GO:0003338,metanephros morphogenesis,7/1059,30/18860,0.233333333333333,4.15549260308467,4.21878840805536,0.0011238019131471,0.0100235053215712,0.00741649259127948,FRAS1/WNT4/GREM1/WNT7B/SOX9/KIF26B/SOX8,7
GO_BP,,,GO:0003416,endochondral bone growth,7/1059,30/18860,0.233333333333333,4.15549260308467,4.21878840805536,0.0011238019131471,0.0100235053215712,0.00741649259127948,FGFR2/COMP/EVC/SOX9/BNC2/MSX2/ECM1,7
GO_BP,,,GO:0150115,cell-substrate junction organization,15/1059,109/18860,0.137614678899083,2.45081477246147,3.70508444973602,0.00112424441596719,0.0100235053215712,0.00741649259127948,WNT4/GREM1/COL16A1/EPHA3/CDH11/SFRP1/PRICKLE1/APOD/TEK/THBS1/CORO2B/ITGB4/LIMCH1/COL17A1/STON1,15
GO_BP,,,GO:0001707,mesoderm formation,12/1059,77/18860,0.155844155844156,2.77546815790442,3.80768384513784,0.00115297193572338,0.0102246619968339,0.00756533044230167,FGFR2/SFRP2/BMP7/EYA2/ITGA3/NR4A3/FOXC1/ITGB4/SNAI1/KLF4/FGFR1/FOXF1,12
GO_BP,,,GO:0003281,ventricular septum development,12/1059,77/18860,0.155844155844156,2.77546815790442,3.80768384513784,0.00115297193572338,0.0102246619968339,0.00756533044230167,FGFR2/STRA6/VANGL2/PTK7/TGFB2/APLNR/SOX11/SLIT3/HEYL/FZD2/ZFPM2/GJA5,12
GO_BP,,,GO:0030514,negative regulation of BMP signaling pathway,12/1059,77/18860,0.155844155844156,2.77546815790442,3.80768384513784,0.00115297193572338,0.0102246619968339,0.00756533044230167,GREM1/CHRDL1/SFRP2/HTRA3/CHRDL2/SFRP1/TNFAIP6/FSTL3/BMPER/FBN1/NBL1/HTRA1,12
GO_BP,,,GO:0010977,negative regulation of neuron projection development,17/1059,132/18860,0.128787878787879,2.29361604715712,3.63774095696316,0.00115904313279703,0.0102602127858811,0.0075916348293523,STMN2/SPOCK1/PTPRS/TRPV4/LPAR1/BCL11A/RTN4RL1/STMN3/CRMP1/EFNB3/FAT3/ULK2/SEMA5A/NLGN1/PLXNA3/SEMA6D/DPYSL3,17
GO_BP,,,GO:0019229,regulation of vasoconstriction,11/1059,67/18860,0.164179104477612,2.92390737530478,3.84776565829122,0.00118012241725062,0.0104282575947102,0.00771597287674191,SVEP1/ADRA2A/MMP2/BDKRB2/ITGA9/OXTR/HRH2/KCNA5/KCNMB4/EDN1/GJA5,11
GO_BP,,,GO:0030216,keratinocyte differentiation,21/1059,180/18860,0.116666666666667,2.07774630154234,3.54363896141664,0.00120138634672298,0.0105973352392674,0.00784107512969439,KRT7/ETV4/KRT80/KRT17/KRT5/EREG/CYP26B1/GRHL2/KRT86/KRT6B/OVOL2/TFAP2C/ST14/CNFN/KRT81/CDH3/PKP1/CDSN/FOXC1/ABCA12/MSX2,21
GO_BP,,,GO:0030177,positive regulation of Wnt signaling pathway,19/1059,156/18860,0.121794871794872,2.16907580930244,3.57620854540453,0.00121120675797079,0.0106650506564685,0.00789117844922934,FGFR2/WNK2/SFRP2/LGR6/SULF1/SFRP4/RSPO3/COL1A1/PTK7/SFRP1/DKK2/EDA/CDH3/DACT1/TMEM132A/SULF2/SEMA5A/GPRC5B/TGFB1,19
GO_BP,,,GO:0045055,regulated exocytosis,25/1059,230/18860,0.108695652173913,1.93578847969783,3.4827339153266,0.00121662271198065,0.0106874574733174,0.00790775747880263,PTGDS/SYT13/SYT3/SNAP25/TRPV6/F2RL1/ADRA2A/ANXA3/UNC13A/ABCC4/FCER1A/SCIN/SYN1/RAB3D/SYT2/NR4A3/SNCA/SV2A/FES/KIT/FOXF1/NLGN1/ABCA12/SNPH/BRSK1,25
GO_BP,,,GO:0022898,regulation of transmembrane transporter activity,13/1059,88/18860,0.147727272727273,2.63091252468023,3.74026041942263,0.00121804791705949,0.0106874574733174,0.00790775747880263,WNK2/CFTR/TESC/GPR35/ANK3/GAL/PLN/HAP1/LRRC55/JPH2/CNIH3/KCNQ1/EDN1,13
GO_BP,,,GO:0006939,smooth muscle contraction,15/1059,110/18860,0.136363636363636,2.42853463816637,3.66497985721554,0.0012356790953114,0.0107851684342084,0.00798005480336983,COMP/SULF1/ADRA2A/MYH11/NPNT/BDKRB2/CNN1/MYOCD/PTGER3/SULF2/KIT/TACR2/TRPA1/GRIP2/EDN1,15
GO_BP,,,GO:0007044,cell-substrate junction assembly,14/1059,99/18860,0.141414141414141,2.51848036550586,3.69474012018067,0.00124254632397301,0.0107851684342084,0.00798005480336983,WNT4/GREM1/COL16A1/EPHA3/CDH11/SFRP1/APOD/TEK/THBS1/CORO2B/ITGB4/LIMCH1/COL17A1/STON1,14
GO_BP,,,GO:0061337,cardiac conduction,14/1059,99/18860,0.141414141414141,2.51848036550586,3.69474012018067,0.00124254632397301,0.0107851684342084,0.00798005480336983,KCNH2/SLC4A3/RYR2/KCNN2/CACNA1D/PLN/KCNE4/HCN4/ATP1B2/KCNA5/CACNA1C/SCN3B/KCNQ1/GJA5,14
GO_BP,,,GO:0072657,protein localization to membrane,42/1059,458/18860,0.091703056768559,1.63316303178,3.3458070042541,0.001243057503306,0.0107851684342084,0.00798005480336983,ANXA13/CD24/GLRB/PKP3/TESC/GPC4/CHRDL1/GRIN2A/TUB/KCNIP3/NKD2/ARHGEF16/LRRC15/DPP10/LPAR1/EPHA3/TPBG/ANK3/OLFM1/ATP2C2/TNFAIP6/RAB34/NPTX1/PTN/DLG3/PKP1/GPC1/ITGA3/LRRC7/LGALS3/GRIP1/PKDCC/PALM/NLGN1/ABCA12/TMEM108/ZDHHC15/CNIH3/CACNA2D2/GRIP2/SCN3B/TGFB1,42
GO_BP,,,GO:0038179,neurotrophin signaling pathway,8/1059,39/18860,0.205128205128205,3.65318031040411,4.04541268626359,0.00124652700495876,0.0107851684342084,0.00798005480336983,NTRK2/NDN/HAP1/NTF3/DOK5/NTRK3/TMEM108/BDNF,8
GO_BP,,,GO:0042044,fluid transport,8/1059,39/18860,0.205128205128205,3.65318031040411,4.04541268626359,0.00124652700495876,0.0107851684342084,0.00798005480336983,CFTR/SLC5A1/SLC4A11/HAS2/PKP1/SLC14A1/AQP1/EDN1,8
GO_BP,,,GO:0045880,positive regulation of smoothened signaling pathway,8/1059,39/18860,0.205128205128205,3.65318031040411,4.04541268626359,0.00124652700495876,0.0107851684342084,0.00798005480336983,DCDC2/EVC/SFRP1/RAB34/PRRX1/GLI1/DYNC2H1/DHH,8
GO_BP,,,GO:0071604,transforming growth factor beta production,8/1059,39/18860,0.205128205128205,3.65318031040411,4.04541268626359,0.00124652700495876,0.0107851684342084,0.00798005480336983,LUM/CD24/ITGB6/FBLN1/COL3A1/TGFB2/PTGS2/THBS1,8
GO_BP,,,GO:0098739,import across plasma membrane,24/1059,218/18860,0.110091743119266,1.96065181796918,3.47963038184684,0.00126635362591137,0.0109376897376893,0.00809290685272669,FXYD2/CACNA1H/KCNJ16/SLC5A1/SLC9A3/KCNH2/TRPV6/TRPV4/RGS4/KCNK5/SLC6A20/KCNJ11/SLC7A1/CACNA1D/STK39/THBS1/HCN4/ATP1B2/SLC12A8/SLC12A2/NTSR1/SLC9A2/CACNA1C/KCNQ1,24
GO_BP,,,GO:0048167,regulation of synaptic plasticity,25/1059,231/18860,0.108225108225108,1.92740844298918,3.45913390514389,0.00129350140534665,0.0111408681690668,0.00824324062147088,SCTR/GRID1/SNAP25/SORCS2/NTRK2/CHRDL1/GRIN2A/ITPR3/ADORA1/SERPINE2/PDE9A/SHISA9/PTN/SNCA/CNTN4/SLITRK4/MAP1A/DBN1/KIT/GRIN2D/CALB2/IGSF11/JPH3/BRSK1/NFATC4,25
GO_BP,,,GO:0050772,positive regulation of axonogenesis,12/1059,78/18860,0.153846153846154,2.73988523280308,3.7556239118701,0.00129435614104937,0.0111408681690668,0.00824324062147088,NTRK2/PLXNB3/BCL11A/CXCL12/CRABP2/TIAM2/NEFL/MAP6/ISLR2/SEMA5A/NTRK3/BDNF,12
GO_BP,,,GO:0051147,regulation of muscle cell differentiation,20/1059,169/18860,0.118343195266272,2.10760402523314,3.52774121606452,0.00130465127417094,0.0112100865094998,0.00829445596904965,FGFR2/LAMA2/EREG/CYP26B1/LAMA1/TMEM119/RGS4/BHLHE41/TBX1/FZD7/PRKD1/MYOCD/SMARCD3/MAPK12/DLL1/PI16/KIT/EDN1/BDNF/TGFB1,20
GO_BP,,,GO:0046847,filopodium assembly,11/1059,68/18860,0.161764705882353,2.88090873743265,3.78983924363534,0.00133777577728539,0.0114748870551634,0.00849038456110162,CCL21/TTYH1/ARHGEF4/GPM6A/MYO3A/GAP43/ITGB4/MYO10/PALM/NLGN1/DPYSL3,11
GO_BP,,,GO:0090100,positive regulation of transmembrane receptor protein serine/threonine kinase signaling pathway,15/1059,111/18860,0.135135135135135,2.40665594773244,3.62531236195037,0.00135625513285115,0.0116133722649475,0.00859285116329466,BMP7/SULF1/GDF2/NPNT/CDKN1C/BMPER/BMP5/TGFB2/THBS1/SOX11/GDF6/MYOCD/MSX2/TGFB1/ZNF423,15
GO_BP,,,GO:0032891,negative regulation of organic acid transport,6/1059,23/18860,0.260869565217391,4.64589235127479,4.26723932716091,0.00136568579191443,0.011654008258618,0.00862291814448814,ADORA1/RGS4/PLA2R1/THBS1/GABBR1/NPY5R,6
GO_BP,,,GO:0086012,membrane depolarization during cardiac muscle cell action potential,6/1059,23/18860,0.260869565217391,4.64589235127479,4.26723932716091,0.00136568579191443,0.011654008258618,0.00862291814448814,ANK3/CACNA1D/HCN4/CACNA1C/SCN3B/GJA5,6
GO_BP,,,GO:0003171,atrioventricular valve development,7/1059,31/18860,0.225806451612903,4.02144445459807,4.10645382832806,0.00138209573466843,0.0117336625938147,0.00868185518975301,OLFM1/TGFB2/APLNR/SLIT3/TWIST1/HEYL/GJA5,7
GO_BP,,,GO:0014047,glutamate secretion,7/1059,31/18860,0.225806451612903,4.02144445459807,4.10645382832806,0.00138209573466843,0.0117336625938147,0.00868185518975301,NTRK2/ADORA1/KCNK2/GABBR1/SNCA/NPY5R/NTSR1,7
GO_BP,,,GO:0086010,membrane depolarization during action potential,7/1059,31/18860,0.225806451612903,4.02144445459807,4.10645382832806,0.00138209573466843,0.0117336625938147,0.00868185518975301,KCNH2/ANK3/CACNA1D/HCN4/CACNA1C/SCN3B/GJA5,7
GO_BP,,,GO:0002076,osteoblast development,5/1059,16/18860,0.3125,5.56539187913126,4.45591210646342,0.00143519769481374,0.0120406551967932,0.00890900211016888,PTHLH/ACHE/GLI2/PTH1R/MSX2,5
GO_BP,,,GO:0003188,heart valve formation,5/1059,16/18860,0.3125,5.56539187913126,4.45591210646342,0.00143519769481374,0.0120406551967932,0.00890900211016888,SOX9/CDH11/OLFM1/TWIST1/GJA5,5
GO_BP,,,GO:0007158,neuron cell-cell adhesion,5/1059,16/18860,0.3125,5.56539187913126,4.45591210646342,0.00143519769481374,0.0120406551967932,0.00890900211016888,NRXN3/NCAM2/RET/CNTN4/NLGN1,5
GO_BP,,,GO:0060026,convergent extension,5/1059,16/18860,0.3125,5.56539187913126,4.45591210646342,0.00143519769481374,0.0120406551967932,0.00890900211016888,SFRP2/VANGL2/PTK7/SFRP1/FRZB,5
GO_BP,,,GO:0072077,renal vesicle morphogenesis,5/1059,16/18860,0.3125,5.56539187913126,4.45591210646342,0.00143519769481374,0.0120406551967932,0.00890900211016888,WNT4/GREM1/SOX9/KIF26B/SOX8,5
GO_BP,,,GO:1900006,positive regulation of dendrite development,5/1059,16/18860,0.3125,5.56539187913126,4.45591210646342,0.00143519769481374,0.0120406551967932,0.00890900211016888,VLDLR/BMP7/PTN/BMP5/ZDHHC15,5
GO_BP,,,GO:1903236,regulation of leukocyte tethering or rolling,5/1059,16/18860,0.3125,5.56539187913126,4.45591210646342,0.00143519769481374,0.0120406551967932,0.00890900211016888,CCL21/CHST4/SELP/CXCL12/FUT4,5
GO_BP,,,GO:0002673,regulation of acute inflammatory response,9/1059,49/18860,0.183673469387755,3.27108747181592,3.88249647484597,0.00144279254408507,0.0120636855576861,0.00892604250626357,PTGES/C2CD4A/ADORA1/IL6/PTGS2/PTGER3/C2CD4B/NPY5R/GSTP1,9
GO_BP,,,GO:0060976,coronary vasculature development,9/1059,49/18860,0.183673469387755,3.27108747181592,3.88249647484597,0.00144279254408507,0.0120636855576861,0.00892604250626357,HAND2/SGCD/PTK7/PRICKLE1/TBX1/APLNR/MYOCD/ADAMTS6/DYNC2H1,9
GO_BP,,,GO:0048332,mesoderm morphogenesis,12/1059,79/18860,0.151898734177215,2.70520314124861,3.70437908524972,0.00144977726730522,0.0121017481624891,0.00895420541110272,FGFR2/SFRP2/BMP7/EYA2/ITGA3/NR4A3/FOXC1/ITGB4/SNAI1/KLF4/FGFR1/FOXF1,12
GO_BP,,,GO:0006941,striated muscle contraction,23/1059,208/18860,0.110576923076923,1.96929251107721,3.42853771828287,0.00149199160292079,0.0124332633576732,0.00919949684459841,KCNH2/JPH1/ADORA1/RYR2/TRPV4/SGCD/KCNN2/SCN7A/CACNA1D/PLN/KCNE4/HCN4/PRKD1/CCDC78/MYL3/ACTC1/KCNA5/JPH2/CACNA1C/SCN3B/KCNQ1/GJA5/JPH3,23
GO_BP,,,GO:0061005,cell differentiation involved in kidney development,10/1059,59/18860,0.169491525423729,3.01851762935933,3.78750476715138,0.00151986455653089,0.012623249029618,0.00934006915769883,PROM1/CD24/WNT4/GREM1/OSR1/GLIS2/TCF21/PRKX/EDN1/GLI3,10
GO_BP,,,GO:0086065,cell communication involved in cardiac conduction,10/1059,59/18860,0.169491525423729,3.01851762935933,3.78750476715138,0.00151986455653089,0.012623249029618,0.00934006915769883,RYR2/KCNN2/CACNA1D/HCN4/ATP1B2/KCNA5/CACNA1C/SCN3B/KCNQ1/GJA5,10
GO_BP,,,GO:0001967,suckling behavior,4/1059,10/18860,0.4,7.12370160528801,4.72436510698933,0.00157970520815516,0.0129901378687139,0.00961153390677442,CNTFR/HAND2/GLS/DACH1,4
GO_BP,,,GO:0003149,membranous septum morphogenesis,4/1059,10/18860,0.4,7.12370160528801,4.72436510698933,0.00157970520815516,0.0129901378687139,0.00961153390677442,FGFR2/VANGL2/TGFB2/FZD2,4
GO_BP,,,GO:0014012,peripheral nervous system axon regeneration,4/1059,10/18860,0.4,7.12370160528801,4.72436510698933,0.00157970520815516,0.0129901378687139,0.00961153390677442,TNC/MMP2/APOD/NEFL,4
GO_BP,,,GO:0048865,stem cell fate commitment,4/1059,10/18860,0.4,7.12370160528801,4.72436510698933,0.00157970520815516,0.0129901378687139,0.00961153390677442,SFRP2/SOX9/SFRP1/EDN1,4
GO_BP,,,GO:0090184,positive regulation of kidney development,4/1059,10/18860,0.4,7.12370160528801,4.72436510698933,0.00157970520815516,0.0129901378687139,0.00961153390677442,WNT4/SOX9/RET/SOX8,4
GO_BP,,,GO:1903010,regulation of bone development,4/1059,10/18860,0.4,7.12370160528801,4.72436510698933,0.00157970520815516,0.0129901378687139,0.00961153390677442,TMEM119/LOX/TNN/GLI3,4
GO_BP,,,GO:0006022,aminoglycan metabolic process,12/1059,80/18860,0.15,2.671388101983,3.653924892015,0.00162027406318206,0.0132798409626536,0.00982588814523136,B3GNT3/B3GAT1/ITIH5/STAB2/HAS2/TNFAIP6/HAS1/FOXC1/GALNT5/B3GNT8/TGFB1/XYLT1,12
GO_BP,,,GO:0140962,multicellular organismal-level chemical homeostasis,12/1059,80/18860,0.15,2.671388101983,3.653924892015,0.00162027406318206,0.0132798409626536,0.00982588814523136,HAMP/CFTR/TRPV4/ITGB6/HAS2/ATP6V1B1/AQP1/ABCA3/CYBRD1/HEPH/ABCA12/TGFB1,12
GO_BP,,,GO:0045137,development of primary sexual characteristics,26/1059,248/18860,0.104838709677419,1.86709921106339,3.35261141812807,0.00165463924156912,0.0135391944519841,0.0100177864054141,WNT4/PDGFRA/TESC/EREG/SFRP2/INHA/SOX9/SFRP1/PGR/TFAP2C/OSR1/MMP2/TNFAIP6/BMPR1B/TGFB2/PTX3/SLIT3/MAMLD1/FOXC1/PCYT1B/TCF21/KIT/ZFPM2/SOX8/DHH/DACH1,26
GO_BP,,,GO:0003407,neural retina development,13/1059,91/18860,0.142857142857143,2.54417914474572,3.60149587687171,0.00166604776289928,0.0136101602962626,0.0100702947486973,PROM1/NTRK2/SAMD11/SDK1/SDK2/SOX9/DIO3/GPM6A/FOS/TGFB2/SMARCD3/FAT3/SOX8,13
GO_BP,,,GO:0045214,sarcomere organization,9/1059,50/18860,0.18,3.2056657223796,3.8090389058248,0.00167334198660404,0.013647338333369,0.0100978031529841,KRT19/FLNC/ANKRD1/FHOD3/OBSCN/MYOM2/PRKD1/EDN1/MYOM3,9
GO_BP,,,GO:0010575,positive regulation of vascular endothelial growth factor production,7/1059,32/18860,0.21875,3.89577431539188,3.99873585002716,0.00168448538302092,0.0136487211409268,0.0100988263062303,SULF1/CCBE1/IL6/CYP1B1/PTGS2/SULF2/TGFB1,7
GO_BP,,,GO:0050901,leukocyte tethering or rolling,7/1059,32/18860,0.21875,3.89577431539188,3.99873585002716,0.00168448538302092,0.0136487211409268,0.0100988263062303,CCL21/PODXL2/CHST4/SELP/CXCL12/FUT4/JAM2,7
GO_BP,,,GO:0090322,regulation of superoxide metabolic process,7/1059,32/18860,0.21875,3.89577431539188,3.99873585002716,0.00168448538302092,0.0136487211409268,0.0100988263062303,CRP/BMP7/F2RL1/FBLN5/GSTP1/BST1/TGFB1,7
GO_BP,,,GO:0099560,synaptic membrane adhesion,7/1059,32/18860,0.21875,3.89577431539188,3.99873585002716,0.00168448538302092,0.0136487211409268,0.0100988263062303,PTPRS/GPC4/MDGA1/CDH6/LRRC4C/ITGA3/LRFN4,7
GO_BP,,,GO:0120032,regulation of plasma membrane bounded cell projection assembly,23/1059,210/18860,0.10952380952381,1.95053734430505,3.37850466882565,0.00169309433034188,0.0136961695828469,0.0101339338865307,CCL21/DCDC2/TACSTD2/PLXNB3/F2RL1/EPS8L1/KLF5/LPAR1/GPM6A/TNIK/MAPK15/DZIP1/MYO3A/RAP1GAP/HAP1/GAP43/MYO10/PALM/KIT/NLGN1/SH3YL1/PLCE1/DPYSL3,23
GO_BP,,,GO:1902414,protein localization to cell junction,16/1059,125/18860,0.128,2.27958451369216,3.50092045623313,0.00170417362223332,0.0137634152120304,0.0101836896051776,GPC4/GRIN2A/OLFM1/NPTX1/RAB27B/DLG3/KIF5C/LRRC7/GRIP1/MAP1A/NLGN1/TMEM108/ZDHHC15/CNIH3/CACNA2D2/GRIP2,16
GO_BP,,,GO:0006636,unsaturated fatty acid biosynthetic process,10/1059,60/18860,0.166666666666667,2.96820900220334,3.72437175718391,0.00173377945688581,0.0139320817434521,0.0103084876713784,PTGDS/ELOVL7/PTGES/PTGIS/CTHRC1/SCD5/PTGS2/PLA2G4F/PLA2G4A/EDN1,10
GO_BP,,,GO:0072170,metanephric tubule development,6/1059,24/18860,0.25,4.45231350330501,4.12768566519689,0.00173535103872647,0.0139320817434521,0.0103084876713784,WNT4/WNT7B/SOX9/OSR1/AQP1/SOX8,6
GO_BP,,,GO:2001026,regulation of endothelial cell chemotaxis,6/1059,24/18860,0.25,4.45231350330501,4.12768566519689,0.00173535103872647,0.0139320817434521,0.0103084876713784,SMOC2/THBS1/PRKD1/FGF1/SEMA5A/FGFR1,6
GO_BP,,,GO:0001894,tissue homeostasis,28/1059,275/18860,0.101818181818182,1.81330586316422,3.3137830910514,0.00173905985179573,0.0139320817434521,0.0103084876713784,MUC6/PROM1/COMP/PKP3/LAMA2/TFF1/TUB/SOX9/COL14A1/TFF3/TMEM119/COL3A1/IL6/PTH1R/PRICKLE1/NPHP4/STK39/CDH3/PIWIL4/RAB3D/FOXC1/ATP1B2/ANGPT1/SLC12A2/JAM2/CTSK/CNGB1/CLDN5,28
GO_BP,,,GO:0060249,anatomical structure homeostasis,28/1059,275/18860,0.101818181818182,1.81330586316422,3.3137830910514,0.00173905985179573,0.0139320817434521,0.0103084876713784,MUC6/PROM1/COMP/PKP3/LAMA2/TFF1/TUB/SOX9/COL14A1/TFF3/TMEM119/COL3A1/IL6/PTH1R/PRICKLE1/NPHP4/STK39/CDH3/PIWIL4/RAB3D/FOXC1/ATP1B2/ANGPT1/SLC12A2/JAM2/CTSK/CNGB1/CLDN5,28
GO_BP,,,GO:0071711,basement membrane organization,8/1059,41/18860,0.195121951219512,3.47497639282342,3.86945524864587,0.00175278445622565,0.0140194576683643,0.0103731379986818,LAMA2/SPINT2/LAMA1/FLRT2/COL3A1/MMP11/HMCN1/PRICKLE1,8
GO_BP,,,GO:0043542,endothelial cell migration,30/1059,302/18860,0.0993377483443709,1.76913119336623,3.28642270031571,0.00178599117660695,0.0142392726019545,0.0105357812830542,DCN/GREM1/FAP/ANXA3/GDF2/CCBE1/PTN/SMOC2/SRPX2/CYP1B1/BMPER/SCG2/TEK/PTGS2/THBS1/PRKD1/FGF1/DNAJA4/ANGPT1/MMRN1/KLF4/SEMA5A/PTP4A3/FGFR1/EGR3/ID1/PRKX/NR4A1/EDN1/TGFB1,30
GO_BP,,,GO:0048511,rhythmic process,30/1059,302/18860,0.0993377483443709,1.76913119336623,3.28642270031571,0.00178599117660695,0.0142392726019545,0.0105357812830542,PTGDS/CLDN4/GABRB3/CA12/PDGFRA/NTRK2/EREG/ADORA1/HAS2/NGFR/PGR/BHLHE41/MMP2/TNFAIP6/PTN/BMPR1B/PLN/ID4/TGFB2/MAPK10/KCND2/PTX3/SLIT3/TWIST1/EGR1/NPY5R/EGR3/NLGN1/NTRK3/ID1,30
GO_BP,,,GO:0042542,response to hydrogen peroxide,14/1059,103/18860,0.135922330097087,2.42067530276777,3.52628056907379,0.00182863924847073,0.0145327160721117,0.0107529030635651,GATA5/MAPK13/COL1A1/CRYAB/MMP2/IL6/CYP1B1/NR4A3/AQP1/KLF4/KCNA5/TRPA1/EDN1/PDGFD,14
GO_BP,,,GO:0060419,heart growth,14/1059,103/18860,0.135922330097087,2.42067530276777,3.52628056907379,0.00182863924847073,0.0145327160721117,0.0107529030635651,FGFR2/COL14A1/WNT2/RGS4/KCNK2/TGFB2/NDRG4/FOXC1/GLI1/FGFR1/FES/PI16/ZFPM2/EDN1,14
GO_BP,,,GO:0033273,response to vitamin,13/1059,92/18860,0.141304347826087,2.51652502360718,3.5564737481831,0.00184268322636146,0.0146209713734422,0.0108182040503417,PDX1/POSTN/BMP7/CYP26B1/COL1A1/SFRP1/TNC/ALDH1A2/MN1/FES/GSTP1/STC2/TGFB1,13
GO_BP,,,GO:0045927,positive regulation of growth,27/1059,263/18860,0.102661596958175,1.82832645763095,3.29946155471392,0.0018485065968452,0.0146438221644982,0.0108351115809046,FGFR2/SYT3/KRT17/RASAL1/SFRP2/DIO3/UNC13A/WNT2/SFRP1/BCL11A/TFCP2L1/CXCL12/CRABP2/TGFB2/SYT2/SLC6A3/DLL1/GLI1/ISLR2/SEMA5A/FOXS1/FGFR1/NTRK3/ZFPM2/CACNA2D2/EDN1/BDNF,27
GO_BP,,,GO:0002688,regulation of leukocyte chemotaxis,16/1059,126/18860,0.126984126984127,2.2614925731073,3.4652918952268,0.00185278529422053,0.0146543828914899,0.010842925569223,CCL21/GREM1/F2RL1/TRPV4/TNFAIP6/CXCL12/PTN/IL6/STK39/MMP28/THBS1/CCL2/IL34/NBL1/BST1/EDN1,16
GO_BP,,,GO:0009101,glycoprotein biosynthetic process,30/1059,303/18860,0.099009900990099,1.76329247655644,3.26695778274444,0.00187894964762152,0.0148377372966938,0.0109785913412405,CCL21/B3GNT3/CHST4/B3GAT1/GFPT2/TUSC3/BACE2/VANGL2/GALNT12/CHST8/FUT3/GALNT3/A4GNT/BMPR1B/DSEL/FOXL1/FUT4/GALNT14/IL33/GALNT7/GALNT13/ANGPT1/GALNT5/CHST1/B3GNT8/B3GALT5/MGAT3/CHST6/MGAT5B/XYLT1,30
GO_BP,,,GO:0007043,cell-cell junction assembly,19/1059,162/18860,0.117283950617284,2.08873966821716,3.39444742505479,0.00189035479736572,0.0149041444007836,0.0110277266267211,CLDN4/CLDN10/PKP3/CDH17/GRHL2/TRPV4/GDF2/CDH19/CDH11/CLDN11/CDH6/NPHP4/CDH3/PKP1/APLNR/GPBAR1/SNAI1/CLDN5/GJA5,19
GO_BP,,,GO:0051651,maintenance of location in cell,23/1059,212/18860,0.108490566037736,1.93213604860406,3.32901854308334,0.00191691174363963,0.0150896138047582,0.0111649573076412,CCL21/ITPR3/JPH1/RYR2/MDFI/ANK3/PGR/F2RL3/PLN/APLNR/BDKRB1/PRKD1/SNCA/HAP1/PLCB4/KDELR3/NTSR1/DBN1/JPH2/CACNA1C/PLCE1/JPH3/TGFB1,23
GO_BP,,,GO:0007622,rhythmic behavior,9/1059,51/18860,0.176470588235294,3.14280953174471,3.7374114742835,0.00193248467281051,0.0151750345491295,0.0112281609771607,PTGDS/GABRB3/ADORA1/PLN/KCND2/EGR2/EGR1/NLGN1/KCNQ1,9
GO_BP,,,GO:0032305,positive regulation of icosanoid secretion,5/1059,17/18860,0.294117647058824,5.23801588624118,4.26380296419043,0.00193996421572791,0.0151750345491295,0.0112281609771607,PTGES/PLA2R1/PLA2G4A/NTSR1/EDN1,5
GO_BP,,,GO:0032310,prostaglandin secretion,5/1059,17/18860,0.294117647058824,5.23801588624118,4.26380296419043,0.00193996421572791,0.0151750345491295,0.0112281609771607,PTGES/ABCC4/PTGS2/PLA2G4A/EDN1,5
GO_BP,,,GO:0043117,positive regulation of vascular permeability,5/1059,17/18860,0.294117647058824,5.23801588624118,4.26380296419043,0.00193996421572791,0.0151750345491295,0.0112281609771607,TRPV4/ANGPT1/PTP4A3/TACR2/TGFB1,5
GO_BP,,,GO:0042733,embryonic digit morphogenesis,10/1059,61/18860,0.163934426229508,2.91954983823279,3.66253721448797,0.00197140169694841,0.015396740097831,0.0113922031467051,FREM2/HAND2/SFRP2/GRHL2/OSR1/PRICKLE1/TWIST1/MSX2/TMEM231/GLI3,10
GO_BP,,,GO:0046879,hormone secretion,32/1059,331/18860,0.0966767371601208,1.7217405692539,3.23112853173342,0.00198405515629158,0.015471276493026,0.0114473533765907,PDX1/CFTR/SNAP25/TRPV6/SSTR5/INHA/F2RL1/ADORA1/TRPV4/BRSK2/ADRA2A/ADCY5/F2RL2/GAL/C1QTNF1/KCNJ11/IL6/SOX11/PRKD1/GABBR1/GIPR/LTBP4/AQP1/FGFR1/KCNA5/ABCA12/TACR2/BMP8A/TRPA1/IL11/KCNQ1/EDN1,32
GO_BP,,,GO:0031424,keratinization,12/1059,82/18860,0.146341463414634,2.60623229461756,3.55529565882182,0.00201087720409198,0.0156558905952388,0.0115839512111188,KRT7/KRT80/KRT17/KRT5/CYP26B1/KRT86/KRT6B/CNFN/KRT81/CDH3/CDSN/ABCA12,12
GO_BP,,,GO:0010644,cell communication by electrical coupling,7/1059,33/18860,0.212121212121212,3.77772054825879,3.89529246144267,0.00203586244102709,0.0157680657418173,0.0116669507324274,RYR2/ANK3/ATP1B2/DBN1/CACNA1C/GJA5/GJC2,7
GO_BP,,,GO:0035115,embryonic forelimb morphogenesis,7/1059,33/18860,0.212121212121212,3.77772054825879,3.89529246144267,0.00203586244102709,0.0157680657418173,0.0116669507324274,OSR1/ALDH1A2/CRABP2/TWIST1/CACNA1C/MSX2/EN1,7
GO_BP,,,GO:0060219,camera-type eye photoreceptor cell differentiation,7/1059,33/18860,0.212121212121212,3.77772054825879,3.89529246144267,0.00203586244102709,0.0157680657418173,0.0116669507324274,PROM1/NTRK2/SAMD11/SDK2/SOX9/DIO3/SOX8,7
GO_BP,,,GO:0060491,regulation of cell projection assembly,23/1059,213/18860,0.107981220657277,1.92306498734301,3.30447678100215,0.00203796306974644,0.0157680657418173,0.0116669507324274,CCL21/DCDC2/TACSTD2/PLXNB3/F2RL1/EPS8L1/KLF5/LPAR1/GPM6A/TNIK/MAPK15/DZIP1/MYO3A/RAP1GAP/HAP1/GAP43/MYO10/PALM/KIT/NLGN1/SH3YL1/PLCE1/DPYSL3,23
GO_BP,,,GO:0032411,positive regulation of transporter activity,8/1059,42/18860,0.19047619047619,3.39223885966096,3.7855375994232,0.00206039117532077,0.0159121417606193,0.0117735540305497,WNK2/CFTR/TESC/GAL/HAP1/LRRC55/JPH2/EDN1,8
GO_BP,,,GO:0045216,cell-cell junction organization,24/1059,226/18860,0.106194690265487,1.89124821379328,3.28764530588044,0.00206298119308532,0.0159121417606193,0.0117735540305497,CLDN4/CLDN10/PKP3/PKHD1/SVEP1/CDH17/F2RL1/GRHL2/TRPV4/GDF2/CDH19/CDH11/CLDN11/CDH6/NPHP4/CDH3/PKP1/TGFB2/APLNR/GPBAR1/SNAI1/CLDN5/GJA5/TGFB1,24
GO_BP,,,GO:0022617,extracellular matrix disassembly,11/1059,72/18860,0.152777777777778,2.72085825201973,3.56825745169768,0.00215065756594464,0.0165627266107965,0.0122549283169438,MMP7/PDPN/FAP/MMP10/DDR1/MMP11/MMP2/IL6/TGFB2/CTSK/TGFB1,11
GO_BP,,,GO:0008228,opsonization,6/1059,25/18860,0.24,4.2742209631728,3.99558419928609,0.00217619268020083,0.0166306583471568,0.0123051916932044,CRP/COLEC10/FCN3/COLEC11/PTX3/PLA2G5,6
GO_BP,,,GO:0050927,positive regulation of positive chemotaxis,6/1059,25/18860,0.24,4.2742209631728,3.99558419928609,0.00217619268020083,0.0166306583471568,0.0123051916932044,F2RL1/CXCL12/SCG2/F3/NTF3/NTRK3,6
GO_BP,,,GO:0051953,negative regulation of amine transport,6/1059,25/18860,0.24,4.2742209631728,3.99558419928609,0.00217619268020083,0.0166306583471568,0.0123051916932044,ADORA1/ADRA2A/RGS4/GABBR1/SNCA/NPY5R,6
GO_BP,,,GO:0060571,morphogenesis of an epithelial fold,6/1059,25/18860,0.24,4.2742209631728,3.99558419928609,0.00217619268020083,0.0166306583471568,0.0123051916932044,FGFR2/BMP7/SULF1/WNT2/OVOL2/BMP5,6
GO_BP,,,GO:0072677,eosinophil migration,6/1059,25/18860,0.24,4.2742209631728,3.99558419928609,0.00217619268020083,0.0166306583471568,0.0123051916932044,CCL21/CCL11/CCL26/SCG2/LGALS3/CCL2,6
GO_BP,,,GO:0002687,positive regulation of leukocyte migration,18/1059,152/18860,0.118421052631579,2.10899060682869,3.34827477686914,0.00220655072114111,0.016836794229566,0.0124577137097683,CCL21/F2RL1/TRPV4/SELP/CXCL12/PTN/IL6/STK39/BDKRB1/THBS1/LGALS3/CCL2/FUT4/IL34/JAM2/EDN1/PDGFD/TGFB1,18
GO_BP,,,GO:0030195,negative regulation of blood coagulation,9/1059,52/18860,0.173076923076923,3.08237088690346,3.66752900642648,0.00222268204638525,0.0169339099246043,0.0125295705911328,PDGFRA/FAP/SERPINE2/C1QTNF1/THBS1/ANGPT1/PLAT/PDGFA/EDN1,9
GO_BP,,,GO:0030593,neutrophil chemotaxis,12/1059,83/18860,0.144578313253012,2.57483190552579,3.50707665226224,0.00223328775326509,0.0169726980404024,0.012558270308868,CXCL6/CCL21/CXCL5/DPEP1/PF4V1/TNFAIP6/CXCL3/TGFB2/ITGA9/LGALS3/BST1/EDN1,12
GO_BP,,,GO:0003229,ventricular cardiac muscle tissue development,10/1059,62/18860,0.161290322580645,2.87246032471291,3.60195063592697,0.00223459642541982,0.0169726980404024,0.012558270308868,FGFR2/COL11A1/RYR2/COL14A1/KCNJ11/TGFB2/FOXC1/MYL3/ZFPM2/TGFB1,10
GO_BP,,,GO:0003093,regulation of glomerular filtration,4/1059,11/18860,0.363636363636364,6.47609236844364,4.43106438562788,0.00237258680946927,0.0177765352064904,0.0131530375280818,F2RL1/ADORA1/CORO2B/GJA5,4
GO_BP,,,GO:0007494,midgut development,4/1059,11/18860,0.363636363636364,6.47609236844364,4.43106438562788,0.00237258680946927,0.0177765352064904,0.0131530375280818,RET/ALDH1A2/FOXL1/FOXF1,4
GO_BP,,,GO:0022605,mammalian oogenesis stage,4/1059,11/18860,0.363636363636364,6.47609236844364,4.43106438562788,0.00237258680946927,0.0177765352064904,0.0131530375280818,EREG/TNFAIP6/BMPR1B/PTX3,4
GO_BP,,,GO:0032342,aldosterone biosynthetic process,4/1059,11/18860,0.363636363636364,6.47609236844364,4.43106438562788,0.00237258680946927,0.0177765352064904,0.0131530375280818,WNT4/CACNA1H/BMP5/DKK3,4
GO_BP,,,GO:0032836,glomerular basement membrane development,4/1059,11/18860,0.363636363636364,6.47609236844364,4.43106438562788,0.00237258680946927,0.0177765352064904,0.0131530375280818,SULF1/COL4A3/COL4A4/SULF2,4
GO_BP,,,GO:0060426,lung vasculature development,4/1059,11/18860,0.363636363636364,6.47609236844364,4.43106438562788,0.00237258680946927,0.0177765352064904,0.0131530375280818,STRA6/TCF21/FOXF1/ID1,4
GO_BP,,,GO:0060900,embryonic camera-type eye formation,4/1059,11/18860,0.363636363636364,6.47609236844364,4.43106438562788,0.00237258680946927,0.0177765352064904,0.0131530375280818,ALDH1A3/STRA6/SOX11/TWIST1,4
GO_BP,,,GO:0099624,atrial cardiac muscle cell membrane repolarization,4/1059,11/18860,0.363636363636364,6.47609236844364,4.43106438562788,0.00237258680946927,0.0177765352064904,0.0131530375280818,KCNN2/CACNA1D/KCNA5/KCNQ1,4
GO_BP,,,GO:1903027,regulation of opsonization,4/1059,11/18860,0.363636363636364,6.47609236844364,4.43106438562788,0.00237258680946927,0.0177765352064904,0.0131530375280818,COLEC10/FCN3/COLEC11/PLA2G5,4
GO_BP,,,GO:0007188,adenylate cyclase-modulating G protein-coupled receptor signaling pathway,28/1059,281/18860,0.099644128113879,1.77458758850591,3.1907856972589,0.00238397555836551,0.0178157768722068,0.0131820728319719,SCTR/APLP1/PTHLH/GRM8/ADORA1/ADRA2A/ADCY5/LPAR1/CXCL12/CACNA1D/PTH1R/NPY1R/PTGER1/PLN/APLNR/VIPR2/GABBR1/GIPR/PTGER3/GPBAR1/S1PR3/PTGIR/PALM/GNA14/PRKX/PDE10A/PDE4A/EDN1,28
GO_BP,,,GO:0030168,platelet activation,17/1059,141/18860,0.120567375886525,2.1472150228705,3.33501790488339,0.00238498641143513,0.0178157768722068,0.0131820728319719,COMP/PDGFRA/PDPN/SVEP1/ITPR3/ADRA2A/SERPINE2/F2RL2/COL3A1/SELP/C1QTNF1/EMILIN1/IL6/F2RL3/PLA2G4A/MMRN1/PDGFA,17
GO_BP,,,GO:1990266,neutrophil migration,14/1059,106/18860,0.132075471698113,2.35216562438755,3.40503027618935,0.00240514137457334,0.0178603474801241,0.0132150510738945,CXCL6/CCL21/GP2/CXCL5/DPEP1/PF4V1/TNFAIP6/CXCL3/TGFB2/ITGA9/LGALS3/FUT4/BST1/EDN1,14
GO_BP,,,GO:0072577,endothelial cell apoptotic process,11/1059,73/18860,0.150684931506849,2.68358622117014,3.51522546189614,0.00240650220016086,0.0178603474801241,0.0132150510738945,COL4A3/NGFR/SCG2/F3/TEK/THBS1/CCL2/ANGPT1/SEMA5A/ID1/TGFB1,11
GO_BP,,,GO:0002040,sprouting angiogenesis,22/1059,203/18860,0.108374384236453,1.9300669373933,3.24957398665266,0.00240802365994149,0.0178603474801241,0.0132150510738945,GREM1/CREB3L1/RSPO3/NGFR/CCBE1/SEMA6A/SRPX2/BMPER/TEK/APLNR/PTGS2/THBS1/FGF1/TNN/ANGPT1/DLL1/MMRN1/KLF4/SEMA5A/EGR3/NR4A1/TGFB1,22
GO_BP,,,GO:0048701,embryonic cranial skeleton morphogenesis,8/1059,43/18860,0.186046511627907,3.31334958385489,3.70412310691469,0.00240890314757051,0.0178603474801241,0.0132150510738945,FGFR2/PDGFRA/GRHL2/TBX1/PRRX1/TWIST1/MMP16/GLI3,8
GO_BP,,,GO:0051154,negative regulation of striated muscle cell differentiation,8/1059,43/18860,0.186046511627907,3.31334958385489,3.70412310691469,0.00240890314757051,0.0178603474801241,0.0132150510738945,TMEM119/RGS4/BHLHE41/FZD7/MYOCD/DLL1/PI16/BDNF,8
GO_BP,,,GO:0019722,calcium-mediated signaling,25/1059,242/18860,0.103305785123967,1.83979896830785,3.20701962086138,0.00245588656308215,0.0181816006716275,0.0134527495474597,DEFB1/PDGFRA/GRIN2A/ITPR3/JPH1/RYR2/MCTP2/SGCD/KCNJ11/PLN/PRKD1/FHL2/CA8/RCAN2/NCALD/JPH2/GRIN2D/CACNA1C/NEGR1/TRPA1/BST1/PLCE1/EDN1/JPH3/NFATC4,25
GO_BP,,,GO:0009100,glycoprotein metabolic process,35/1059,377/18860,0.0928381962864722,1.65337901979496,3.12560964664529,0.00248593094533881,0.0183766812081138,0.0135970916021738,CCL21/B3GNT3/CHST4/B3GAT1/COL11A1/GFPT2/TUSC3/SULF1/BACE2/VANGL2/GALNT12/CHST8/FUT3/GALNT3/A4GNT/BMPR1B/DSEL/GPC1/PTX3/FOXL1/FUT4/SULF2/GALNT14/IL33/GALNT7/GALNT13/ANGPT1/GALNT5/CHST1/B3GNT8/B3GALT5/MGAT3/CHST6/MGAT5B/XYLT1,35
GO_BP,,,GO:0051495,positive regulation of cytoskeleton organization,21/1059,191/18860,0.109947643979058,1.95808551977812,3.24597777865585,0.00250987720005772,0.018526170727429,0.0137077004038761,CCL21/STMN2/WNT4/FHOD3/F2RL1/NAV3/TRPV4/LPAR1/SFRP1/SCIN/CCL11/CCL26/MAPK15/PRKD1/LIMCH1/SEMA5A/FES/PLXNA3/EDN1/NCK2/SYNPO2,21
GO_BP,,,GO:0060038,cardiac muscle cell proliferation,10/1059,63/18860,0.158730158730159,2.82686571638413,3.54256428562764,0.00252530326557907,0.0186124203648235,0.0137715173796959,FGFR2/WNT2/KCNK2/TGFB2/NDRG4/FOXC1/GLI1/FGFR1/FES/ZFPM2,10
GO_BP,,,GO:0050922,negative regulation of chemotaxis,9/1059,53/18860,0.169811320754717,3.02421294564114,3.599311887429,0.00254649601567888,0.0187373592952977,0.0138639609533258,GREM1/TNFAIP6/MMP28/THBS1/CCL2/SEMA5A/GSTP1/NBL1/PLXNA3,9
GO_BP,,,GO:0006493,protein O-linked glycosylation,18/1059,154/18860,0.116883116883117,2.08160111842831,3.28716976216109,0.00254978738551086,0.0187373592952977,0.0138639609533258,B3GNT3/CHST4/B3GAT1/VANGL2/GALNT12/FUT3/GALNT3/A4GNT/DSEL/FUT4/GALNT14/GALNT7/GALNT13/ANGPT1/GALNT5/B3GNT8/B3GALT5/XYLT1,18
GO_BP,,,GO:0008406,gonad development,25/1059,243/18860,0.102880658436214,1.83222777913786,3.18475190278377,0.00259581672785133,0.0190474752523014,0.0140934188748581,WNT4/PDGFRA/TESC/EREG/SFRP2/INHA/SOX9/SFRP1/PGR/TFAP2C/OSR1/MMP2/TNFAIP6/BMPR1B/TGFB2/PTX3/SLIT3/MAMLD1/FOXC1/PCYT1B/TCF21/KIT/ZFPM2/SOX8/DHH,25
GO_BP,,,GO:0015800,acidic amino acid transport,11/1059,74/18860,0.148648648648649,2.64732154250568,3.46307732643813,0.00268641987503431,0.0196122450481274,0.0145112977378052,SLC1A7/TTYH1/NTRK2/ADORA1/KCNK2/GABBR1/SNCA/SLC12A2/NPY5R/NTSR1/TTYH2,11
GO_BP,,,GO:1990778,protein localization to cell periphery,34/1059,365/18860,0.0931506849315068,1.65894420945063,3.10065195984163,0.00269243345671986,0.0196122450481274,0.0145112977378052,ANXA13/PKP3/TESC/GPC4/GRIN2A/TUB/KCNIP3/NKD2/ARHGEF16/LRRC15/DPP10/LPAR1/EPHA3/TPBG/ANK3/OLFM1/ATP2C2/RAB34/NPTX1/PKP1/ITGA3/LRRC7/LGALS3/SNCA/GRIP1/PKDCC/PALM/ABCA12/TMEM108/CNIH3/CACNA2D2/GRIP2/SCN3B/TGFB1,34
GO_BP,,,GO:0003148,outflow tract septum morphogenesis,6/1059,26/18860,0.230769230769231,4.10982784920462,3.87023066451549,0.00269643730912948,0.0196122450481274,0.0145112977378052,FGFR2/SEMA3C/TBX1/TGFB2/MSX2/ZFPM2,6
GO_BP,,,GO:0010715,regulation of extracellular matrix disassembly,6/1059,26/18860,0.230769230769231,4.10982784920462,3.87023066451549,0.00269643730912948,0.0196122450481274,0.0145112977378052,PDPN/FAP/DDR1/IL6/TGFB2/TGFB1,6
GO_BP,,,GO:0050926,regulation of positive chemotaxis,6/1059,26/18860,0.230769230769231,4.10982784920462,3.87023066451549,0.00269643730912948,0.0196122450481274,0.0145112977378052,F2RL1/CXCL12/SCG2/F3/NTF3/NTRK3,6
GO_BP,,,GO:0060706,cell differentiation involved in embryonic placenta development,6/1059,26/18860,0.230769230769231,4.10982784920462,3.87023066451549,0.00269643730912948,0.0196122450481274,0.0145112977378052,KRT19/SPINT2/GRHL2/MDFI/ST14/SNAI1,6
GO_BP,,,GO:0014909,smooth muscle cell migration,13/1059,96/18860,0.135416666666667,2.41166981429021,3.38213658992304,0.00271081887970004,0.0196307480735192,0.0145249883127419,POSTN/LPAR1/HAS2/DDR1/NDRG4/IGFBP5/NR4A3/MYOCD/PLAT/GSTP1/PDGFA/SEMA6D/PDGFD,13
GO_BP,,,GO:0032409,regulation of transporter activity,13/1059,96/18860,0.135416666666667,2.41166981429021,3.38213658992304,0.00271081887970004,0.0196307480735192,0.0145249883127419,WNK2/CFTR/TESC/GPR35/ANK3/GAL/PLN/HAP1/LRRC55/JPH2/CNIH3/KCNQ1/EDN1,13
GO_BP,,,GO:0045104,intermediate filament cytoskeleton organization,13/1059,96/18860,0.135416666666667,2.41166981429021,3.38213658992304,0.00271081887970004,0.0196307480735192,0.0145249883127419,KRT23/KRT19/KRT7/KRT80/KRT17/KRT5/DES/KRT86/KRT6B/KRT15/KRT81/PKP1/NEFL,13
GO_BP,,,GO:0000302,response to reactive oxygen species,22/1059,205/18860,0.107317073170732,1.91123701605288,3.19960058330247,0.00272007532152516,0.0196691493089937,0.0145534017738272,PDGFRA/GATA5/BMP7/MAPK13/HGF/SOD3/COL1A1/CRYAB/MMP2/IL6/FBLN5/CYP1B1/FOS/APOD/NR4A3/AQP1/KLF4/KCNA5/GSTP1/TRPA1/EDN1/PDGFD,22
GO_BP,,,GO:0001952,regulation of cell-matrix adhesion,16/1059,131/18860,0.122137404580153,2.17517606268336,3.29204982707423,0.00276824337558965,0.0199695433286996,0.0147756663359879,CCL21/POSTN/WNT4/PKHD1/GREM1/CEACAM6/COL16A1/EPHA3/SFRP1/DDR1/APOD/TEK/THBS1/LIMCH1/AJAP1/BST1,16
GO_BP,,,GO:0003014,renal system process,17/1059,143/18860,0.118881118881119,2.11718404352965,3.27084325885645,0.00276964520538749,0.0199695433286996,0.0147756663359879,CLDN4/SLC5A1/F2RL1/SULF1/ADORA1/HAS2/KLHL3/STK39/ATP6V1B1/ITGA3/CORO2B/PCSK5/SULF2/AQP1/KCNQ1/EDN1/GJA5,17
GO_BP,,,GO:0031128,developmental induction,7/1059,35/18860,0.2,3.561850802644,3.70003194459175,0.00290616255987048,0.0208932929701671,0.015459158004057,WNT4/GATA5/SOX9/WNT2/FGF1/FGFR1/SOX8,7
GO_BP,,,GO:0051281,positive regulation of release of sequestered calcium ion into cytosol,7/1059,35/18860,0.2,3.561850802644,3.70003194459175,0.00290616255987048,0.0208932929701671,0.015459158004057,F2RL3/APLNR/BDKRB1/SNCA/HAP1/NTSR1/JPH2,7
GO_BP,,,GO:0006937,regulation of muscle contraction,20/1059,181/18860,0.110497237569061,1.96787337162652,3.19128894816726,0.00296162825830618,0.0212306924856964,0.0157088033054705,JPH1/ADORA1/RYR2/TRPV4/ADRA2A/NPNT/PLN/HCN4/PRKD1/CNN1/MYOCD/MYL3/JPH2/KIT/CACNA1C/TACR2/KCNQ1/EDN1/GJA5/JPH3,20
GO_BP,,,GO:0050806,positive regulation of synaptic transmission,20/1059,181/18860,0.110497237569061,1.96787337162652,3.19128894816726,0.00296162825830618,0.0212306924856964,0.0157088033054705,SNAP25/LAMA2/NTRK2/GRIN2A/NALCN/ITPR3/ADORA1/SERPINE2/PDE9A/CLSTN2/PTN/CCL2/SNCA/HAP1/SLITRK4/GRIN2D/NLGN1/TACR2/IGSF11/NFATC4,20
GO_BP,,,GO:0045103,intermediate filament-based process,13/1059,97/18860,0.134020618556701,2.38680723888516,3.33991902769366,0.00297335264080012,0.0212692064346735,0.0157373001644122,KRT23/KRT19/KRT7/KRT80/KRT17/KRT5/DES/KRT86/KRT6B/KRT15/KRT81/PKP1/NEFL,13
GO_BP,,,GO:0046883,regulation of hormone secretion,27/1059,272/18860,0.0992647058823529,1.7678303616064,3.11113252641539,0.00297555129216739,0.0212692064346735,0.0157373001644122,PDX1/CFTR/SNAP25/SSTR5/INHA/F2RL1/ADORA1/BRSK2/ADRA2A/ADCY5/F2RL2/GAL/C1QTNF1/KCNJ11/IL6/SOX11/PRKD1/GABBR1/GIPR/FGFR1/KCNA5/ABCA12/TACR2/BMP8A/TRPA1/IL11/EDN1,27
GO_BP,,,GO:0030512,negative regulation of transforming growth factor beta receptor signaling pathway,16/1059,132/18860,0.121212121212121,2.15869745614788,3.25834021788863,0.00299020202976795,0.0213432641292619,0.0157920961988953,VEPH1/ADAMTSL2/PRDM16/HTRA3/OVOL2/RASL11B/EMILIN1/CILP/ASPN/PMEPA1/CDH3/IL17RD/LTBP1/FBN1/FBN2/HTRA1,16
GO_BP,,,GO:0045444,fat cell differentiation,26/1059,259/18860,0.1003861003861,1.78780156117267,3.11374958731751,0.00302211769193452,0.0215401654976708,0.0159377855054969,PDGFRA/CDS1/SFRP2/BMP7/PRDM16/TRPV4/KLF5/SFRP1/MMP11/IL6/ID4/PTGS2/EGR2/NR4A3/GDF6/KLF4/METRNL/FRZB/MSX2/ZFPM2/NEGR1/IL11/NR4A1/SOX8/CCDC3/TGFB1,26
GO_BP,,,GO:0030203,glycosaminoglycan metabolic process,10/1059,65/18860,0.153846153846154,2.73988523280308,3.42721401860474,0.0031973694794676,0.0227566711879132,0.0168378903240693,B3GAT1/ITIH5/STAB2/HAS2/TNFAIP6/HAS1/FOXC1/GALNT5/TGFB1/XYLT1,10
GO_BP,,,GO:0099565,"chemical synaptic transmission, postsynaptic",15/1059,121/18860,0.12396694214876,2.20775876196942,3.25075909753837,0.00320373710552467,0.0227694172856932,0.0168473212902553,GABRB3/GLRB/SLC1A7/GRIN2A/ADORA1/BEGAIN/RGS4/KCNK2/CHRFAM7A/CHRNA5/SNCA/NTSR1/GRIN2D/NLGN1/TMEM108,15
GO_BP,,,GO:0051384,response to glucocorticoid,16/1059,133/18860,0.120300751879699,2.14246664820692,3.22493047368318,0.00322667081250694,0.022899696565224,0.0169437162419652,PTGDS/PDX1/SSTR5/WNT7B/FOSB/IL6/FOS/NEFL/PTPRU/SLIT3/AQP1/ABCA3/GSTP1/NTRK3/EDN1/TGFB1,16
GO_BP,,,GO:0051153,regulation of striated muscle cell differentiation,13/1059,98/18860,0.13265306122449,2.36245206297817,3.29822145980483,0.00325624803417743,0.023011127798342,0.0170261653342083,CYP26B1/TMEM119/RGS4/BHLHE41/TBX1/FZD7/PRKD1/MYOCD/DLL1/PI16/EDN1/BDNF/TGFB1,13
GO_BP,,,GO:1990868,response to chemokine,13/1059,98/18860,0.13265306122449,2.36245206297817,3.29822145980483,0.00325624803417743,0.023011127798342,0.0170261653342083,CXCL6/CCL21/GPR35/CXCL12/CCL11/CCL26/STK39/LOX/CCL2/SLIT3/FOXC1/SLC12A2/EDN1,13
GO_BP,,,GO:1990869,cellular response to chemokine,13/1059,98/18860,0.13265306122449,2.36245206297817,3.29822145980483,0.00325624803417743,0.023011127798342,0.0170261653342083,CXCL6/CCL21/GPR35/CXCL12/CCL11/CCL26/STK39/LOX/CCL2/SLIT3/FOXC1/SLC12A2/EDN1,13
GO_BP,,,GO:0030325,adrenal gland development,6/1059,27/18860,0.222222222222222,3.95761200293778,3.75101187603121,0.00330453768843714,0.0232599127548738,0.0172102438304774,WNT4/PDGFRA/STRA6/PBX1/CDKN1C/DKK3,6
GO_BP,,,GO:0048596,embryonic camera-type eye morphogenesis,6/1059,27/18860,0.222222222222222,3.95761200293778,3.75101187603121,0.00330453768843714,0.0232599127548738,0.0172102438304774,BMP7/ALDH1A3/STRA6/SOX11/FOXF2/TWIST1,6
GO_BP,,,GO:0032964,collagen biosynthetic process,9/1059,55/18860,0.163636363636364,2.91424156579964,3.46758031089641,0.00330569525813149,0.0232599127548738,0.0172102438304774,WNT4/CREB3L1/COL1A1/LARP6/COL5A1/EMILIN1/ADAMTS3/IL6/TGFB1,9
GO_BP,,,GO:0003215,cardiac right ventricle morphogenesis,5/1059,19/18860,0.263157894736842,4.68664579295264,3.92140184825628,0.00331950513687646,0.0232599127548738,0.0172102438304774,HAND2/SEMA3C/TGFB2/SMARCD3/ZFPM2,5
GO_BP,,,GO:0014048,regulation of glutamate secretion,5/1059,19/18860,0.263157894736842,4.68664579295264,3.92140184825628,0.00331950513687646,0.0232599127548738,0.0172102438304774,ADORA1/GABBR1/SNCA/NPY5R/NTSR1,5
GO_BP,,,GO:0032303,regulation of icosanoid secretion,5/1059,19/18860,0.263157894736842,4.68664579295264,3.92140184825628,0.00331950513687646,0.0232599127548738,0.0172102438304774,PTGES/PLA2R1/PLA2G4A/NTSR1/EDN1,5
GO_BP,,,GO:0090130,tissue migration,14/1059,110/18860,0.127272727272727,2.26663232895528,3.24961106863862,0.00339912474494809,0.0234727441024235,0.0173677198891669,RAB25/TACSTD2/GRHL2/SOX9/HAS2/TGFB2/ITGA3/GDF6/FGF7/SNAI1/ACTC1/KIT/FOXF1/PTPRR,14
GO_BP,,,GO:0001547,antral ovarian follicle growth,4/1059,12/18860,0.333333333333333,5.93641800440667,4.17210302552826,0.00340177859253213,0.0234727441024235,0.0173677198891669,EREG/TNFAIP6/BMPR1B/PTX3,4
GO_BP,,,GO:0006705,mineralocorticoid biosynthetic process,4/1059,12/18860,0.333333333333333,5.93641800440667,4.17210302552826,0.00340177859253213,0.0234727441024235,0.0173677198891669,WNT4/CACNA1H/BMP5/DKK3,4
GO_BP,,,GO:0031943,regulation of glucocorticoid metabolic process,4/1059,12/18860,0.333333333333333,5.93641800440667,4.17210302552826,0.00340177859253213,0.0234727441024235,0.0173677198891669,WNT4/GAL/BMP5/DKK3,4
GO_BP,,,GO:0034651,cortisol biosynthetic process,4/1059,12/18860,0.333333333333333,5.93641800440667,4.17210302552826,0.00340177859253213,0.0234727441024235,0.0173677198891669,WNT4/CACNA1H/BMP5/DKK3,4
GO_BP,,,GO:0043589,skin morphogenesis,4/1059,12/18860,0.333333333333333,5.93641800440667,4.17210302552826,0.00340177859253213,0.0234727441024235,0.0173677198891669,COL1A1/COL1A2/CDSN/ITGB4,4
GO_BP,,,GO:0044849,estrous cycle,4/1059,12/18860,0.333333333333333,5.93641800440667,4.17210302552826,0.00340177859253213,0.0234727441024235,0.0173677198891669,CA12/HAS2/PTN/EGR1,4
GO_BP,,,GO:0051798,positive regulation of hair follicle development,4/1059,12/18860,0.333333333333333,5.93641800440667,4.17210302552826,0.00340177859253213,0.0234727441024235,0.0173677198891669,KRT17/GAL/TGFB2/MSX2,4
GO_BP,,,GO:0060502,epithelial cell proliferation involved in lung morphogenesis,4/1059,12/18860,0.333333333333333,5.93641800440667,4.17210302552826,0.00340177859253213,0.0234727441024235,0.0173677198891669,FGFR2/SOX9/WNT2/FGF7,4
GO_BP,,,GO:0060601,lateral sprouting from an epithelium,4/1059,12/18860,0.333333333333333,5.93641800440667,4.17210302552826,0.00340177859253213,0.0234727441024235,0.0173677198891669,FGFR2/BMP7/SULF1/VANGL2,4
GO_BP,,,GO:1902645,tertiary alcohol biosynthetic process,4/1059,12/18860,0.333333333333333,5.93641800440667,4.17210302552826,0.00340177859253213,0.0234727441024235,0.0173677198891669,WNT4/CACNA1H/BMP5/DKK3,4
GO_BP,,,GO:0006691,leukotriene metabolic process,7/1059,36/18860,0.194444444444444,3.46291050257056,3.60768851808184,0.00343582097226808,0.023674805175947,0.0175172269135756,DPEP1/GGT6/GGT1/GGT5/PLA2G4A/PLA2G5/LTC4S,7
GO_BP,,,GO:0009914,hormone transport,32/1059,343/18860,0.0932944606413994,1.66150474758904,3.01564227170838,0.00344820532334384,0.0236945048116514,0.0175318028725406,PDX1/CFTR/SNAP25/TRPV6/SSTR5/INHA/F2RL1/ADORA1/TRPV4/BRSK2/ADRA2A/ADCY5/F2RL2/GAL/C1QTNF1/KCNJ11/IL6/SOX11/PRKD1/GABBR1/GIPR/LTBP4/AQP1/FGFR1/KCNA5/ABCA12/TACR2/BMP8A/TRPA1/IL11/KCNQ1/EDN1,32
GO_BP,,,GO:0022409,positive regulation of cell-cell adhesion,32/1059,343/18860,0.0932944606413994,1.66150474758904,3.01564227170838,0.00344820532334384,0.0236945048116514,0.0175318028725406,CCL21/CD24/CHST4/VTCN1/PKP3/PDPN/CEACAM6/BMP7/KIF26B/HAS2/ANK3/FUT3/SELP/GLI2/EMILIN1/SLC7A1/IL6/FSTL3/PKP1/NR4A3/PTPRU/CCL2/FUT4/RAP1GAP/EFNB3/SMARCD3/MMRN1/MYO10/EGR3/NCK2/TGFB1/GLI3,32
GO_BP,,,GO:0032956,regulation of actin cytoskeleton organization,33/1059,357/18860,0.092436974789916,1.64623356424723,3.00668308695506,0.00347354364314176,0.0238356960339728,0.0176362716806777,CCL21/WNT4/PDGFRA/TACSTD2/FHOD3/ELN/F2RL1/ARHGEF16/VANGL2/LPAR1/EPHA3/SFRP1/RGS4/PLEKHH2/CXCL12/SCIN/CCL11/CCL26/ARHGAP28/TGFB2/FZD10/MYO3A/PRKD1/CORO2B/LIMCH1/SEMA5A/ARHGEF19/PDGFA/BST1/EDN1/NCK2/SYNPO2/TGFB1,33
GO_BP,,,GO:0007163,establishment or maintenance of cell polarity,24/1059,236/18860,0.101694915254237,1.8111105776156,3.05833246744766,0.00362644587315651,0.0248506449296882,0.0183872425959523,SFRP5/CCL21/PKHD1/WNT7B/SPINT2/RHOV/CYP26B1/LAMA1/BRSK2/VANGL2/KIF26B/PTK7/DLG3/PRICKLE1/TEK/GPSM1/LRRC7/AMOTL1/LHX2/AQP1/DCHS2/FOXF1/EPHB1/BRSK1,24
GO_BP,,,GO:0048041,focal adhesion assembly,12/1059,88/18860,0.136363636363636,2.42853463816637,3.27613620231134,0.00366647892377548,0.025090416294062,0.0185646518445564,WNT4/GREM1/COL16A1/EPHA3/CDH11/SFRP1/APOD/TEK/THBS1/CORO2B/LIMCH1/STON1,12
GO_BP,,,GO:0045685,regulation of glial cell differentiation,11/1059,77/18860,0.142857142857143,2.54417914474572,3.31165949514233,0.00368696003556883,0.0251959150782348,0.0186427114580454,SPINT1/SERPINE2/PTN/IL6/ID4/EGR2/IL34/PTPRZ1/NTRK3/TNFRSF21/TGFB1,11
GO_BP,,,GO:0021549,cerebellum development,14/1059,111/18860,0.126126126126126,2.24621221788361,3.21180781014007,0.00369397190545694,0.025209204704593,0.0186525445865034,KNDC1/SEZ6L2/GABRB3/PTPRS/CNTN1/SERPINE2/LPAR1/GLI2/FOXC1/FAIM2/HAP1/DLL1/GLI1/EN1,14
GO_BP,,,GO:0061844,antimicrobial humoral immune response mediated by antimicrobial peptide,16/1059,135/18860,0.118518518518519,2.11072640156682,3.15898945571238,0.00374597855488691,0.0254292541833353,0.0188153614131972,HAMP/MMP7/CXCL6/DEFB1/CCL21/CXCL5/CXCL1/CXCL14/LTF/PF4V1/CXCL12/CXCL3/CCL11/CCL26/LGALS3/CCL2,16
GO_BP,,,GO:0050819,negative regulation of coagulation,9/1059,56/18860,0.160714285714286,2.86220153783893,3.4039304933883,0.00374666197314266,0.0254292541833353,0.0188153614131972,PDGFRA/FAP/SERPINE2/C1QTNF1/THBS1/ANGPT1/PLAT/PDGFA/EDN1,9
GO_BP,,,GO:0061756,leukocyte adhesion to vascular endothelial cell,9/1059,56/18860,0.160714285714286,2.86220153783893,3.4039304933883,0.00374666197314266,0.0254292541833353,0.0188153614131972,CCL21/PODXL2/CHST4/SELP/CXCL12/IL6/FUT4/KLF4/JAM2,9
GO_BP,,,GO:1902895,positive regulation of miRNA transcription,9/1059,56/18860,0.160714285714286,2.86220153783893,3.4039304933883,0.00374666197314266,0.0254292541833353,0.0188153614131972,NGFR/IL6/FOS/TGFB2/MYOCD/EGR1/KLF4/FOSL1/TGFB1,9
GO_BP,,,GO:0051932,"synaptic transmission, GABAergic",10/1059,67/18860,0.149253731343284,2.65809761391344,3.3161529181726,0.0040045071599898,0.0269149528261759,0.0199146448099735,GABRB3/NALCN/ADORA1/GABRP/TPBG/KCNK2/GABBR1/HAP1/NPY5R/NLGN1,10
GO_BP,,,GO:2000351,regulation of endothelial cell apoptotic process,10/1059,67/18860,0.149253731343284,2.65809761391344,3.3161529181726,0.0040045071599898,0.0269149528261759,0.0199146448099735,NGFR/SCG2/F3/TEK/THBS1/CCL2/ANGPT1/SEMA5A/ID1/TGFB1,10
GO_BP,,,GO:0002675,positive regulation of acute inflammatory response,6/1059,28/18860,0.214285714285714,3.81626871711858,3.6373910531026,0.00400911492493795,0.0269149528261759,0.0199146448099735,C2CD4A/IL6/PTGS2/PTGER3/C2CD4B/NPY5R,6
GO_BP,,,GO:0015732,prostaglandin transport,6/1059,28/18860,0.214285714285714,3.81626871711858,3.6373910531026,0.00400911492493795,0.0269149528261759,0.0199146448099735,PTGES/SLCO2A1/ABCC4/PTGS2/PLA2G4A/EDN1,6
GO_BP,,,GO:0044342,type B pancreatic cell proliferation,6/1059,28/18860,0.214285714285714,3.81626871711858,3.6373910531026,0.00400911492493795,0.0269149528261759,0.0199146448099735,PDX1/SGPP2/IGFBP5/NR4A3/NR4A1/DACH1,6
GO_BP,,,GO:0072207,metanephric epithelium development,6/1059,28/18860,0.214285714285714,3.81626871711858,3.6373910531026,0.00400911492493795,0.0269149528261759,0.0199146448099735,WNT4/WNT7B/SOX9/OSR1/AQP1/SOX8,6
GO_BP,,,GO:0001708,cell fate specification,14/1059,112/18860,0.125,2.2261567516525,3.17440725458333,0.00400931777336769,0.0269149528261759,0.0199146448099735,ESRP1/SFRP2/SOX9/MNX1/EYA2/GLI2/TBX1/FZD7/DLL1/FGFR1/TEAD4/NTRK3/DHH/GLI3,14
GO_BP,,,GO:0007422,peripheral nervous system development,12/1059,89/18860,0.134831460674157,2.40124773211955,3.23185101025592,0.00402677048479652,0.0269149528261759,0.0199146448099735,LAMA2/HAND2/FA2H/NTRK2/PLXNA4/GPC1/EGR2/ITGB4/EGR3/NFASC/NTRK3/SOX8,12
GO_BP,,,GO:2000628,regulation of miRNA metabolic process,12/1059,89/18860,0.134831460674157,2.40124773211955,3.23185101025592,0.00402677048479652,0.0269149528261759,0.0199146448099735,SOX9/NGFR/IL6/FOS/TGFB2/MYOCD/TWIST1/EGR1/KLF4/FOSL1/NFATC4/TGFB1,12
GO_BP,,,GO:0006884,cell volume homeostasis,7/1059,37/18860,0.189189189189189,3.36931832682541,3.51856002969851,0.00403589041373411,0.0269149528261759,0.0199146448099735,SCTR/TRPV4/STK39/AQP1/SLC12A8/SLC12A2/GPRC5B,7
GO_BP,,,GO:0006910,"phagocytosis, recognition",7/1059,37/18860,0.189189189189189,3.36931832682541,3.51856002969851,0.00403589041373411,0.0269149528261759,0.0199146448099735,CRP/TUB/COLEC10/FCN3/COLEC11/PTX3/PLA2G5,7
GO_BP,,,GO:0032350,regulation of hormone metabolic process,7/1059,37/18860,0.189189189189189,3.36931832682541,3.51856002969851,0.00403589041373411,0.0269149528261759,0.0199146448099735,WNT4/GAL/BMP5/DKK3/EGR1/STC2/DUOXA1,7
GO_BP,,,GO:0071676,negative regulation of mononuclear cell migration,7/1059,37/18860,0.189189189189189,3.36931832682541,3.51856002969851,0.00403589041373411,0.0269149528261759,0.0199146448099735,GREM1/EMILIN1/MMP28/APOD/BMP5/CCL2/NBL1,7
GO_BP,,,GO:0048663,neuron fate commitment,11/1059,78/18860,0.141025641025641,2.51156146340282,3.26277634247816,0.00407977560034069,0.0271711962673292,0.0201042419141709,ESRP1/SOX9/MNX1/TFAP2C/GLI2/TGFB2/PRRX1/DLL1/NTRK3/ZNF521/GLI3,11
GO_BP,,,GO:0034112,positive regulation of homotypic cell-cell adhesion,5/1059,20/18860,0.25,4.45231350330501,3.76764422260053,0.00422399413041665,0.0279818519291916,0.0207040542071162,PDPN/ANK3/EMILIN1/IL6/MMRN1,5
GO_BP,,,GO:0055003,cardiac myofibril assembly,5/1059,20/18860,0.25,4.45231350330501,3.76764422260053,0.00422399413041665,0.0279818519291916,0.0207040542071162,PDGFRA/NEBL/FHOD3/OBSL1/ACTC1,5
GO_BP,,,GO:0099150,regulation of postsynaptic specialization assembly,5/1059,20/18860,0.25,4.45231350330501,3.76764422260053,0.00422399413041665,0.0279818519291916,0.0207040542071162,PTPRS/PRICKLE1/GAP43/FGFR1/LRFN4,5
GO_BP,,,GO:1902307,positive regulation of sodium ion transmembrane transport,5/1059,20/18860,0.25,4.45231350330501,3.76764422260053,0.00422399413041665,0.0279818519291916,0.0207040542071162,FXYD2/WNK2/TESC/STK39/ATP1B2,5
GO_BP,,,GO:0048146,positive regulation of fibroblast proliferation,9/1059,57/18860,0.157894736842105,2.81198747577158,3.34167459212109,0.0042323960492981,0.0280002265229495,0.020717649754193,PDGFRA/EREG/WNT2/NGFR/FBLN1/AQP1/PDGFA/PDGFD/TGFB1,9
GO_BP,,,GO:0061387,regulation of extent of cell growth,13/1059,101/18860,0.128712871287129,2.29228021952337,3.1761254822871,0.00423866274899536,0.0280044451211845,0.0207207711375365,PTPRS/PLXNA4/OLFM1/BCL11A/CXCL12/CRABP2/ULK2/ISLR2/SEMA5A/PLXNA3/NTRK3/SEMA6D/BDNF,13
GO_BP,,,GO:0070293,renal absorption,8/1059,47/18860,0.170212765957447,3.03136238522894,3.4008886895425,0.00428600476660243,0.0282796733605399,0.0209244152852278,CLDN4/SLC5A1/HAS2/KLHL3/STK39/AQP1/KCNQ1/EDN1,8
GO_BP,,,GO:0002064,epithelial cell development,23/1059,226/18860,0.101769911504425,1.81244620488522,2.99695966896021,0.00430389848028125,0.0283601257475486,0.0209839428170701,RAB25/PKHD1/PTPRS/WNT7B/SPINT2/F2RL1/GRHL2/SOX9/KLF5/PGR/TFAP2C/ST14/TFCP2L1/BMP5/CDSN/DLL1/S1PR3/FRZB/ABCA12/ID1/CLDN5/SOX8/TGFB1,23
GO_BP,,,GO:0002065,columnar/cuboidal epithelial cell differentiation,14/1059,113/18860,0.123893805309735,2.20645624942549,3.13740092073412,0.00434618743260026,0.0286009027476009,0.0211620961456462,FGFR2/WNT4/GATA5/BMP7/SOX9/PTK6/KLF5/PGR/PKP1/SOX11/CCDC78/DLL1/TMEM231/TGFB1,14
GO_BP,,,GO:0055021,regulation of cardiac muscle tissue growth,10/1059,68/18860,0.147058823529412,2.61900794312059,3.26213585831431,0.00446428843286987,0.02933927999145,0.0217084289087756,FGFR2/COL14A1/WNT2/RGS4/KCNK2/GLI1/FGFR1/PI16/ZFPM2/EDN1,10
GO_BP,,,GO:0042490,mechanoreceptor differentiation,11/1059,79/18860,0.139240506329114,2.47976954614456,3.21464770098507,0.00450521650715525,0.0295302399513799,0.0218497221073738,ESRP1/GABRB3/NTRK2/CTHRC1/VANGL2/TMEM132E/DLL1/FZD2/FGFR1/NTRK3/KCNQ1,11
GO_BP,,,GO:0050730,regulation of peptidyl-tyrosine phosphorylation,11/1059,79/18860,0.139240506329114,2.47976954614456,3.21464770098507,0.00450521650715525,0.0295302399513799,0.0218497221073738,SFRP2/PTK6/SFRP1/GPRC5A/IL6/ANGPT1/FGF7/CTF1/KIT/GPRC5B/IL11,11
GO_BP,,,GO:0070374,positive regulation of ERK1 and ERK2 cascade,21/1059,201/18860,0.104477611940299,1.86066832973941,2.99209087021186,0.00458799314422898,0.0300332445954463,0.0222219003121451,FGFR2/CCL21/PDGFRA/HAND2/F2RL1/TRPV4/ARHGAP8/TPBG/NPNT/BMPER/TNFAIP8L3/TEK/NDRG4/FGF1/GPBAR1/ANGPT1/NPY5R/PLA2G5/PDGFA/PDGFD/TGFB1,21
GO_BP,,,GO:0050773,regulation of dendrite development,13/1059,102/18860,0.127450980392157,2.26980688403785,3.13638672881174,0.00461472184322991,0.0301685166492363,0.0223219894678401,KNDC1/VLDLR/BMP7/OBSL1/BCL11A/TNIK/PTN/BMP5/MARK1/FAT3/DBN1/ZDHHC15/NFATC4,13
GO_BP,,,GO:0021700,developmental maturation,33/1059,364/18860,0.0906593406593407,1.61457522647324,2.88783212658751,0.00467120433788522,0.0303660203306707,0.0224681244319186,DEFB1/SEZ6L2/CFTR/CCL21/GREM1/CHRDL1/EREG/RET/LTF/PGR/BCL11A/MMP2/GALNT3/GAL/TFCP2L1/ALDH1A2/PTH1R/CDKN1C/CDH3/ATP6V1B1/TGFB2/NEFL/FGF7/FGFR1/PALM/MSX2/ZDHHC15/CNGB1/SOX8/EDN1/NFATC4/TGFB1/XYLT1,33
GO_BP,,,GO:0032341,aldosterone metabolic process,4/1059,13/18860,0.307692307692308,5.47977046560616,3.94086387069877,0.0046972235130215,0.0303660203306707,0.0224681244319186,WNT4/CACNA1H/BMP5/DKK3,4
GO_BP,,,GO:0070486,leukocyte aggregation,4/1059,13/18860,0.307692307692308,5.47977046560616,3.94086387069877,0.0046972235130215,0.0303660203306707,0.0224681244319186,BMP7/HAS2/NR4A3/JAM2,4
GO_BP,,,GO:0098976,excitatory chemical synaptic transmission,4/1059,13/18860,0.307692307692308,5.47977046560616,3.94086387069877,0.0046972235130215,0.0303660203306707,0.0224681244319186,CHRDL1/GRIN2A/PDLIM4/GRIN2D,4
GO_BP,,,GO:1901731,positive regulation of platelet aggregation,4/1059,13/18860,0.307692307692308,5.47977046560616,3.94086387069877,0.0046972235130215,0.0303660203306707,0.0224681244319186,PDPN/EMILIN1/IL6/MMRN1,4
GO_BP,,,GO:1901748,leukotriene D4 metabolic process,4/1059,13/18860,0.307692307692308,5.47977046560616,3.94086387069877,0.0046972235130215,0.0303660203306707,0.0224681244319186,DPEP1/GGT6/GGT1/GGT5,4
GO_BP,,,GO:2001053,regulation of mesenchymal cell apoptotic process,4/1059,13/18860,0.307692307692308,5.47977046560616,3.94086387069877,0.0046972235130215,0.0303660203306707,0.0224681244319186,BMP7/SOX9/TBX1/MSX2,4
GO_BP,,,GO:0048144,fibroblast proliferation,14/1059,114/18860,0.12280701754386,2.18710137004456,3.10078058233978,0.00470563115051461,0.0303660203306707,0.0224681244319186,PDGFRA/WNT7B/EREG/WNT2/NGFR/FBLN1/SFRP1/COL3A1/AQP1/GSTP1/PDGFA/PDGFD/TGFB1/DACH1,14
GO_BP,,,GO:0010092,specification of animal organ identity,7/1059,38/18860,0.184210526315789,3.28065205506685,3.432440808612,0.00471207390859855,0.0303660203306707,0.0224681244319186,FGFR2/GATA5/WNT2/FGF1/SMARCD3/FGFR1/GLI3,7
GO_BP,,,GO:0048665,neuron fate specification,7/1059,38/18860,0.184210526315789,3.28065205506685,3.432440808612,0.00471207390859855,0.0303660203306707,0.0224681244319186,ESRP1/SOX9/MNX1/GLI2/DLL1/NTRK3/GLI3,7
GO_BP,,,GO:0086005,ventricular cardiac muscle cell action potential,7/1059,38/18860,0.184210526315789,3.28065205506685,3.432440808612,0.00471207390859855,0.0303660203306707,0.0224681244319186,KCNH2/RYR2/KCNE4/CACNA1C/SCN3B/KCNQ1/GJA5,7
GO_BP,,,GO:0086009,membrane repolarization,9/1059,58/18860,0.155172413793103,2.76350493308587,3.28075471524413,0.0047658807321345,0.0306730357598566,0.0226952882416754,KCNH2/KCNN2/CACNA1D/KCNE4/KCND2/ATP1B2/KCNA5/KCNQ1/GJA5,9
GO_BP,,,GO:0050680,negative regulation of epithelial cell proliferation,19/1059,176/18860,0.107954545454545,1.92258992188171,2.9992676344119,0.00479240604408143,0.0307641549281356,0.0227627082324655,FGFR2/PDX1/EREG/OVOL1/SFRP2/SULF1/SOX9/GDF2/COL4A3/NGFR/SFRP1/A4GNT/CDKN1C/SCG2/TGFB2/THBS1/CCL2/RAP1GAP/TGFB1,19
GO_BP,,,GO:1902905,positive regulation of supramolecular fiber organization,19/1059,176/18860,0.107954545454545,1.92258992188171,2.9992676344119,0.00479240604408143,0.0307641549281356,0.0227627082324655,CCL21/STMN2/WNT4/FHOD3/F2RL1/NAV3/TRPV4/LPAR1/SFRP1/SCIN/CCL11/CCL26/PRKD1/LIMCH1/SEMA5A/FES/EDN1/NCK2/SYNPO2,19
GO_BP,,,GO:0002092,positive regulation of receptor internalization,6/1059,29/18860,0.206896551724138,3.68467324411449,3.52889593975503,0.00481889984989673,0.0307753873597384,0.0227710192217943,HAMP/GREM1/SFRP4/APLNR/ANGPT1/NTF3,6
GO_BP,,,GO:0003156,regulation of animal organ formation,6/1059,29/18860,0.206896551724138,3.68467324411449,3.52889593975503,0.00481889984989673,0.0307753873597384,0.0227710192217943,GATA5/BMP7/SULF1/WNT2/FGF1/FGFR1,6
GO_BP,,,GO:0050482,arachidonate secretion,6/1059,29/18860,0.206896551724138,3.68467324411449,3.52889593975503,0.00481889984989673,0.0307753873597384,0.0227710192217943,PLA2R1/BDKRB2/PLA2G4F/PLA2G4A/NTSR1/PLA2G5,6
GO_BP,,,GO:1903963,arachidonate transport,6/1059,29/18860,0.206896551724138,3.68467324411449,3.52889593975503,0.00481889984989673,0.0307753873597384,0.0227710192217943,PLA2R1/BDKRB2/PLA2G4F/PLA2G4A/NTSR1/PLA2G5,6
GO_BP,,,GO:0010712,regulation of collagen metabolic process,8/1059,48/18860,0.166666666666667,2.96820900220334,3.33011673534617,0.0048955098413568,0.0311049316229248,0.0230148523428443,MFAP4/WNT4/CREB3L1/FAP/LARP6/EMILIN1/IL6/TGFB1,8
GO_BP,,,GO:0051489,regulation of filopodium assembly,8/1059,48/18860,0.166666666666667,2.96820900220334,3.33011673534617,0.0048955098413568,0.0311049316229248,0.0230148523428443,CCL21/GPM6A/MYO3A/GAP43/MYO10/PALM/NLGN1/DPYSL3,8
GO_BP,,,GO:0055010,ventricular cardiac muscle tissue morphogenesis,8/1059,48/18860,0.166666666666667,2.96820900220334,3.33011673534617,0.0048955098413568,0.0311049316229248,0.0230148523428443,FGFR2/COL11A1/RYR2/TGFB2/FOXC1/MYL3/ZFPM2/TGFB1,8
GO_BP,,,GO:0060428,lung epithelium development,8/1059,48/18860,0.166666666666667,2.96820900220334,3.33011673534617,0.0048955098413568,0.0311049316229248,0.0230148523428443,FGFR2/WNT7B/GRHL2/SOX9/ADAMTSL2/STRA6/WNT2/FGF7,8
GO_BP,,,GO:0010812,negative regulation of cell-substrate adhesion,10/1059,69/18860,0.144927536231884,2.58105130626377,3.20908095149582,0.00496462498113089,0.0314269032662196,0.0232530824061296,POSTN/SPOCK1/TACSTD2/COL1A1/FBLN1/APOD/FZD7/THBS1/CORO2B/AJAP1,10
GO_BP,,,GO:0048645,animal organ formation,10/1059,69/18860,0.144927536231884,2.58105130626377,3.20908095149582,0.00496462498113089,0.0314269032662196,0.0232530824061296,FGFR2/GATA5/HAND2/BMP7/SULF1/WNT2/FGF1/SMARCD3/FGFR1/GLI3,10
GO_BP,,,GO:1904063,negative regulation of cation transmembrane transport,11/1059,80/18860,0.1375,2.44877242681775,3.16725099749944,0.00496513486778866,0.0314269032662196,0.0232530824061296,HAMP/KCNH2/GPR35/ANK3/RGS4/OSR1/STK39/PLN/NTSR1/KCNQ1/TGFB1,11
GO_BP,,,GO:1903532,positive regulation of secretion by cell,29/1059,310/18860,0.0935483870967742,1.66602698833349,2.88393739157099,0.0050032973906933,0.0316282141279532,0.0234020343412753,PDX1/CFTR/PTGES/ANKRD1/INHA/F2RL1/ACHE/F2RL2/GAL/C1QTNF1/CXCL12/RAB27B/RAB3D/TGFB2/SOX11/PRKD1/TMEM132A/GABBR1/GIPR/PLA2G4A/SNCA/SLC12A2/FGFR1/NTSR1/NLGN1/TACR2/TRPA1/EDN1/TGFB1,29
GO_BP,,,GO:0060078,regulation of postsynaptic membrane potential,17/1059,152/18860,0.111842105263158,1.99182446200487,2.99452566032934,0.00519455466921334,0.0327955704052492,0.0242657730139448,GABRB3/GLRB/SLC1A7/GRID1/GRIN2A/ADORA1/BEGAIN/RGS4/KCND2/CHRFAM7A/GABBR1/CHRNA5/SNCA/NTSR1/GRIN2D/NLGN1/TMEM108,17
GO_BP,,,GO:0032332,positive regulation of chondrocyte differentiation,5/1059,21/18860,0.238095238095238,4.24029857457619,3.62368855458121,0.00529135355445498,0.0331542618808735,0.0245311724511853,SOX9/BMPR1B/GDF6/PKDCC/GLI3,5
GO_BP,,,GO:0048846,axon extension involved in axon guidance,5/1059,21/18860,0.238095238095238,4.24029857457619,3.62368855458121,0.00529135355445498,0.0331542618808735,0.0245311724511853,PLXNA4/CXCL12/SLIT3/SEMA5A/PLXNA3,5
GO_BP,,,GO:0090189,regulation of branching involved in ureteric bud morphogenesis,5/1059,21/18860,0.238095238095238,4.24029857457619,3.62368855458121,0.00529135355445498,0.0331542618808735,0.0245311724511853,GREM1/TACSTD2/SOX9/SOX8/TGFB1,5
GO_BP,,,GO:1902284,neuron projection extension involved in neuron projection guidance,5/1059,21/18860,0.238095238095238,4.24029857457619,3.62368855458121,0.00529135355445498,0.0331542618808735,0.0245311724511853,PLXNA4/CXCL12/SLIT3/SEMA5A/PLXNA3,5
GO_BP,,,GO:1904889,regulation of excitatory synapse assembly,5/1059,21/18860,0.238095238095238,4.24029857457619,3.62368855458121,0.00529135355445498,0.0331542618808735,0.0245311724511853,PTPRS/PTPN13/PRICKLE1/FGFR1/LRFN4,5
GO_BP,,,GO:2000193,positive regulation of fatty acid transport,5/1059,21/18860,0.238095238095238,4.24029857457619,3.62368855458121,0.00529135355445498,0.0331542618808735,0.0245311724511853,PTGES/PLA2R1/PLA2G4A/NTSR1/EDN1,5
GO_BP,,,GO:0006584,catecholamine metabolic process,9/1059,59/18860,0.152542372881356,2.71666586642339,3.22111635693186,0.00535016364374316,0.0334385227733948,0.0247414999499733,HAND2/MOXD1/GRIN2A/MDGA1/TGFB2/SNCAIP/SLC6A3/SNCA/RNF180,9
GO_BP,,,GO:0009712,catechol-containing compound metabolic process,9/1059,59/18860,0.152542372881356,2.71666586642339,3.22111635693186,0.00535016364374316,0.0334385227733948,0.0247414999499733,HAND2/MOXD1/GRIN2A/MDGA1/TGFB2/SNCAIP/SLC6A3/SNCA/RNF180,9
GO_BP,,,GO:0034764,positive regulation of transmembrane transport,20/1059,191/18860,0.104712041884817,1.86484335216964,2.93007486827585,0.00544456044975627,0.0339175258248374,0.0250959191345054,FXYD2/WNK2/CFTR/TESC/KCNH2/GAL/F2RL3/STK39/APLNR/BDKRB1/NR4A3/SNCA/ATP1B2/HAP1/LRRC55/NTSR1/JPH2/HEPH/KCNQ1/EDN1,20
GO_BP,,,GO:0032602,chemokine production,13/1059,104/18860,0.125,2.2261567516525,3.05828293704246,0.00544725691136584,0.0339175258248374,0.0250959191345054,CXCL6/POSTN/F2RL1/TRPV4/IL6/IL1RL1/APOD/IL33/TWIST1/EGR1/KLF4/GSTP1/TGFB1,13
GO_BP,,,GO:0032642,regulation of chemokine production,13/1059,104/18860,0.125,2.2261567516525,3.05828293704246,0.00544725691136584,0.0339175258248374,0.0250959191345054,CXCL6/POSTN/F2RL1/TRPV4/IL6/IL1RL1/APOD/IL33/TWIST1/EGR1/KLF4/GSTP1/TGFB1,13
GO_BP,,,GO:0050974,detection of mechanical stimulus involved in sensory perception,7/1059,39/18860,0.17948717948718,3.19653277160359,3.34914348082339,0.00547016229376975,0.0339327399145941,0.0251071761928243,COL11A1/SERPINE2/KCNK2/CXCL12/KIT/TRPA1/KCNQ1,7
GO_BP,,,GO:0051955,regulation of amino acid transport,7/1059,39/18860,0.17948717948718,3.19653277160359,3.34914348082339,0.00547016229376975,0.0339327399145941,0.0251071761928243,ADORA1/RGS4/GABBR1/SNCA/SLC12A2/NPY5R/NTSR1,7
GO_BP,,,GO:1904994,regulation of leukocyte adhesion to vascular endothelial cell,7/1059,39/18860,0.17948717948718,3.19653277160359,3.34914348082339,0.00547016229376975,0.0339327399145941,0.0251071761928243,CCL21/CHST4/SELP/CXCL12/IL6/FUT4/KLF4,7
GO_BP,,,GO:0022600,digestive system process,14/1059,116/18860,0.120689655172414,2.14939272573345,3.028666203065,0.0054965628588109,0.0340540475997313,0.0251969329714383,HAMP/MUC6/TFF1/SLC5A1/SOX9/ADRA2A/TFF3/STK39/PTGER3/AQP1/HRH2/HEPH/NEGR1/KCNQ1,14
GO_BP,,,GO:1902041,regulation of extrinsic apoptotic signaling pathway via death domain receptors,8/1059,49/18860,0.163265306122449,2.90763330828082,3.2611599890413,0.00556921077740983,0.0344612234049924,0.0254982064527392,SFRP2/HGF/SFRP1/BMPR1B/BMP5/THBS1/LGALS3/FAIM2,8
GO_BP,,,GO:0006865,amino acid transport,18/1059,166/18860,0.108433734939759,1.93112392914434,2.938972503243,0.00567593107730568,0.0350779591423549,0.0259545354394743,SLC1A7/TTYH1/NTRK2/ADORA1/RGS4/KCNK2/SLC6A20/SLC7A1/SLC6A3/GABBR1/SLC7A4/SNCA/SLC12A2/NPY5R/NTSR1/SLC6A17/TRPC4/TTYH2,18
GO_BP,,,GO:0007626,locomotory behavior,22/1059,218/18860,0.100917431192661,1.79726416647175,2.88781488164726,0.00569204637370291,0.0351339090684516,0.0259959333535837,SEZ6L2/GLRB/UCHL1/SNAP25/PPP1R1B/CNTN1/ALDH1A3/ADCY5/APBA2/CXCL12/NPY1R/PLN/KCND2/SLC6A3/EGR1/SNCA/EFNB3/RCAN2/NTSR1/GRIN2D/NEGR1/EN1,22
GO_BP,,,GO:0006024,glycosaminoglycan biosynthetic process,6/1059,30/18860,0.2,3.561850802644,3.42510911253492,0.00574267433408412,0.0351844886848134,0.0260333577214055,B3GAT1/HAS2/HAS1/GALNT5/TGFB1/XYLT1,6
GO_BP,,,GO:0050951,sensory perception of temperature stimulus,6/1059,30/18860,0.2,3.561850802644,3.42510911253492,0.00574267433408412,0.0351844886848134,0.0260333577214055,ADORA1/ADRA2A/CXCL12/NTSR1/TRPA1/EPHB1,6
GO_BP,,,GO:0051491,positive regulation of filopodium assembly,6/1059,30/18860,0.2,3.561850802644,3.42510911253492,0.00574267433408412,0.0351844886848134,0.0260333577214055,CCL21/GPM6A/MYO3A/PALM/NLGN1/DPYSL3,6
GO_BP,,,GO:0060384,innervation,6/1059,30/18860,0.2,3.561850802644,3.42510911253492,0.00574267433408412,0.0351844886848134,0.0260333577214055,GABRB3/SULF1/SERPINE2/NPTX1/SULF2/EDN1,6
GO_BP,,,GO:0099623,regulation of cardiac muscle cell membrane repolarization,6/1059,30/18860,0.2,3.561850802644,3.42510911253492,0.00574267433408412,0.0351844886848134,0.0260333577214055,KCNH2/CACNA1D/KCNE4/KCNA5/KCNQ1/GJA5,6
GO_BP,,,GO:1901381,positive regulation of potassium ion transmembrane transport,6/1059,30/18860,0.2,3.561850802644,3.42510911253492,0.00574267433408412,0.0351844886848134,0.0260333577214055,KCNH2/GAL/STK39/ATP1B2/LRRC55/KCNQ1,6
GO_BP,,,GO:0099173,postsynapse organization,24/1059,245/18860,0.0979591836734694,1.74457998496849,2.86119850798124,0.0057886266308977,0.0354224077351981,0.0262093964242238,CTNND2/GLRB/GRID1/PTPRS/CHRDL1/CSMD2/EPHB3/NPTX1/PRICKLE1/IGF1R/ITGA3/NEFL/CRMP1/MARK1/GAP43/TANC2/FGFR1/DBN1/NLGN1/NTRK3/TMEM108/ZDHHC15/LRFN4/EPHB1,24
GO_BP,,,GO:0050886,endocrine process,13/1059,105/18860,0.123809523809524,2.20495525877962,3.01989711295585,0.00590634308802946,0.0360983499544798,0.0267095328835368,TRPV6/INHA/F2RL1/GAL/C1QTNF1/PCSK5/OXTR/AQP1/FGFR1/TACR2/KCNQ1/EDN1/GJA5,13
GO_BP,,,GO:0031960,response to corticosteroid,17/1059,154/18860,0.11038961038961,1.96595661184896,2.93570643736343,0.00591920004691291,0.0361325401636708,0.0267348305638417,PTGDS/PDX1/SSTR5/WNT7B/FOSB/IL6/STK39/FOS/NEFL/PTPRU/SLIT3/AQP1/ABCA3/GSTP1/NTRK3/EDN1/TGFB1,17
GO_BP,,,GO:0006887,exocytosis,33/1059,370/18860,0.0891891891891892,1.58839292550341,2.78794986090166,0.00595925747529,0.0363324827690781,0.0268827701123441,PTGDS/CFTR/SYT13/RAB25/SYT3/SNAP25/TRPV6/F2RL1/NKD2/BRSK2/ADRA2A/ANXA3/WIPF3/UNC13A/ABCC4/FCER1A/SCIN/RAB27B/SYN1/RAB3D/SYT2/NR4A3/SNCA/SCRN1/HAP1/SV2A/FES/KIT/FOXF1/NLGN1/ABCA12/SNPH/BRSK1,33
GO_BP,,,GO:0060135,maternal process involved in female pregnancy,9/1059,60/18860,0.15,2.671388101983,3.16270814499385,0.00598834908848269,0.0364651612181168,0.0269809402337486,WNT4/PTGIS/PGR/LDOC1/PTN/PTGS2/ITGA3/STC2/TPPP3,9
GO_BP,,,GO:0045682,regulation of epidermis development,10/1059,71/18860,0.140845070422535,2.50834563566479,3.10572731979305,0.00609650754521822,0.0370783924663333,0.0274346762136509,ESRP1/ETV4/SFRP4/OVOL2/TFAP2C/PKP1/FOXC1/DLL1/ABCA12/MSX2,10
GO_BP,,,GO:0048145,regulation of fibroblast proliferation,12/1059,94/18860,0.127659574468085,2.2735217889217,3.01904482213854,0.00627697304087231,0.0376313011293974,0.0278437789049463,PDGFRA/EREG/WNT2/NGFR/FBLN1/SFRP1/AQP1/GSTP1/PDGFA/PDGFD/TGFB1/DACH1,12
GO_BP,,,GO:0007567,parturition,4/1059,14/18860,0.285714285714286,5.08835828949143,3.73240260195414,0.00628703212091403,0.0376313011293974,0.0278437789049463,MMP2/LDOC1/OXTR/EDN1,4
GO_BP,,,GO:0008212,mineralocorticoid metabolic process,4/1059,14/18860,0.285714285714286,5.08835828949143,3.73240260195414,0.00628703212091403,0.0376313011293974,0.0278437789049463,WNT4/CACNA1H/BMP5/DKK3,4
GO_BP,,,GO:0009214,cyclic nucleotide catabolic process,4/1059,14/18860,0.285714285714286,5.08835828949143,3.73240260195414,0.00628703212091403,0.0376313011293974,0.0278437789049463,PDE9A/PDE1A/PDE10A/PDE4A,4
GO_BP,,,GO:0034650,cortisol metabolic process,4/1059,14/18860,0.285714285714286,5.08835828949143,3.73240260195414,0.00628703212091403,0.0376313011293974,0.0278437789049463,WNT4/CACNA1H/BMP5/DKK3,4
GO_BP,,,GO:0035865,cellular response to potassium ion,4/1059,14/18860,0.285714285714286,5.08835828949143,3.73240260195414,0.00628703212091403,0.0376313011293974,0.0278437789049463,CACNA1H/NPTX1/STK39/SLC12A2,4
GO_BP,,,GO:0051956,negative regulation of amino acid transport,4/1059,14/18860,0.285714285714286,5.08835828949143,3.73240260195414,0.00628703212091403,0.0376313011293974,0.0278437789049463,ADORA1/RGS4/GABBR1/NPY5R,4
GO_BP,,,GO:0061029,eyelid development in camera-type eye,4/1059,14/18860,0.285714285714286,5.08835828949143,3.73240260195414,0.00628703212091403,0.0376313011293974,0.0278437789049463,STRA6/PRICKLE1/SOX11/TWIST1,4
GO_BP,,,GO:0061469,regulation of type B pancreatic cell proliferation,4/1059,14/18860,0.285714285714286,5.08835828949143,3.73240260195414,0.00628703212091403,0.0376313011293974,0.0278437789049463,PDX1/SGPP2/NR4A3/NR4A1,4
GO_BP,,,GO:0072075,metanephric mesenchyme development,4/1059,14/18860,0.285714285714286,5.08835828949143,3.73240260195414,0.00628703212091403,0.0376313011293974,0.0278437789049463,WNT4/BMP7/OSR1/TCF21,4
GO_BP,,,GO:1901016,regulation of potassium ion transmembrane transporter activity,4/1059,14/18860,0.285714285714286,5.08835828949143,3.73240260195414,0.00628703212091403,0.0376313011293974,0.0278437789049463,ANK3/GAL/LRRC55/KCNQ1,4
GO_BP,,,GO:0045933,positive regulation of muscle contraction,8/1059,50/18860,0.16,2.8494806421152,3.19393081640057,0.0063112810232776,0.0376313011293974,0.0278437789049463,TRPV4/NPNT/MYOCD/KIT/CACNA1C/TACR2/KCNQ1/EDN1,8
GO_BP,,,GO:0002691,regulation of cellular extravasation,7/1059,40/18860,0.175,3.1166194523135,3.26849691528559,0.00631600732523554,0.0376313011293974,0.0278437789049463,CCL21/CHST4/SELP/CXCL12/FUT4/BST1/PDGFD,7
GO_BP,,,GO:0031076,embryonic camera-type eye development,7/1059,40/18860,0.175,3.1166194523135,3.26849691528559,0.00631600732523554,0.0376313011293974,0.0278437789049463,BMP7/ALDH1A3/STRA6/ALDH1A2/SOX11/FOXF2/TWIST1,7
GO_BP,,,GO:0034110,regulation of homotypic cell-cell adhesion,7/1059,40/18860,0.175,3.1166194523135,3.26849691528559,0.00631600732523554,0.0376313011293974,0.0278437789049463,PDPN/SERPINE2/ANK3/C1QTNF1/EMILIN1/IL6/MMRN1,7
GO_BP,,,GO:0035136,forelimb morphogenesis,7/1059,40/18860,0.175,3.1166194523135,3.26849691528559,0.00631600732523554,0.0376313011293974,0.0278437789049463,OSR1/ALDH1A2/CRABP2/TWIST1/CACNA1C/MSX2/EN1,7
GO_BP,,,GO:0070633,transepithelial transport,7/1059,40/18860,0.175,3.1166194523135,3.26849691528559,0.00631600732523554,0.0376313011293974,0.0278437789049463,CFTR/SLC5A1/PKP1/PRKD1/AQP1/SLC12A2/EDN1,7
GO_BP,,,GO:0061351,neural precursor cell proliferation,18/1059,168/18860,0.107142857142857,1.90813435855929,2.88377898113466,0.0064185111292718,0.0381962833350804,0.028261814932087,FGFR2/SPINT1/SPINT2/HHIP/PDE9A/WNT2/PTN/ID4/DAGLA/LHX2/SMARCD3/PTPRZ1/FGFR1/DBN1/NTRK3/EPHB1/TGFB1/GLI3,18
GO_BP,,,GO:0006700,C21-steroid hormone biosynthetic process,5/1059,22/18860,0.227272727272727,4.04755773027728,3.48843789510083,0.00653608908271441,0.038527302353678,0.0285067392395264,WNT4/CACNA1H/BMP5/DKK3/EGR1,5
GO_BP,,,GO:0042474,middle ear morphogenesis,5/1059,22/18860,0.227272727272727,4.04755773027728,3.48843789510083,0.00653608908271441,0.038527302353678,0.0285067392395264,OSR1/TBX1/PRRX1/FGFR1/EDN1,5
GO_BP,,,GO:0046885,regulation of hormone biosynthetic process,5/1059,22/18860,0.227272727272727,4.04755773027728,3.48843789510083,0.00653608908271441,0.038527302353678,0.0285067392395264,WNT4/BMP5/DKK3/EGR1/STC2,5
GO_BP,,,GO:0048670,regulation of collateral sprouting,5/1059,22/18860,0.227272727272727,4.04755773027728,3.48843789510083,0.00653608908271441,0.038527302353678,0.0285067392395264,PTPRS/BCL11A/CRABP2/ULK2/BDNF,5
GO_BP,,,GO:0070166,enamel mineralization,5/1059,22/18860,0.227272727272727,4.04755773027728,3.48843789510083,0.00653608908271441,0.038527302353678,0.0285067392395264,CFTR/ITGB6/TBX1/MSX2/TGFB1,5
GO_BP,,,GO:0072234,metanephric nephron tubule development,5/1059,22/18860,0.227272727272727,4.04755773027728,3.48843789510083,0.00653608908271441,0.038527302353678,0.0285067392395264,WNT7B/SOX9/OSR1/AQP1/SOX8,5
GO_BP,,,GO:0072574,hepatocyte proliferation,5/1059,22/18860,0.227272727272727,4.04755773027728,3.48843789510083,0.00653608908271441,0.038527302353678,0.0285067392395264,TGFA/PTN/IL6/SULF2/GLI1,5
GO_BP,,,GO:0072575,epithelial cell proliferation involved in liver morphogenesis,5/1059,22/18860,0.227272727272727,4.04755773027728,3.48843789510083,0.00653608908271441,0.038527302353678,0.0285067392395264,TGFA/PTN/IL6/SULF2/GLI1,5
GO_BP,,,GO:0030166,proteoglycan biosynthetic process,11/1059,83/18860,0.132530120481928,2.3602625800653,3.02924084707332,0.00657087707760861,0.0386865248060389,0.028624549536465,B3GNT3/B3GAT1/VANGL2/CHST8/GALNT3/BMPR1B/DSEL/FOXL1/CHST1/CHST6/XYLT1,11
GO_BP,,,GO:0016485,protein processing,24/1059,248/18860,0.0967741935483871,1.72347619482774,2.79729761090282,0.00671201044273229,0.0394707469888808,0.0292048034319209,COMP/ECEL1/CPZ/NKD2/SPON1/GGT1/FCN3/SERPINE2/BACE2/ADAMTS2/MBOAT4/CCBE1/ADAMTS3/GAS1/TMPRSS4/F3/THBS1/PCSK5/MMP16/PLAT/DYNC2H1/DHH/KLK13/GLI3,24
GO_BP,,,GO:0060042,retina morphogenesis in camera-type eye,10/1059,72/18860,0.138888888888889,2.47350750183611,3.05536735369584,0.00673293496123008,0.0395470500969535,0.0292612608704674,PROM1/NTRK2/SAMD11/SDK1/SDK2/SOX9/DIO3/DLL1/FAT3/SOX8,10
GO_BP,,,GO:0001958,endochondral ossification,6/1059,31/18860,0.193548387096774,3.44695238965549,3.32566001435031,0.00678921319794389,0.0396435864551301,0.0293326890946501,COL1A1/TMEM119/GALNT3/FOXC1/COL13A1/MMP16,6
GO_BP,,,GO:0021602,cranial nerve morphogenesis,6/1059,31/18860,0.193548387096774,3.44695238965549,3.32566001435031,0.00678921319794389,0.0396435864551301,0.0293326890946501,PLXNA4/TBX1/EGR2/PLXNA3/EPHB1/GLI3,6
GO_BP,,,GO:0036075,replacement ossification,6/1059,31/18860,0.193548387096774,3.44695238965549,3.32566001435031,0.00678921319794389,0.0396435864551301,0.0293326890946501,COL1A1/TMEM119/GALNT3/FOXC1/COL13A1/MMP16,6
GO_BP,,,GO:0090330,regulation of platelet aggregation,6/1059,31/18860,0.193548387096774,3.44695238965549,3.32566001435031,0.00678921319794389,0.0396435864551301,0.0293326890946501,PDPN/SERPINE2/C1QTNF1/EMILIN1/IL6/MMRN1,6
GO_BP,,,GO:2000191,regulation of fatty acid transport,6/1059,31/18860,0.193548387096774,3.44695238965549,3.32566001435031,0.00678921319794389,0.0396435864551301,0.0293326890946501,PTGES/PLA2R1/THBS1/PLA2G4A/NTSR1/EDN1,6
GO_BP,,,GO:0006942,regulation of striated muscle contraction,13/1059,107/18860,0.121495327102804,2.16374114179309,2.94440814524835,0.00691687047167562,0.0403416536888467,0.0298491960750906,JPH1/ADORA1/RYR2/TRPV4/PLN/HCN4/PRKD1/MYL3/JPH2/CACNA1C/KCNQ1/GJA5/JPH3,13
GO_BP,,,GO:0048813,dendrite morphogenesis,16/1059,144/18860,0.111111111111111,1.97880600146889,2.8757853139738,0.00700041111582141,0.04078108349088,0.030174334613617,CTNND2/KNDC1/DCDC2/VLDLR/EPHB3/TPBG/OBSL1/TNIK/PTN/MAP6/TANC2/DBN1/NLGN1/ZDHHC15/EPHB1/NFATC4,16
GO_BP,,,GO:0030534,adult behavior,17/1059,157/18860,0.10828025477707,1.92839056194102,2.84911524298821,0.00715813962521606,0.0416511633163157,0.0308181154439896,SEZ6L2/GLRB/UCHL1/PPP1R1B/SDK1/NRXN3/FOSB/CXCL12/ATP6V1B1/NR4A3/CHRNA5/SNCA/EFNB3/RNF180/NTSR1/GRIN2D/EN1,17
GO_BP,,,GO:0120034,positive regulation of plasma membrane bounded cell projection assembly,14/1059,120/18860,0.116666666666667,2.07774630154234,2.88873352174647,0.00739811873473371,0.0429972438146031,0.0318140939687208,CCL21/F2RL1/EPS8L1/LPAR1/GPM6A/TNIK/DZIP1/MYO3A/HAP1/PALM/KIT/NLGN1/PLCE1/DPYSL3,14
GO_BP,,,GO:0001541,ovarian follicle development,9/1059,62/18860,0.145161290322581,2.58521429224162,3.04939098183331,0.00743907945524234,0.0431848544805492,0.0319529089909506,EREG/INHA/MMP2/TNFAIP6/BMPR1B/PTX3/FOXC1/PCYT1B/KIT,9
GO_BP,,,GO:0038127,ERBB signaling pathway,16/1059,145/18860,0.110344827586207,1.96515906352773,2.84559499929418,0.0074712176409881,0.0433208715197154,0.0320535493688325,EFEMP1/EREG/SOX9/PTK6/ADRA2A/TGFA/GPRC5A/NRG3/PRICKLE1/FAM83B/ANTXR1/HAP1/PTPRR/PLCE1/NCK2/TGFB1,16
GO_BP,,,GO:0048771,tissue remodeling,20/1059,197/18860,0.101522842639594,1.80804609271269,2.78076078225119,0.00762133600250967,0.0441398680005653,0.0326595331177946,GREM1/HAND2/SEMA3C/CTHRC1/RSPO3/TMEM119/SFRP1/TIMP1/MMP2/PTN/IL6/PTH1R/RAB3D/TGFB2/BGN/IGFBP5/FOXC1/CTSK/GJA5/TGFB1,20
GO_BP,,,GO:0015833,peptide transport,27/1059,292/18860,0.0924657534246575,1.64674609026349,2.71661305989406,0.0076680104813579,0.0443579480299672,0.032820892729076,MMP7/PDX1/CFTR/SNAP25/SSTR5/CDH17/F2RL1/ADORA1/TRPV4/BRSK2/ADRA2A/ADCY5/F2RL2/ABCC4/GAL/KCNJ11/IL6/PRKD1/GABBR1/GIPR/AQP1/KCNA5/ABCA12/TACR2/BMP8A/TRPA1/EDN1,27
GO_BP,,,GO:0019730,antimicrobial humoral response,19/1059,184/18860,0.103260869565217,1.83899905571294,2.78941775633951,0.00767682276458327,0.0443579480299672,0.032820892729076,HAMP/MMP7/CXCL6/DEFB1/WFDC2/CCL21/CXCL5/CXCL1/PI3/CXCL14/LTF/PF4V1/COLEC11/CXCL12/CXCL3/CCL11/CCL26/LGALS3/CCL2,19
GO_BP,,,GO:0034766,negative regulation of monoatomic ion transmembrane transport,11/1059,85/18860,0.129411764705882,2.30472698994612,2.94052073827724,0.0078494314270709,0.0452501985511909,0.0334810778806696,HAMP/KCNH2/GPR35/ANK3/RGS4/OSR1/STK39/PLN/NTSR1/KCNQ1/TGFB1,11
GO_BP,,,GO:0051149,positive regulation of muscle cell differentiation,11/1059,85/18860,0.129411764705882,2.30472698994612,2.94052073827724,0.0078494314270709,0.0452501985511909,0.0334810778806696,LAMA2/CYP26B1/LAMA1/TBX1/PRKD1/MYOCD/SMARCD3/MAPK12/KIT/EDN1/TGFB1,11
GO_BP,,,GO:0022037,metencephalon development,14/1059,121/18860,0.115702479338843,2.0605748445048,2.85460427442678,0.00794691633107882,0.0454842354240396,0.0336542441212095,KNDC1/SEZ6L2/GABRB3/PTPRS/CNTN1/SERPINE2/LPAR1/GLI2/FOXC1/FAIM2/HAP1/DLL1/GLI1/EN1,14
GO_BP,,,GO:0033559,unsaturated fatty acid metabolic process,14/1059,121/18860,0.115702479338843,2.0605748445048,2.85460427442678,0.00794691633107882,0.0454842354240396,0.0336542441212095,PTGDS/ELOVL7/PTGES/PTGIS/CTHRC1/SCD5/CYP1B1/ATP6V1B1/DAGLA/PTGS2/PLA2G4F/PLA2G4A/GSTP1/EDN1,14
GO_BP,,,GO:0010039,response to iron ion,6/1059,32/18860,0.1875,3.33923512747875,3.23021836203637,0.00796722730907998,0.0454842354240396,0.0336542441212095,HAMP/PDX1/TFF1/SLC6A3/SNCA/CYBRD1,6
GO_BP,,,GO:0045742,positive regulation of epidermal growth factor receptor signaling pathway,6/1059,32/18860,0.1875,3.33923512747875,3.23021836203637,0.00796722730907998,0.0454842354240396,0.0336542441212095,PTK6/ADRA2A/FAM83B/ANTXR1/HAP1/TGFB1,6
GO_BP,,,GO:0098719,sodium ion import across plasma membrane,6/1059,32/18860,0.1875,3.33923512747875,3.23021836203637,0.00796722730907998,0.0454842354240396,0.0336542441212095,SLC5A1/SLC9A3/STK39/HCN4/SLC12A2/SLC9A2,6
GO_BP,,,GO:1905606,regulation of presynapse assembly,6/1059,32/18860,0.1875,3.33923512747875,3.23021836203637,0.00796722730907998,0.0454842354240396,0.0336542441212095,GPC4/MDGA1/SNCA/NTRK3/LRFN4/IGSF11,6
GO_BP,,,GO:0002689,negative regulation of leukocyte chemotaxis,5/1059,23/18860,0.217391304347826,3.87157695939566,3.36096213258128,0.00797231221904774,0.0454842354240396,0.0336542441212095,GREM1/TNFAIP6/MMP28/CCL2/NBL1,5
GO_BP,,,GO:0072273,metanephric nephron morphogenesis,5/1059,23/18860,0.217391304347826,3.87157695939566,3.36096213258128,0.00797231221904774,0.0454842354240396,0.0336542441212095,WNT4/GREM1/SOX9/KIF26B/SOX8,5
GO_BP,,,GO:2001014,regulation of skeletal muscle cell differentiation,5/1059,23/18860,0.217391304347826,3.87157695939566,3.36096213258128,0.00797231221904774,0.0454842354240396,0.0336542441212095,CYP26B1/TBX1/GPC1/MYOCD/EPHB1,5
GO_BP,,,GO:0140353,lipid export from cell,8/1059,52/18860,0.153846153846154,2.73988523280308,3.06433383183108,0.00801744240268841,0.045637043424914,0.0337673083008568,PTGES/ABCC4/GAL/C1QTNF1/PTGS2/PLA2G4A/KCNQ1/EDN1,8
GO_BP,,,GO:2001257,regulation of cation channel activity,8/1059,52/18860,0.153846153846154,2.73988523280308,3.06433383183108,0.00801744240268841,0.045637043424914,0.0337673083008568,GPR35/ANK3/GAL/HAP1/LRRC55/JPH2/KCNQ1/EDN1,8
GO_BP,,,GO:0007193,adenylate cyclase-inhibiting G protein-coupled receptor signaling pathway,12/1059,97/18860,0.123711340206186,2.20320668204784,2.89774438648752,0.00804304343921342,0.0457304469829563,0.0338364185346518,GRM8/ADORA1/ADRA2A/ADCY5/LPAR1/CXCL12/NPY1R/APLNR/GABBR1/S1PR3/PALM/EDN1,12
GO_BP,,,GO:0045123,cellular extravasation,10/1059,74/18860,0.135135135135135,2.40665594773244,2.95713872064218,0.00815924070217615,0.0461844252095561,0.0341723215991151,CCL21/PODXL2/CHST4/SELP/CXCL12/CCL2/FUT4/JAM2/BST1/PDGFD,10
GO_BP,,,GO:0060420,regulation of heart growth,10/1059,74/18860,0.135135135135135,2.40665594773244,2.95713872064218,0.00815924070217615,0.0461844252095561,0.0341723215991151,FGFR2/COL14A1/WNT2/RGS4/KCNK2/GLI1/FGFR1/PI16/ZFPM2/EDN1,10
GO_BP,,,GO:0003198,epithelial to mesenchymal transition involved in endocardial cushion formation,4/1059,15/18860,0.266666666666667,4.74913440352534,3.54293902991169,0.00819715526834936,0.0461844252095561,0.0341723215991151,TGFB2/HEYL/SNAI1/MSX2,4
GO_BP,,,GO:0048820,hair follicle maturation,4/1059,15/18860,0.266666666666667,4.74913440352534,3.54293902991169,0.00819715526834936,0.0461844252095561,0.0341723215991151,GAL/CDH3/TGFB2/MSX2,4
GO_BP,,,GO:0060572,morphogenesis of an epithelial bud,4/1059,15/18860,0.266666666666667,4.74913440352534,3.54293902991169,0.00819715526834936,0.0461844252095561,0.0341723215991151,FGFR2/BMP7/SULF1/WNT2,4
GO_BP,,,GO:0070493,thrombin-activated receptor signaling pathway,4/1059,15/18860,0.266666666666667,4.74913440352534,3.54293902991169,0.00819715526834936,0.0461844252095561,0.0341723215991151,F2RL1/F2RL2/F2RL3/SNCA,4
GO_BP,,,GO:0097152,mesenchymal cell apoptotic process,4/1059,15/18860,0.266666666666667,4.74913440352534,3.54293902991169,0.00819715526834936,0.0461844252095561,0.0341723215991151,BMP7/SOX9/TBX1/MSX2,4
GO_BP,,,GO:2001028,positive regulation of endothelial cell chemotaxis,4/1059,15/18860,0.266666666666667,4.74913440352534,3.54293902991169,0.00819715526834936,0.0461844252095561,0.0341723215991151,SMOC2/PRKD1/SEMA5A/FGFR1,4
GO_BP,,,GO:0002790,peptide secretion,25/1059,266/18860,0.093984962406015,1.67380206891166,2.69942866536874,0.0082425061444762,0.0463874073176121,0.0343225101062554,MMP7/PDX1/CFTR/SNAP25/SSTR5/F2RL1/ADORA1/TRPV4/BRSK2/ADRA2A/ADCY5/F2RL2/GAL/KCNJ11/IL6/PRKD1/GABBR1/GIPR/AQP1/KCNA5/ABCA12/TACR2/BMP8A/TRPA1/EDN1,25
GO_BP,,,GO:0045604,regulation of epidermal cell differentiation,9/1059,63/18860,0.142857142857143,2.54417914474572,2.99439298670214,0.00825804215351953,0.0464223273601804,0.0343483477976305,ESRP1/ETV4/SFRP4/OVOL2/PKP1/FOXC1/DLL1/ABCA12/MSX2,9
GO_BP,,,GO:0032892,positive regulation of organic acid transport,7/1059,42/18860,0.166666666666667,2.96820900220334,3.11454232560202,0.00829451502873857,0.0464698336351063,0.0343834981691546,PTGES/PLA2R1/GABBR1/PLA2G4A/SLC12A2/NTSR1/EDN1,7
GO_BP,,,GO:0060391,positive regulation of SMAD protein signal transduction,7/1059,42/18860,0.166666666666667,2.96820900220334,3.11454232560202,0.00829451502873857,0.0464698336351063,0.0343834981691546,BMP7/GDF2/BMPER/BMP5/TGFB2/GDF6/TGFB1,7
GO_BP,,,GO:0099622,cardiac muscle cell membrane repolarization,7/1059,42/18860,0.166666666666667,2.96820900220334,3.11454232560202,0.00829451502873857,0.0464698336351063,0.0343834981691546,KCNH2/KCNN2/CACNA1D/KCNE4/KCNA5/KCNQ1/GJA5,7
GO_BP,,,GO:0010038,response to metal ion,31/1059,351/18860,0.0883190883190883,1.57289707809066,2.64255355707209,0.00861437612874172,0.048207560450495,0.0356692597504112,HAMP/PDX1/GABRB3/CACNA1H/DPEP1/TFF1/TRPV6/RASAL1/ITPR3/RYR2/FOSB/CPNE7/ANK3/KCNK3/NPTX1/STK39/PLN/FOS/THBS1/SLC6A3/GIPR/SNCA/AQP1/SLC12A2/CRIP1/KIT/NLGN1/CYBRD1/KCNMB4/EDN1/NFATC4,31
GO_BP,,,GO:0032102,negative regulation of response to external stimulus,38/1059,452/18860,0.084070796460177,1.49723816925301,2.60984961785267,0.0086554105411231,0.0483827724068398,0.0357989008424689,SUSD4/WNT4/PDGFRA/GREM1/PTPRS/PTGIS/ADORA1/FAP/SERPINE2/HGF/LTF/MDGA1/TNFAIP6/C1QTNF1/RTN4RL1/MMP28/TEK/THBS1/SLC6A3/WFDC1/CCL2/IL33/ANGPT1/SLC12A2/MMRN1/KLF4/SEMA5A/PLAT/AJAP1/NPY5R/GSTP1/NBL1/METRNL/FOXF1/PLXNA3/PDGFA/EDN1/TGFB1,38
GO_BP,,,GO:0014013,regulation of gliogenesis,13/1059,110/18860,0.118181818181818,2.10473001974418,2.8342422800617,0.00868438694336172,0.0484359025148257,0.0358382123447438,SPINT1/SERPINE2/PTN/IL6/ID4/EGR2/SOX11/IL34/PTPRZ1/NTRK3/NEGR1/SOX8/TGFB1,13
GO_BP,,,GO:0014812,muscle cell migration,13/1059,110/18860,0.118181818181818,2.10473001974418,2.8342422800617,0.00868438694336172,0.0484359025148257,0.0358382123447438,POSTN/LPAR1/HAS2/DDR1/NDRG4/IGFBP5/NR4A3/MYOCD/PLAT/GSTP1/PDGFA/SEMA6D/PDGFD,13
GO_BP,,,GO:0051924,regulation of calcium ion transport,23/1059,240/18860,0.0958333333333333,1.70672017626692,2.68749944342256,0.00878159870287942,0.0489232402540035,0.0361987984487173,GPR35/JPH1/RYR2/ADRA2A/RGS4/ATP2C2/CXCL12/CACNA1D/F2RL3/PLN/APLNR/BDKRB1/PRKD1/LGALS3/CCL2/SNCA/HAP1/NTSR1/JPH2/CACNA1C/STC2/JPH3/TGFB1,23
GO_BP,,,GO:0050954,sensory perception of mechanical stimulus,20/1059,200/18860,0.1,1.780925401322,2.70803228568277,0.00894897423402619,0.0497733344470685,0.0368277917083097,DCDC2/COL11A1/MYO7B/TUB/SERPINE2/COL1A1/COL4A3/KCNK2/CXCL12/CACNA1D/ATP6V1B1/TBX1/MYO3A/CLIC5/FGFR1/KIT/SPNS2/TRPA1/KCNQ1/TMC7,20
GO_BP,,,GO:0030858,positive regulation of epithelial cell differentiation,10/1059,75/18860,0.133333333333333,2.37456720176267,2.90921701741542,0.00895419785530177,0.0497733344470685,0.0368277917083097,PROM1/CD24/ETV4/BMP7/SFRP4/SOX9/GDF2/OVOL2/PKP1/FOXC1,10
GO_BP,,,GO:0071622,regulation of granulocyte chemotaxis,8/1059,53/18860,0.150943396226415,2.68818928501434,3.00181844744493,0.00899005509371234,0.0499168795660925,0.0369340021883365,CCL21/TRPV4/TNFAIP6/THBS1/CCL2/IL34/BST1/EDN1,8
